파일명,라벨,관절0_x,관절0_y,관절0_vis,관절1_x,관절1_y,관절1_vis,관절2_x,관절2_y,관절2_vis,관절3_x,관절3_y,관절3_vis,관절4_x,관절4_y,관절4_vis,관절5_x,관절5_y,관절5_vis,관절6_x,관절6_y,관절6_vis,관절7_x,관절7_y,관절7_vis,관절8_x,관절8_y,관절8_vis,관절9_x,관절9_y,관절9_vis,관절10_x,관절10_y,관절10_vis,관절11_x,관절11_y,관절11_vis,관절12_x,관절12_y,관절12_vis,관절13_x,관절13_y,관절13_vis,관절14_x,관절14_y,관절14_vis,관절15_x,관절15_y,관절15_vis,관절16_x,관절16_y,관절16_vis,관절17_x,관절17_y,관절17_vis,관절18_x,관절18_y,관절18_vis,관절19_x,관절19_y,관절19_vis,관절20_x,관절20_y,관절20_vis,관절21_x,관절21_y,관절21_vis,관절22_x,관절22_y,관절22_vis,관절23_x,관절23_y,관절23_vis,관절24_x,관절24_y,관절24_vis,관절25_x,관절25_y,관절25_vis,관절26_x,관절26_y,관절26_vis,관절27_x,관절27_y,관절27_vis,관절28_x,관절28_y,관절28_vis,관절29_x,관절29_y,관절29_vis,관절30_x,관절30_y,관절30_vis,관절31_x,관절31_y,관절31_vis,관절32_x,관절32_y,관절32_vis
posture(592)_jpg.rf.ivpJIabZtf6aknBsOjRt.jpg,good,0.440138,0.183766,0.999447,0.423901,0.164312,0.999113,0.421513,0.164494,0.999094,0.418227,0.164596,0.99943,0.418561,0.165657,0.999116,0.412768,0.166808,0.998962,0.405843,0.168305,0.99915,0.381051,0.184558,0.99944,0.368009,0.192041,0.998767,0.434951,0.212628,0.998875,0.426422,0.214534,0.99897,0.344193,0.30099,0.999227,0.32162,0.320425,0.999054,0.488384,0.406167,0.302693,0.507532,0.44733,0.979358,0.679347,0.422876,0.452392,0.7242,0.440671,0.958381,0.709133,0.414758,0.452037,0.770843,0.439683,0.926492,0.724191,0.410302,0.471029,0.766658,0.423138,0.923512,0.707782,0.41315,0.460815,0.748119,0.42502,0.897292,0.358467,0.633016,0.992981,0.350159,0.670786,0.993179,0.589344,0.634205,0.172159,0.656481,0.705881,0.83133,0.548191,0.84116,0.147551,0.523907,0.890925,0.654629,0.50975,0.869193,0.21998,0.482953,0.916502,0.662298,0.620849,0.889484,0.195427,0.628914,0.933499,0.630054
istockphoto-527344921-612x612 - Copy (2)_jpg.rf.e9sw4PBLSJ8NRWnIiaiI.jpg,good,0.644316,0.306899,0.999727,0.654396,0.293012,0.999787,0.657976,0.2926,0.99977,0.662096,0.292118,0.999864,0.65078,0.292522,0.999751,0.651763,0.291791,0.999686,0.652907,0.290953,0.999819,0.690511,0.295366,0.999734,0.679974,0.293086,0.999771,0.657261,0.318978,0.999732,0.652148,0.318628,0.999298,0.734099,0.376437,0.999922,0.71806,0.368269,0.998327,0.629492,0.468627,0.988376,0.648609,0.454844,0.053246,0.470668,0.491104,0.979028,0.567864,0.510513,0.045025,0.430518,0.495437,0.969797,0.557328,0.519218,0.058153,0.425514,0.489271,0.969044,0.551837,0.514937,0.056035,0.441127,0.489223,0.950842,0.554917,0.512442,0.056278,0.711222,0.564978,0.999613,0.693147,0.554735,0.998913,0.474729,0.595899,0.959401,0.484513,0.595674,0.408395,0.481811,0.765392,0.977071,0.495459,0.751927,0.474809,0.509117,0.787355,0.96148,0.524167,0.767092,0.544975,0.378816,0.804596,0.968515,0.43944,0.795164,0.53871
posture(541)_jpg.rf.3xm0AVSwMVag0Aro6Xc4.jpg,bad,0.392269,0.219824,0.999851,0.389538,0.190226,0.999892,0.393965,0.18648,0.999887,0.399523,0.182093,0.999911,0.384459,0.194121,0.999909,0.385111,0.193392,0.999912,0.386394,0.192256,0.99993,0.441924,0.163398,0.999881,0.42599,0.17536,0.999906,0.422846,0.229898,0.999845,0.416563,0.234281,0.999736,0.591081,0.227626,0.999841,0.524159,0.276575,0.997016,0.645812,0.447889,0.943841,0.512147,0.471297,0.035835,0.445058,0.419372,0.877786,0.413778,0.423268,0.057509,0.387644,0.431241,0.783452,0.365684,0.42672,0.070826,0.376293,0.399397,0.775835,0.352594,0.412912,0.063349,0.393149,0.393029,0.744278,0.373318,0.411328,0.067096,0.687558,0.572696,0.998356,0.619877,0.569522,0.997216,0.299305,0.59346,0.970004,0.28601,0.577926,0.189291,0.32234,0.889769,0.924468,0.309506,0.872258,0.132134,0.359712,0.944193,0.86701,0.34028,0.920593,0.160954,0.204779,1.009556,0.888439,0.210282,0.991984,0.169952
posture(134)_jpg.rf.zHtHT0t2rPyViro5e9co.jpg,bad,0.430073,0.34557,0.999853,0.438559,0.321645,0.99989,0.443625,0.320401,0.999886,0.449111,0.318845,0.999927,0.433343,0.321649,0.999899,0.434044,0.320768,0.999884,0.43523,0.319631,0.999897,0.484748,0.321276,0.99981,0.472389,0.32088,0.999859,0.450937,0.364139,0.999821,0.444248,0.365774,0.999745,0.562077,0.407851,0.999729,0.51998,0.421021,0.997917,0.4952,0.54964,0.961,0.493843,0.553336,0.014141,0.299137,0.528636,0.918593,0.439386,0.597178,0.013428,0.247765,0.522718,0.894698,0.432093,0.60222,0.022832,0.242983,0.50972,0.887703,0.427166,0.590921,0.021411,0.257042,0.513485,0.864028,0.429197,0.588684,0.023184,0.655669,0.628904,0.999274,0.620542,0.625822,0.997875,0.379337,0.656342,0.960276,0.349534,0.681414,0.268941,0.283385,0.89343,0.954118,0.26047,0.904383,0.352987,0.277978,0.950359,0.932368,0.279234,0.947417,0.395956,0.157188,0.929304,0.92778,0.164394,0.934075,0.381886
d6a87d374f2a1d615f59eed5b6b38df4 - Copy_jpg.rf.mtkBdjM8FXUyoMbzm527.jpg,bad,0.674326,0.286311,0.999843,0.664944,0.262476,0.99993,0.663694,0.261785,0.999926,0.66136,0.260801,0.999949,0.655802,0.261843,0.99988,0.64824,0.261028,0.999853,0.639256,0.260049,0.999897,0.614834,0.264334,0.999954,0.59286,0.26435,0.999835,0.663645,0.306896,0.999874,0.652426,0.304355,0.999885,0.514144,0.349022,0.999579,0.519429,0.355821,0.999869,0.532427,0.490403,0.063078,0.559363,0.547343,0.97546,0.666331,0.452643,0.233427,0.754517,0.473513,0.944316,0.692889,0.441043,0.281353,0.814109,0.466639,0.907638,0.70787,0.432929,0.270314,0.808891,0.447691,0.902704,0.687112,0.437692,0.247468,0.779312,0.444937,0.897087,0.413646,0.587796,0.999723,0.420644,0.605708,0.999713,0.772903,0.603507,0.344328,0.828628,0.626444,0.957782,0.7231,0.82021,0.449598,0.836131,0.862085,0.956143,0.636087,0.834764,0.488603,0.799096,0.902551,0.944103,0.827061,0.882439,0.505153,0.966349,0.902964,0.933779
posture(130)_jpg.rf.5FE9PrYaPRGelRd8CLm0.jpg,bad,0.621605,0.355189,0.999801,0.619018,0.332407,0.999939,0.617505,0.331535,0.99993,0.615801,0.330589,0.999949,0.615758,0.330417,0.99992,0.612291,0.328462,0.999894,0.608091,0.326131,0.999934,0.58508,0.325827,0.999945,0.581184,0.322644,0.999929,0.605235,0.367929,0.99983,0.60157,0.365837,0.999887,0.508198,0.402747,0.999504,0.503632,0.392238,0.999949,0.487435,0.546068,0.027916,0.48057,0.547065,0.868087,0.568933,0.608875,0.028106,0.582008,0.596782,0.517639,0.590489,0.622864,0.033605,0.612341,0.612422,0.457386,0.605924,0.618216,0.033591,0.618151,0.602705,0.454657,0.591161,0.610986,0.036426,0.605493,0.597233,0.435544,0.435028,0.606715,0.999324,0.430409,0.610506,0.99956,0.674447,0.682773,0.231676,0.689896,0.652212,0.928173,0.754459,0.858556,0.233779,0.76044,0.874161,0.86911,0.734313,0.902062,0.293508,0.73992,0.916449,0.839162,0.842905,0.885635,0.29217,0.854842,0.903935,0.823553
ffa92358d37ea94935100c11ffe145126 - Copy_jpg.rf.riNF6PvKhRrd9OmSMU5q.jpg,good,0.347592,0.195288,0.999964,0.333067,0.177593,0.999969,0.331509,0.177402,0.999955,0.329498,0.177279,0.999973,0.326981,0.178953,0.999964,0.320852,0.179658,0.999941,0.314388,0.18037,0.999967,0.297389,0.18964,0.999972,0.276608,0.193856,0.999963,0.341626,0.219468,0.999968,0.333657,0.220702,0.999986,0.249259,0.315596,0.999795,0.241487,0.320625,0.99998,0.324692,0.481033,0.123188,0.313121,0.511218,0.992471,0.473936,0.493541,0.2206,0.53279,0.524208,0.949943,0.532048,0.511776,0.258192,0.584343,0.546566,0.916985,0.535158,0.489385,0.262762,0.597758,0.520419,0.922503,0.516898,0.48607,0.262615,0.576489,0.509031,0.92481,0.320912,0.597436,0.997913,0.305847,0.619024,0.999097,0.631482,0.570914,0.21209,0.687122,0.619953,0.944058,0.671537,0.787053,0.24198,0.71574,0.870864,0.942973,0.634399,0.823448,0.350303,0.680068,0.90557,0.923027,0.779122,0.852001,0.294578,0.827775,0.913044,0.910771
posture(496)_jpg.rf.BFG36bBAsEflveutz1F4.jpg,good,0.506475,0.159271,0.997304,0.503031,0.138921,0.99549,0.501383,0.137716,0.995048,0.498997,0.136288,0.997281,0.498733,0.13796,0.996719,0.493835,0.135944,0.996279,0.488793,0.133741,0.997061,0.460043,0.131872,0.997509,0.456459,0.13106,0.995588,0.491318,0.176839,0.994101,0.4862,0.175197,0.996215,0.397938,0.232041,0.998919,0.393683,0.24082,0.999175,0.488793,0.346259,0.124033,0.489413,0.369383,0.963517,0.598037,0.377582,0.194774,0.637801,0.375424,0.947657,0.634725,0.377012,0.269995,0.681047,0.380488,0.935057,0.638237,0.36869,0.286896,0.675682,0.368185,0.933902,0.636609,0.381443,0.29225,0.660831,0.367691,0.898152,0.380401,0.483917,0.992448,0.378451,0.504193,0.99183,0.564749,0.528763,0.087225,0.608674,0.547349,0.890098,0.444365,0.661445,0.134528,0.458312,0.69496,0.854606,0.405205,0.670645,0.265057,0.418599,0.702118,0.902543,0.471215,0.721218,0.211647,0.507304,0.7469,0.80429
posture(177)_jpg.rf.COgywNqRRxmyRHx1yn42.jpg,good,0.438999,0.340923,0.986555,0.452735,0.317551,0.990459,0.457861,0.316462,0.990349,0.463601,0.315586,0.992575,0.447484,0.318382,0.98984,0.449798,0.317398,0.990341,0.451999,0.316547,0.99448,0.497253,0.324205,0.987234,0.487146,0.32284,0.996315,0.453408,0.362423,0.993779,0.449019,0.362216,0.987669,0.516095,0.423223,0.99808,0.553826,0.411734,0.992017,0.386394,0.547208,0.978581,0.496813,0.530338,0.037019,0.218537,0.555068,0.959123,0.374341,0.58364,0.042167,0.172235,0.550897,0.94681,0.356132,0.577965,0.06973,0.167877,0.538436,0.946256,0.343337,0.572945,0.068076,0.180845,0.539549,0.925649,0.34854,0.578374,0.077241,0.530945,0.675785,0.995627,0.575357,0.657789,0.982735,0.311665,0.687265,0.885564,0.374701,0.710577,0.1576,0.318346,0.907898,0.816177,0.377356,0.897522,0.183101,0.343318,0.943597,0.801207,0.403023,0.930018,0.29631,0.214082,0.935106,0.663761,0.311168,0.932272,0.232809
posture(369)_jpg.rf.6hyLlZaihfi85nEYmkuh.jpg,good,0.617341,0.275575,0.999294,0.621625,0.261859,0.999537,0.623765,0.261052,0.999478,0.626031,0.260108,0.999632,0.620583,0.261984,0.999514,0.621749,0.261412,0.999439,0.623113,0.26059,0.999669,0.643952,0.260879,0.999514,0.641248,0.260362,0.99937,0.627646,0.286573,0.999488,0.625781,0.28683,0.999112,0.664451,0.326719,0.999694,0.672162,0.328965,0.999328,0.646938,0.435331,0.918855,0.655092,0.426998,0.058895,0.575571,0.430031,0.6918,0.581086,0.427191,0.078264,0.555201,0.432543,0.646167,0.561157,0.428281,0.107416,0.552719,0.421726,0.650958,0.556904,0.419518,0.112442,0.561993,0.420642,0.564133,0.564195,0.418755,0.117416,0.670317,0.511335,0.999468,0.679245,0.505328,0.998833,0.54398,0.550047,0.981191,0.569312,0.546085,0.496534,0.566587,0.698041,0.99514,0.639107,0.653739,0.713603,0.579717,0.718721,0.988054,0.659739,0.665609,0.756022,0.511674,0.725099,0.992965,0.609611,0.689165,0.76821
posture(811)_jpg.rf.FpJyREsk6UsyKLvocw2u.jpg,good,0.544389,0.392394,0.999446,0.527585,0.371398,0.999732,0.52613,0.370691,0.999636,0.524032,0.370168,0.999783,0.524139,0.373015,0.999692,0.520279,0.373614,0.99954,0.515193,0.37456,0.999712,0.491241,0.383407,0.999857,0.484549,0.390575,0.999653,0.542795,0.415134,0.999582,0.537939,0.417659,0.999659,0.442597,0.495083,0.999407,0.532778,0.497635,0.999794,0.541122,0.598767,0.02134,0.663249,0.635244,0.920774,0.681885,0.608821,0.068956,0.796928,0.60595,0.902273,0.69856,0.592655,0.11155,0.840914,0.601341,0.880288,0.711172,0.579083,0.114866,0.830951,0.579126,0.877862,0.700159,0.590558,0.108845,0.815834,0.578137,0.842256,0.513156,0.752721,0.998724,0.556874,0.78366,0.99927,0.689013,0.661273,0.140533,0.782459,0.708689,0.824232,0.690792,0.849296,0.161535,0.73279,0.895185,0.674119,0.665716,0.882439,0.213429,0.698237,0.92914,0.681292,0.757549,0.879947,0.235288,0.803411,0.933862,0.639233
sipotion_1749658646618_leaning_forward_0_44_jpg.rf.1IaX6973JavStBqL948U.jpg,bad,0.477061,0.261542,0.99871,0.49228,0.245061,0.999149,0.494813,0.24636,0.999115,0.497259,0.247983,0.999357,0.492608,0.242975,0.998903,0.4954,0.242772,0.998854,0.498051,0.242888,0.999261,0.52983,0.268273,0.999006,0.52794,0.262444,0.999271,0.483081,0.29022,0.999428,0.48357,0.287,0.999049,0.532041,0.423524,0.999022,0.586043,0.371355,0.997271,0.45395,0.629202,0.828591,0.549642,0.524264,0.025949,0.377909,0.549249,0.760109,0.452312,0.543228,0.023787,0.364254,0.537116,0.762423,0.436653,0.540844,0.042791,0.386102,0.506325,0.770021,0.426531,0.533102,0.046253,0.387274,0.50569,0.747442,0.430377,0.538892,0.052421,0.583527,0.727957,0.996156,0.60954,0.686598,0.989186,0.351799,0.73333,0.878093,0.412423,0.7153,0.157343,0.314445,0.952562,0.707685,0.344949,0.879677,0.153886,0.33681,1.006027,0.700301,0.381119,0.935195,0.290467,0.199518,0.941337,0.643871,0.261135,0.894045,0.264683
posture(214)_jpg.rf.GLkczpmp6bFWyRoJRJDT.jpg,good,0.448733,0.219462,0.999945,0.456495,0.196621,0.999962,0.460644,0.195533,0.999956,0.464589,0.194546,0.99995,0.450839,0.194729,0.999962,0.44986,0.193622,0.999957,0.449813,0.192294,0.999957,0.488066,0.197713,0.999974,0.472056,0.19614,0.999957,0.461991,0.237376,0.999967,0.453542,0.23846,0.999932,0.549549,0.308462,0.999938,0.47898,0.300912,0.999716,0.478102,0.487214,0.953409,0.444378,0.4501,0.313767,0.364456,0.496178,0.810357,0.403479,0.418836,0.390962,0.333821,0.50165,0.745455,0.393519,0.411378,0.387694,0.328056,0.491198,0.747452,0.395318,0.392506,0.35911,0.338679,0.488926,0.693963,0.405031,0.396506,0.332061,0.537262,0.580207,0.999751,0.487077,0.565381,0.999586,0.338099,0.704513,0.720008,0.320029,0.666619,0.198489,0.323828,0.924845,0.818227,0.31927,0.876288,0.158514,0.34719,0.967415,0.856174,0.343351,0.911545,0.325677,0.210677,0.950832,0.823539,0.220078,0.925171,0.223961
posture(289)_jpg.rf.qtyWkbZr8Kv0laiKesEo.jpg,bad,0.262049,0.185991,0.999464,0.242617,0.160667,0.999281,0.243843,0.154788,0.999386,0.245219,0.148682,0.999409,0.241288,0.167195,0.998723,0.241355,0.166025,0.998811,0.241345,0.164371,0.999292,0.270458,0.106537,0.99928,0.261268,0.126499,0.999583,0.291616,0.177424,0.999481,0.289263,0.186041,0.998819,0.423901,0.110046,0.999802,0.37385,0.156264,0.999393,0.498439,0.395382,0.977117,0.423474,0.378783,0.35287,0.452032,0.633999,0.889726,0.444148,0.597982,0.274724,0.458787,0.688909,0.844212,0.437974,0.630371,0.28181,0.444914,0.695263,0.847168,0.439277,0.635816,0.27785,0.452533,0.668013,0.824196,0.450834,0.638519,0.307524,0.695872,0.353414,0.999807,0.638819,0.359498,0.999244,0.720937,0.749452,0.96104,0.635707,0.665992,0.230099,0.911629,0.643685,0.854952,0.804269,0.665355,0.081155,0.921506,0.602483,0.863838,0.834515,0.641883,0.151532,0.969911,0.701811,0.726859,0.844326,0.737906,0.109589
posture(847)_jpg.rf.6pfuSsdXBd3GR2CCkA2H.jpg,bad,0.462341,0.346818,0.99369,0.482512,0.329555,0.995557,0.488431,0.330074,0.995741,0.494334,0.330888,0.996824,0.476241,0.329206,0.996059,0.47785,0.329493,0.996049,0.480023,0.329742,0.996758,0.523296,0.343294,0.99347,0.513137,0.340569,0.996665,0.475293,0.368513,0.993483,0.4698,0.368012,0.993864,0.513109,0.447396,0.998533,0.576502,0.410649,0.997478,0.384869,0.539604,0.620002,0.499407,0.50583,0.022145,0.371867,0.517105,0.268947,0.396863,0.557482,0.02651,0.370569,0.516067,0.268054,0.404502,0.579397,0.046314,0.37854,0.522712,0.264973,0.384961,0.570795,0.047434,0.38092,0.521539,0.31035,0.387887,0.568123,0.05565,0.665996,0.681842,0.998885,0.671606,0.652851,0.998898,0.407263,0.626403,0.923211,0.433705,0.596603,0.12397,0.360173,0.83009,0.918312,0.376427,0.823228,0.335249,0.377823,0.872291,0.860122,0.399917,0.854541,0.365686,0.271782,0.875193,0.870878,0.309137,0.861864,0.37013
posture(555)_jpg.rf.7quvpDdBXeIBS0nCnOsc.jpg,bad,0.678108,0.236341,0.998511,0.681604,0.207301,0.99938,0.680498,0.206,0.99933,0.678612,0.204587,0.999522,0.675568,0.203961,0.999299,0.670087,0.200642,0.999106,0.66368,0.197632,0.999309,0.633464,0.197086,0.999741,0.622293,0.195402,0.999198,0.656209,0.254775,0.998799,0.648573,0.251865,0.998931,0.526574,0.280706,0.996641,0.539177,0.335572,0.997528,0.520649,0.430645,0.011989,0.538649,0.528121,0.858002,0.62668,0.452548,0.023742,0.718547,0.548693,0.682127,0.646429,0.450129,0.038456,0.755852,0.568581,0.609547,0.661937,0.442141,0.037574,0.755016,0.54439,0.592711,0.653522,0.446199,0.035122,0.74417,0.545291,0.535889,0.362197,0.567011,0.995005,0.352444,0.599289,0.994728,0.693117,0.603764,0.169135,0.720299,0.601376,0.629675,0.587884,0.812031,0.152994,0.621092,0.831962,0.50223,0.540908,0.826374,0.183042,0.568885,0.850431,0.521717,0.639206,0.898137,0.18875,0.697193,0.923915,0.505739
posture(767)_jpg.rf.7cL0V3xjOuJuA8e4WSgj.jpg,bad,0.441172,0.423054,0.993905,0.445898,0.394075,0.994632,0.449986,0.391776,0.995458,0.45514,0.389189,0.996463,0.443231,0.395061,0.992953,0.445274,0.393488,0.993121,0.4477,0.392057,0.994421,0.492724,0.383899,0.986858,0.481661,0.388706,0.991292,0.463315,0.440002,0.991486,0.458445,0.438958,0.984123,0.57082,0.428293,0.98218,0.558048,0.447574,0.957811,0.35842,0.502403,0.877266,0.377794,0.533996,0.141631,0.142712,0.527156,0.817867,0.16634,0.534788,0.191587,0.083253,0.520957,0.763242,0.112854,0.524032,0.240291,0.079673,0.510885,0.737528,0.10153,0.5191,0.238129,0.099359,0.513679,0.718259,0.121245,0.52848,0.285137,0.782887,0.682929,0.967499,0.753758,0.668523,0.915398,0.509782,0.688936,0.926865,0.484971,0.710176,0.111241,0.360422,0.932289,0.941013,0.363157,0.922814,0.199495,0.372998,0.964604,0.864915,0.416369,0.961851,0.222343,0.243662,0.953584,0.858691,0.28145,0.934554,0.281183
sipotion_1749660946045_leaning_forward_0_92_jpg.rf.A4qWJ3xloX0wf7pMnl5A.jpg,bad,0.255617,0.444504,0.999611,0.256832,0.414511,0.999697,0.260621,0.41168,0.999741,0.26487,0.40883,0.999728,0.254469,0.415475,0.999615,0.256375,0.413415,0.999613,0.258684,0.411228,0.999688,0.301004,0.398739,0.999782,0.289833,0.401201,0.999862,0.281133,0.456304,0.999791,0.279516,0.459725,0.999715,0.384351,0.477014,0.999725,0.382935,0.447903,0.999653,0.252391,0.626378,0.969834,0.32993,0.614097,0.260743,0.188004,0.546448,0.871203,0.249956,0.617239,0.285113,0.154466,0.543703,0.835218,0.232925,0.619086,0.348344,0.176955,0.53755,0.837932,0.238859,0.608387,0.342328,0.181711,0.538547,0.832441,0.252994,0.608877,0.340678,0.561654,0.799681,0.998643,0.529441,0.759894,0.998655,0.294296,0.961695,0.933323,0.27229,0.830372,0.302837,0.449998,1.020823,0.441026,0.357343,1.000314,0.088164,0.501328,1.011568,0.530465,0.399298,1.017985,0.185257,0.418621,1.087702,0.381002,0.308267,1.075578,0.114231
posture(616)_jpg.rf.H4y8bsx8sv5VVvaN3jHg.jpg,good,0.563693,0.257121,0.999702,0.576805,0.241319,0.999787,0.581429,0.241053,0.999793,0.586192,0.240611,0.999884,0.571857,0.240794,0.999636,0.572505,0.240264,0.999533,0.573545,0.239594,0.999721,0.615402,0.247349,0.999816,0.6034,0.246139,0.999624,0.576281,0.277665,0.9998,0.569906,0.276762,0.999152,0.65223,0.354487,0.999988,0.614231,0.356557,0.99824,0.610433,0.530265,0.995554,0.533692,0.504892,0.165868,0.449144,0.563361,0.993992,0.433044,0.547806,0.226486,0.412991,0.59715,0.987991,0.402961,0.562599,0.221406,0.401927,0.580434,0.987961,0.407627,0.556797,0.223962,0.412503,0.564517,0.978798,0.414128,0.547164,0.22939,0.554539,0.619194,0.999911,0.522038,0.596867,0.99962,0.288214,0.663884,0.966477,0.29436,0.641902,0.58458,0.300777,0.867436,0.984893,0.331675,0.821678,0.509879,0.321729,0.909646,0.965517,0.398008,0.869784,0.596312,0.179025,0.907595,0.978805,0.303683,0.914552,0.560131
posture(381)_jpg.rf.HGxk6B9AlvZ5Byor8zrz.jpg,good,0.35885,0.144264,0.999432,0.35089,0.125324,0.999108,0.349948,0.124826,0.999151,0.348705,0.124528,0.999387,0.347712,0.124885,0.999301,0.34455,0.124274,0.999337,0.341051,0.123991,0.999449,0.327168,0.131331,0.999004,0.319609,0.131704,0.9993,0.352624,0.162024,0.998533,0.347893,0.161789,0.999172,0.298887,0.241105,0.998564,0.297144,0.235839,0.999707,0.358224,0.343008,0.109787,0.376208,0.351904,0.981095,0.467069,0.367556,0.157711,0.48731,0.372392,0.929705,0.487924,0.365948,0.195571,0.515324,0.375401,0.911632,0.496455,0.361008,0.20893,0.517355,0.366487,0.906387,0.486182,0.362549,0.214419,0.506371,0.366482,0.870552,0.283892,0.486432,0.997835,0.280585,0.494541,0.99841,0.416777,0.564451,0.368725,0.434276,0.563551,0.991186,0.397294,0.754963,0.678913,0.409979,0.766178,0.989457,0.380433,0.780987,0.690686,0.387769,0.796531,0.971019,0.45123,0.784626,0.797882,0.470982,0.799789,0.983222
posture(430)_jpg.rf.CMqguXjoSmK5vKruDfpb.jpg,good,0.358538,0.112893,0.999994,0.349218,0.090849,0.999993,0.348749,0.090435,0.99999,0.347941,0.08996,0.999992,0.34221,0.09052,0.999993,0.336779,0.089983,0.999991,0.330602,0.089638,0.999994,0.323679,0.099398,0.999992,0.297039,0.102349,0.999994,0.352127,0.139704,0.999983,0.343907,0.138931,0.999994,0.301168,0.248999,0.999711,0.258324,0.241,0.999981,0.319453,0.463343,0.077283,0.2918,0.467039,0.995147,0.448459,0.521565,0.087953,0.482479,0.485813,0.926818,0.49342,0.549051,0.10679,0.531697,0.503473,0.87445,0.487293,0.519082,0.107525,0.545907,0.478519,0.881887,0.472795,0.526177,0.112306,0.531007,0.472001,0.884112,0.326492,0.592237,0.998549,0.296385,0.603885,0.99907,0.586356,0.605245,0.310741,0.592151,0.607411,0.976955,0.609645,0.894726,0.302721,0.590788,0.911041,0.928418,0.565892,0.940866,0.358108,0.548313,0.958602,0.890188,0.698551,0.945954,0.344805,0.690759,0.966939,0.898816
posture(132)_jpg.rf.BpRjPl0Ned10oe1WgbRJ.jpg,bad,0.414703,0.360363,0.999832,0.422777,0.33715,0.99987,0.426899,0.335795,0.999866,0.431736,0.334131,0.999915,0.417252,0.338246,0.999879,0.41767,0.337478,0.999856,0.418313,0.33648,0.999882,0.467695,0.335815,0.99979,0.4553,0.335121,0.999853,0.432889,0.376575,0.999832,0.427007,0.378863,0.99969,0.549447,0.42052,0.999666,0.500096,0.432715,0.997084,0.482329,0.55838,0.964473,0.460041,0.55927,0.036949,0.289051,0.537026,0.955144,0.352031,0.581371,0.037289,0.247544,0.535911,0.941469,0.368552,0.594233,0.055249,0.24392,0.519541,0.938456,0.363503,0.585397,0.050868,0.259481,0.518056,0.920956,0.370239,0.583408,0.053712,0.637368,0.632698,0.998665,0.584806,0.6317,0.996001,0.351963,0.668908,0.949595,0.323103,0.681351,0.176601,0.262643,0.886927,0.9457,0.26001,0.882495,0.159376,0.286993,0.933959,0.923929,0.288666,0.930351,0.201414,0.170071,0.915304,0.912891,0.184073,0.923441,0.178299
posture(406)_jpg.rf.HMkj51midwIhrb4PaFAk.jpg,good,0.470182,0.138025,0.999703,0.482615,0.103193,0.99963,0.490845,0.100448,0.999689,0.500179,0.097427,0.999727,0.472529,0.10579,0.999537,0.472633,0.105233,0.999547,0.472942,0.104503,0.99968,0.545976,0.098641,0.999426,0.519574,0.103523,0.999737,0.49453,0.164206,0.999521,0.483807,0.166501,0.998442,0.619258,0.225977,0.999127,0.559985,0.251883,0.993755,0.491794,0.40829,0.960791,0.453801,0.434908,0.150243,0.230576,0.418739,0.929614,0.272856,0.475436,0.151933,0.175657,0.423694,0.90937,0.243292,0.492765,0.193192,0.164207,0.409409,0.911276,0.244362,0.49203,0.193118,0.192581,0.412871,0.904182,0.241412,0.471482,0.21416,0.631667,0.598179,0.994318,0.584237,0.590814,0.989432,0.21722,0.677883,0.701264,0.241031,0.707492,0.144497,0.201973,0.968255,0.766487,0.336344,0.938128,0.066869,0.235275,1.007618,0.813493,0.382762,0.950916,0.145284,0.097098,1.063761,0.655108,0.292169,1.066162,0.093779
posture(195)_jpg.rf.8hWH2d7lXMz7VivDJv0l.jpg,bad,0.557059,0.425349,0.999807,0.573267,0.406895,0.999788,0.579669,0.407192,0.999816,0.586876,0.407486,0.999822,0.565819,0.405576,0.999709,0.565706,0.405078,0.99972,0.566042,0.404264,0.999791,0.616407,0.415804,0.999694,0.594218,0.40973,0.99985,0.568242,0.446494,0.999799,0.558015,0.444607,0.999549,0.644809,0.487507,0.999809,0.583761,0.466404,0.999616,0.483009,0.559971,0.980121,0.463058,0.54179,0.58883,0.331348,0.604591,0.904944,0.323056,0.584038,0.620276,0.300732,0.619751,0.859728,0.292229,0.590857,0.607538,0.285202,0.606589,0.865745,0.286555,0.58911,0.608967,0.301496,0.606217,0.851213,0.303286,0.590875,0.615165,0.583486,0.6947,0.999161,0.539046,0.662932,0.998271,0.338917,0.724528,0.989022,0.337614,0.668766,0.694752,0.347423,0.930776,0.983506,0.363391,0.869193,0.532934,0.381693,0.954285,0.974295,0.388694,0.898819,0.50199,0.265273,1.000627,0.959769,0.307054,0.93602,0.476932
posture(541)_jpg.rf.HLjjlVBEeCVFachaqVgt.jpg,bad,0.392269,0.219824,0.999851,0.389538,0.190226,0.999892,0.393965,0.18648,0.999887,0.399523,0.182093,0.999911,0.384459,0.194121,0.999909,0.385111,0.193392,0.999912,0.386394,0.192256,0.99993,0.441924,0.163398,0.999881,0.42599,0.17536,0.999906,0.422846,0.229898,0.999845,0.416563,0.234281,0.999736,0.591081,0.227626,0.999841,0.524159,0.276575,0.997016,0.645812,0.447889,0.943841,0.512147,0.471297,0.035835,0.445058,0.419372,0.877786,0.413778,0.423268,0.057509,0.387644,0.431241,0.783452,0.365684,0.42672,0.070826,0.376293,0.399397,0.775835,0.352594,0.412912,0.063349,0.393149,0.393029,0.744278,0.373318,0.411328,0.067096,0.687558,0.572696,0.998356,0.619877,0.569522,0.997216,0.299305,0.59346,0.970004,0.28601,0.577926,0.189291,0.32234,0.889769,0.924468,0.309506,0.872258,0.132134,0.359712,0.944193,0.86701,0.34028,0.920593,0.160954,0.204779,1.009556,0.888439,0.210282,0.991984,0.169952
posture(294)_jpg.rf.BvDleeVviOIZolaZpsbz.jpg,good,0.546909,0.19552,0.997678,0.533928,0.169008,0.997815,0.533125,0.167857,0.997641,0.531585,0.166675,0.998458,0.523794,0.170439,0.997326,0.514847,0.170364,0.996648,0.505569,0.17061,0.997065,0.490524,0.178832,0.999026,0.461918,0.183446,0.996348,0.541948,0.221171,0.99842,0.529626,0.221516,0.998642,0.456427,0.294373,0.997514,0.392563,0.314391,0.996334,0.559352,0.399184,0.153065,0.541311,0.475437,0.969019,0.710016,0.429407,0.274598,0.706048,0.474059,0.956425,0.751891,0.424514,0.344653,0.744227,0.463732,0.934498,0.751118,0.413991,0.364655,0.749779,0.430034,0.936339,0.734559,0.417943,0.360052,0.730434,0.433068,0.919415,0.406537,0.575068,0.996394,0.359571,0.626764,0.997117,0.659321,0.565651,0.413626,0.639425,0.602954,0.948853,0.585273,0.765046,0.348,0.596605,0.826284,0.932459,0.539615,0.790142,0.454025,0.558002,0.865179,0.925287,0.655761,0.842144,0.386553,0.702097,0.896409,0.893267
posture(851)_jpg.rf.zJ0WUqSLJ8S1xEVAEFck.jpg,bad,0.606329,0.375028,0.999467,0.597129,0.353854,0.999555,0.596542,0.353482,0.999541,0.595667,0.353029,0.99964,0.589824,0.352996,0.999465,0.584044,0.352314,0.999382,0.577624,0.351654,0.999507,0.559182,0.357349,0.999683,0.541748,0.358128,0.999362,0.596901,0.393529,0.999194,0.589491,0.39347,0.999074,0.499129,0.430984,0.996328,0.528505,0.455695,0.998306,0.609809,0.5211,0.064544,0.681963,0.545752,0.923977,0.679357,0.586224,0.071526,0.781875,0.540244,0.870378,0.696257,0.584895,0.09482,0.8105,0.525634,0.835147,0.694522,0.585496,0.100802,0.794875,0.513074,0.831879,0.687563,0.591366,0.114805,0.786665,0.518968,0.81896,0.396812,0.645524,0.998744,0.39408,0.672034,0.999102,0.608338,0.65715,0.431269,0.633519,0.665992,0.97103,0.610975,0.834068,0.563345,0.653694,0.865361,0.956078,0.592426,0.871696,0.58904,0.629645,0.902324,0.929919,0.697568,0.858473,0.634002,0.747695,0.878634,0.91702
posture(143)_jpg.rf.I2gPsXEBIRLIovfnuHsB.jpg,bad,0.779213,0.299889,0.998875,0.793484,0.28344,0.998967,0.798835,0.284642,0.998783,0.804383,0.285708,0.998984,0.786472,0.280125,0.998848,0.786026,0.279153,0.998757,0.786022,0.278157,0.999213,0.842921,0.294167,0.998307,0.820781,0.284697,0.999452,0.790858,0.323714,0.999393,0.781951,0.318583,0.999298,0.827008,0.379222,0.999843,0.879347,0.36799,0.999432,0.650922,0.427665,0.996883,0.822461,0.474671,0.243363,0.449458,0.469969,0.972023,0.76097,0.555855,0.157697,0.387612,0.47412,0.935829,0.756444,0.573953,0.167986,0.375884,0.468818,0.934821,0.758914,0.569811,0.158199,0.417498,0.455037,0.894324,0.758308,0.568939,0.158557,0.740956,0.612856,0.997108,0.768161,0.592283,0.988799,0.509034,0.653166,0.884685,0.563295,0.654172,0.198335,0.451247,0.772379,0.767825,0.477981,0.788985,0.216274,0.45738,0.8059,0.713962,0.482924,0.823658,0.283841,0.374933,0.751018,0.629341,0.407212,0.791147,0.261203
posture(385)_jpg.rf.9Pulef2ReGj2hK7MKp5t.jpg,good,0.585212,0.176192,0.999164,0.579349,0.157673,0.998034,0.57907,0.157434,0.997986,0.578435,0.157253,0.99843,0.574559,0.157184,0.998621,0.570965,0.156652,0.998721,0.566881,0.156221,0.998889,0.559493,0.163625,0.996658,0.543694,0.163529,0.998399,0.580424,0.194143,0.997683,0.574887,0.193962,0.998732,0.536855,0.262248,0.998279,0.523834,0.264128,0.999644,0.583008,0.358635,0.097321,0.598175,0.369347,0.985813,0.674453,0.40465,0.096323,0.70736,0.376167,0.955975,0.687778,0.409554,0.115148,0.735532,0.380004,0.938587,0.692695,0.39879,0.120694,0.738729,0.373503,0.931202,0.687402,0.3978,0.128271,0.727095,0.372415,0.879604,0.532616,0.495548,0.996322,0.513306,0.50516,0.995237,0.642087,0.592635,0.648619,0.648192,0.583164,0.988366,0.650498,0.775374,0.810569,0.642554,0.787137,0.986936,0.635714,0.801933,0.796351,0.617464,0.809036,0.955601,0.704689,0.80448,0.871991,0.685278,0.823178,0.978181
posture(346)_jpg.rf.TjvzvGItoAWeWD2O6mQo.jpg,good,0.409843,0.130738,0.999967,0.402437,0.108993,0.999928,0.402687,0.108731,0.999911,0.402496,0.108069,0.999942,0.392942,0.108837,0.999956,0.385948,0.108337,0.999952,0.378354,0.10738,0.999947,0.367269,0.115386,0.999924,0.343095,0.113822,0.999945,0.404134,0.159879,0.999725,0.39243,0.15797,0.999867,0.320089,0.260643,0.99988,0.273843,0.269778,0.999857,0.390532,0.419339,0.151626,0.358438,0.460491,0.98448,0.566961,0.423895,0.376656,0.555821,0.438131,0.943241,0.619261,0.436056,0.454997,0.619767,0.430226,0.922149,0.630386,0.420638,0.475189,0.632782,0.416968,0.922176,0.603452,0.419093,0.46425,0.5836,0.408383,0.902634,0.298003,0.58963,0.999434,0.276042,0.61246,0.999383,0.560458,0.729682,0.121539,0.577233,0.737251,0.985036,0.308982,0.830692,0.196921,0.280667,0.85891,0.985505,0.235034,0.800348,0.307372,0.226734,0.831928,0.98175,0.282087,0.913139,0.282047,0.25901,0.957599,0.973994
posture(576)_jpg.rf.ImQnPaixdxhv5K4OzeC3.jpg,good,0.609296,0.153374,0.998979,0.631587,0.125365,0.999065,0.639266,0.123382,0.998958,0.647423,0.121525,0.999181,0.625218,0.126835,0.999159,0.627998,0.125886,0.999101,0.631069,0.124911,0.999348,0.698246,0.13042,0.998482,0.674352,0.132173,0.999435,0.631837,0.176346,0.998826,0.624925,0.176412,0.998145,0.752909,0.234751,0.999681,0.714449,0.252455,0.995549,0.7263,0.462091,0.94468,0.706905,0.489661,0.026352,0.444996,0.482853,0.855623,0.599676,0.601876,0.021278,0.367243,0.492704,0.80168,0.575427,0.646011,0.037319,0.34482,0.479361,0.802879,0.573856,0.628822,0.036385,0.371772,0.479395,0.778801,0.584966,0.613247,0.042284,0.757241,0.643702,0.996164,0.725708,0.643417,0.99191,0.28255,0.636364,0.814802,0.276143,0.673734,0.182369,0.268827,0.968625,0.71588,0.289167,0.96736,0.095878,0.309183,0.995494,0.751286,0.361459,1.022277,0.228536,0.136424,1.100919,0.627429,0.243757,1.105516,0.109129
sipotion_1749658630751_good_posture_0_89_jpg.rf.8dL7TF1pDBncntLxuizx.jpg,bad,0.449869,0.271148,0.997879,0.474774,0.254997,0.998429,0.478896,0.257426,0.99843,0.482854,0.260291,0.998673,0.473269,0.251577,0.997714,0.476493,0.251676,0.997645,0.480002,0.252454,0.998295,0.516362,0.290014,0.998207,0.516519,0.285204,0.998787,0.452948,0.309138,0.999044,0.45307,0.304632,0.998577,0.492375,0.492888,0.997596,0.56655,0.406671,0.995488,0.371389,0.706554,0.921984,0.477449,0.563847,0.089932,0.284562,0.700974,0.861453,0.341393,0.596757,0.118001,0.256474,0.700491,0.817677,0.312719,0.597315,0.146263,0.277686,0.665792,0.831374,0.3026,0.593337,0.164786,0.292383,0.648371,0.804589,0.312296,0.600724,0.181721,0.518212,0.810159,0.985666,0.555049,0.759312,0.963227,0.259509,0.809639,0.806761,0.325451,0.794822,0.138016,0.197749,1.018302,0.468067,0.254781,0.982905,0.073765,0.219063,1.075127,0.423428,0.265599,1.029952,0.141718,0.06886,0.970222,0.326871,0.138226,0.973365,0.100687
posture(186)_jpg.rf.C7up61ULrvMMXxxzw1Yi.jpg,bad,0.587947,0.308552,0.997963,0.605943,0.292725,0.998684,0.609991,0.293841,0.998442,0.614239,0.295068,0.999062,0.601817,0.289924,0.998578,0.602803,0.289079,0.998131,0.604099,0.288376,0.99893,0.645782,0.313596,0.998955,0.637976,0.307011,0.999188,0.591765,0.337101,0.998997,0.586668,0.334334,0.998571,0.618207,0.425616,0.999115,0.647924,0.40136,0.996814,0.48771,0.565632,0.963619,0.535439,0.520441,0.062143,0.356436,0.605213,0.932825,0.408533,0.575244,0.049134,0.322102,0.619096,0.901239,0.383711,0.581692,0.053514,0.319127,0.60447,0.901488,0.378876,0.580039,0.052805,0.330647,0.5987,0.877138,0.388441,0.580628,0.059929,0.529031,0.657825,0.999726,0.558763,0.62955,0.999274,0.2575,0.645433,0.959139,0.436249,0.587833,0.427511,0.297384,0.753163,0.634156,0.43309,0.758072,0.235368,0.324847,0.779669,0.659804,0.451849,0.792781,0.208214,0.226187,0.758958,0.508566,0.377012,0.778903,0.187403
posture(302)_jpg.rf.CyyvK4Ck09EBzXKbyctl.jpg,good,0.535611,0.206112,0.99391,0.560562,0.180584,0.994403,0.567987,0.180858,0.994254,0.576231,0.181301,0.996111,0.553645,0.179372,0.992882,0.55552,0.17875,0.992008,0.557955,0.177931,0.995789,0.617272,0.198505,0.990324,0.598902,0.190204,0.995491,0.553631,0.237068,0.994658,0.544279,0.236136,0.989284,0.653927,0.350453,0.991653,0.650615,0.328762,0.990363,0.43876,0.487716,0.948312,0.485714,0.430832,0.197088,0.208159,0.484088,0.889912,0.303026,0.462483,0.175238,0.165662,0.486594,0.873993,0.273244,0.450201,0.211689,0.160403,0.467254,0.874748,0.26311,0.441653,0.218695,0.185941,0.466669,0.859393,0.273315,0.452049,0.236976,0.655262,0.734733,0.983359,0.650913,0.715087,0.973611,0.282872,0.691476,0.87235,0.307563,0.749024,0.294891,0.389677,0.968739,0.787387,0.417495,0.965888,0.192001,0.417587,0.979478,0.819527,0.460036,0.972272,0.285472,0.284044,1.075973,0.684257,0.347493,1.000967,0.222612
posture(1025)_jpg.rf.JQY7uwESb4hFCGThcifQ.jpg,good,0.492396,0.250315,0.999093,0.495127,0.227197,0.999083,0.493709,0.226235,0.999126,0.492025,0.224969,0.9993,0.492098,0.224954,0.999194,0.488632,0.222532,0.999221,0.484404,0.219496,0.999373,0.462518,0.213415,0.999324,0.453576,0.207546,0.999241,0.475092,0.263274,0.998647,0.470275,0.26057,0.998936,0.39495,0.276421,0.998317,0.384429,0.279216,0.999838,0.459121,0.389443,0.097701,0.491417,0.394018,0.986555,0.601594,0.416532,0.193753,0.638671,0.404038,0.967832,0.631199,0.409117,0.229351,0.677315,0.406298,0.951337,0.649922,0.395857,0.238667,0.67984,0.393172,0.951724,0.63009,0.397967,0.247136,0.668135,0.392127,0.929186,0.359426,0.503516,0.995552,0.348523,0.507447,0.996988,0.607416,0.502663,0.389199,0.612768,0.48007,0.97762,0.63332,0.713112,0.528183,0.620334,0.721949,0.968036,0.611006,0.754145,0.609922,0.596807,0.7609,0.953994,0.730628,0.742538,0.604466,0.72046,0.759052,0.943679
sipotion_1749658650304_slouch_0_87_jpg.rf.9wgUIMgZL1rQzfeL8f9a.jpg,bad,0.383099,0.375878,0.999716,0.388036,0.350249,0.9998,0.391513,0.34944,0.999804,0.395456,0.348613,0.999824,0.3869,0.349205,0.999778,0.389375,0.347483,0.999778,0.392422,0.345501,0.99981,0.433563,0.349548,0.999727,0.431706,0.342619,0.999836,0.404298,0.399114,0.999825,0.402157,0.397678,0.999796,0.491766,0.460119,0.999827,0.530419,0.401065,0.99941,0.421552,0.626715,0.926458,0.486752,0.540698,0.07127,0.364901,0.5197,0.88702,0.386038,0.517688,0.091624,0.337096,0.50878,0.846784,0.361859,0.516142,0.130563,0.354057,0.496044,0.842948,0.350511,0.507344,0.125279,0.366041,0.497046,0.82406,0.371445,0.505545,0.130978,0.602966,0.746351,0.996194,0.606227,0.683315,0.994326,0.340987,0.715557,0.886044,0.358805,0.681232,0.198614,0.282909,0.961579,0.848459,0.302691,0.880392,0.186453,0.304706,0.993708,0.819927,0.327947,0.935817,0.364261,0.161511,0.951617,0.824437,0.194124,0.925043,0.292059
posture(233)_jpg.rf.Jen3PpPrzAAQ6uguvZkF.jpg,bad,0.747658,0.400286,0.999581,0.760531,0.375474,0.999794,0.760235,0.372277,0.999695,0.759994,0.369002,0.999792,0.758351,0.374979,0.999793,0.756377,0.371435,0.999746,0.75438,0.367642,0.999822,0.732113,0.338927,0.999889,0.728803,0.340273,0.999719,0.725715,0.403815,0.999187,0.721614,0.403114,0.99918,0.621022,0.332193,0.998362,0.638027,0.404547,0.998823,0.681885,0.41612,0.048673,0.700074,0.542132,0.870726,0.863065,0.410486,0.216302,0.855743,0.459458,0.843525,0.895028,0.40006,0.30426,0.916265,0.448396,0.783299,0.905906,0.395788,0.307455,0.90787,0.430377,0.782881,0.876546,0.418828,0.30026,0.890567,0.430905,0.763852,0.321946,0.559658,0.999914,0.350023,0.597509,0.999804,0.533187,0.6342,0.4936,0.669834,0.65081,0.813213,0.279609,0.687552,0.349547,0.512503,0.82025,0.723865,0.236345,0.641062,0.436316,0.455109,0.812611,0.709793,0.207166,0.734432,0.391626,0.531404,0.925665,0.736598
posture(135)_jpg.rf.V46bCc2ofPlFX12uUwQ7.jpg,bad,0.578983,0.302235,0.999003,0.599427,0.286091,0.999302,0.605883,0.288057,0.999331,0.613282,0.290254,0.99938,0.590153,0.28198,0.998555,0.589982,0.281061,0.998211,0.589971,0.280079,0.998524,0.650211,0.304058,0.999486,0.618199,0.290778,0.999057,0.589828,0.325845,0.999736,0.579205,0.318859,0.99934,0.664626,0.38912,0.999918,0.615527,0.337161,0.999742,0.443059,0.429235,0.988028,0.520548,0.420686,0.196712,0.245824,0.457505,0.953435,0.446433,0.434091,0.21331,0.182545,0.467303,0.925843,0.43623,0.439831,0.28229,0.170632,0.454944,0.934057,0.436646,0.428952,0.305917,0.200442,0.443513,0.916787,0.44345,0.433659,0.319491,0.553084,0.623759,0.996144,0.479764,0.573556,0.991274,0.52875,0.80442,0.680734,0.266169,0.640636,0.702872,0.534018,0.943279,0.592286,0.214557,0.785764,0.373187,0.536044,0.957211,0.497656,0.23256,0.804254,0.291715,0.534921,1.016674,0.468843,0.15965,0.865755,0.252788
posture(577)_jpg.rf.VGzUdXo6kUs2DX4hVKxj.jpg,good,0.564768,0.108723,0.999428,0.582056,0.080209,0.999529,0.587815,0.078528,0.999495,0.598854,0.075879,0.999613,0.575812,0.082811,0.999489,0.577391,0.082958,0.99947,0.578963,0.082881,0.999661,0.650898,0.08101,0.998974,0.627649,0.085637,0.999559,0.586358,0.129489,0.998934,0.580402,0.132093,0.997575,0.728849,0.19234,0.999722,0.637646,0.235841,0.993881,0.687396,0.421775,0.926339,0.580696,0.465784,0.057647,0.405551,0.437211,0.900155,0.408543,0.508606,0.111148,0.323475,0.443929,0.854217,0.351003,0.49326,0.152859,0.303201,0.425338,0.854178,0.316817,0.45853,0.149235,0.334752,0.424558,0.829095,0.378191,0.500879,0.1651,0.716201,0.592984,0.998138,0.653023,0.58571,0.996487,0.289542,0.50762,0.932507,0.22312,0.605537,0.240419,0.2402,0.896839,0.930616,0.256254,0.882096,0.200033,0.272996,0.94292,0.917499,0.297573,0.935155,0.327172,0.118112,0.984464,0.904476,0.1906,1.009274,0.253422
posture(289)_jpg.rf.Z3q3hYvg7zGLxh9B4OwC.jpg,bad,0.262049,0.185991,0.999464,0.242617,0.160667,0.999281,0.243843,0.154788,0.999386,0.245219,0.148682,0.999409,0.241288,0.167195,0.998723,0.241355,0.166025,0.998811,0.241345,0.164371,0.999292,0.270458,0.106537,0.99928,0.261268,0.126499,0.999583,0.291616,0.177424,0.999481,0.289263,0.186041,0.998819,0.423901,0.110046,0.999802,0.37385,0.156264,0.999393,0.498439,0.395382,0.977117,0.423474,0.378783,0.35287,0.452032,0.633999,0.889726,0.444148,0.597982,0.274724,0.458787,0.688909,0.844212,0.437974,0.630371,0.28181,0.444914,0.695263,0.847168,0.439277,0.635816,0.27785,0.452533,0.668013,0.824196,0.450834,0.638519,0.307524,0.695872,0.353414,0.999807,0.638819,0.359498,0.999244,0.720937,0.749452,0.96104,0.635707,0.665992,0.230099,0.911629,0.643685,0.854952,0.804269,0.665355,0.081155,0.921506,0.602483,0.863838,0.834515,0.641883,0.151532,0.969911,0.701811,0.726859,0.844326,0.737906,0.109589
sipotion_1749658655732_slouch_0_84_jpg.rf.Bf0IV3rOQ73xSr9bKxLr.jpg,good,0.515795,0.302142,0.997997,0.533097,0.281837,0.998692,0.537032,0.283273,0.99869,0.541337,0.28497,0.998944,0.530596,0.277982,0.998367,0.532645,0.276608,0.998318,0.534992,0.275534,0.998898,0.575141,0.303091,0.998051,0.568371,0.292832,0.999025,0.524195,0.330409,0.998963,0.520509,0.32598,0.998733,0.578976,0.446931,0.994114,0.620685,0.373774,0.995803,0.478535,0.577099,0.787668,0.477954,0.410564,0.269783,0.407524,0.461852,0.724918,0.322068,0.374589,0.448233,0.382343,0.445953,0.734048,0.286579,0.36067,0.536778,0.40112,0.422079,0.742146,0.283545,0.356743,0.575344,0.414058,0.427916,0.734452,0.289843,0.361936,0.584889,0.613587,0.746044,0.995464,0.650333,0.701392,0.991547,0.389297,0.732953,0.88667,0.450829,0.7334,0.234672,0.348571,0.961787,0.708137,0.401455,0.926213,0.158197,0.372922,1.016632,0.648105,0.415107,0.969214,0.262917,0.214653,0.956214,0.63105,0.27856,0.925725,0.246144
posture(827)_jpg.rf.Wqm0hTAGSHSzpS2JOv8Z.jpg,bad,0.569949,0.403645,0.999985,0.589098,0.390518,0.999979,0.594283,0.391299,0.999981,0.602874,0.392623,0.999981,0.579893,0.388456,0.99998,0.578913,0.387876,0.999983,0.577537,0.387258,0.999987,0.627749,0.40532,0.999975,0.602367,0.4011,0.999993,0.576739,0.423965,0.999977,0.565895,0.42224,0.999953,0.659227,0.487242,0.999973,0.54355,0.487371,0.999818,0.576319,0.595194,0.97766,0.440485,0.549945,0.77459,0.422314,0.634093,0.871362,0.316516,0.573235,0.764715,0.378493,0.653929,0.800611,0.279542,0.570297,0.734451,0.366036,0.641578,0.810183,0.277686,0.569052,0.749151,0.380604,0.635283,0.817015,0.29,0.57152,0.773498,0.538188,0.700479,0.99987,0.481213,0.69102,0.999619,0.268349,0.72299,0.991248,0.254716,0.690946,0.596629,0.252518,0.917718,0.980037,0.236877,0.864085,0.420197,0.277272,0.952952,0.967821,0.267741,0.887249,0.526372,0.152451,0.978522,0.950471,0.154229,0.912193,0.455233
posture(935)_jpg.rf.Vw0BRrDrqAwiLFXqqQX3.jpg,bad,0.392079,0.22409,0.99987,0.388759,0.195117,0.999918,0.393107,0.191446,0.999918,0.39835,0.187087,0.999932,0.383607,0.198921,0.999922,0.384331,0.198031,0.999926,0.385462,0.19674,0.999939,0.440481,0.167323,0.999928,0.424238,0.178959,0.999931,0.423625,0.234085,0.999899,0.417231,0.23826,0.99983,0.591451,0.232106,0.999915,0.520897,0.270692,0.99823,0.63948,0.457912,0.950995,0.499114,0.474448,0.038824,0.443748,0.42049,0.868521,0.412188,0.425943,0.055195,0.385594,0.432994,0.771309,0.362705,0.444253,0.069991,0.371954,0.402447,0.767215,0.352359,0.422577,0.062134,0.39164,0.396468,0.734403,0.370694,0.413084,0.063757,0.679776,0.576073,0.998747,0.619574,0.56415,0.997757,0.29415,0.592727,0.971784,0.289162,0.58211,0.183454,0.325312,0.908236,0.923235,0.308162,0.874721,0.131484,0.356285,0.952184,0.858118,0.337746,0.922117,0.157843,0.196087,1.019661,0.880029,0.201385,0.988792,0.168665
posture(148)_jpg.rf.wqXCg8R4HI3nPIFhvQFy.jpg,good,0.515684,0.314215,0.978444,0.527639,0.293405,0.97272,0.532169,0.292666,0.975263,0.53734,0.291746,0.980225,0.524072,0.293103,0.970582,0.525294,0.292152,0.969936,0.526787,0.290923,0.981769,0.569267,0.297533,0.962062,0.55936,0.296323,0.976597,0.527972,0.330214,0.97626,0.52223,0.330443,0.949906,0.606155,0.38604,0.998532,0.582145,0.382635,0.984422,0.449811,0.491983,0.984107,0.465797,0.489252,0.043574,0.26403,0.519795,0.952291,0.316719,0.524846,0.037336,0.2187,0.51712,0.934181,0.322415,0.555142,0.053177,0.214627,0.506798,0.933013,0.313662,0.550951,0.051145,0.229081,0.511506,0.905294,0.321614,0.55201,0.054974,0.533574,0.652191,0.99733,0.518911,0.626804,0.992667,0.259373,0.675004,0.947636,0.29096,0.66224,0.346469,0.264396,0.89019,0.953083,0.293305,0.873513,0.41999,0.282161,0.919241,0.953072,0.330885,0.90345,0.509541,0.165998,0.926285,0.921863,0.226226,0.937622,0.427806
posture(84)_jpg.rf.dmkwAQQD8InkSoFOapgs.jpg,good,0.604742,0.100655,0.999879,0.618652,0.076126,0.999939,0.622547,0.075207,0.999929,0.627254,0.074008,0.999951,0.616714,0.07587,0.999927,0.618964,0.074834,0.999915,0.621859,0.073361,0.999953,0.66523,0.080316,0.999925,0.658879,0.078335,0.999959,0.617958,0.119828,0.999891,0.61371,0.120301,0.999796,0.683096,0.217536,0.99991,0.695412,0.224027,0.999754,0.578231,0.409016,0.936658,0.616797,0.394875,0.064844,0.435418,0.442311,0.886154,0.491124,0.454676,0.0616,0.384838,0.446695,0.880264,0.469824,0.456151,0.075693,0.378511,0.436878,0.881141,0.461578,0.447789,0.076129,0.398987,0.434184,0.857142,0.469177,0.447718,0.081972,0.642909,0.573363,0.999935,0.667485,0.561129,0.999841,0.329805,0.630308,0.972761,0.503701,0.658326,0.259433,0.374688,0.903942,0.968387,0.602497,0.858053,0.442605,0.414487,0.934262,0.974366,0.640196,0.882276,0.5384,0.248487,0.963242,0.948407,0.562168,0.931382,0.447504
posture(361)_jpg.rf.EKVmMVpLm5CNVDCGSsc3.jpg,good,0.468563,0.554406,0.999949,0.466029,0.551406,0.999959,0.466713,0.550498,0.999943,0.467495,0.549694,0.999928,0.465198,0.554055,0.999934,0.467131,0.554086,0.999922,0.468113,0.554519,0.99992,0.474069,0.54514,0.999932,0.476044,0.553365,0.999922,0.478263,0.555004,0.999883,0.476408,0.55789,0.999943,0.547354,0.538813,0.999783,0.546163,0.572704,0.999793,0.562656,0.601331,0.95614,0.563206,0.671622,0.647194,0.542517,0.674628,0.850622,0.551185,0.773941,0.598324,0.535524,0.693222,0.729127,0.542022,0.789343,0.524182,0.529355,0.690351,0.690583,0.540653,0.790262,0.539032,0.533551,0.683817,0.618637,0.544767,0.789197,0.557065,0.689075,0.504256,0.99993,0.696283,0.542686,0.99991,0.686082,0.343799,0.99723,0.622297,0.591737,0.740786,0.632926,0.271353,0.99061,0.563504,0.710075,0.915675,0.623579,0.277171,0.953155,0.56645,0.731351,0.897154,0.618792,0.225343,0.975895,0.518106,0.74283,0.876152
posture(175)_jpg.rf.9NcYkkQjJKuWnbLoR6AG.jpg,good,0.411698,0.353618,0.992138,0.42823,0.327542,0.992107,0.434448,0.326202,0.992071,0.441438,0.324984,0.99406,0.421653,0.328496,0.99244,0.423088,0.327613,0.992561,0.424833,0.326667,0.995885,0.479514,0.334202,0.987578,0.463994,0.332739,0.996828,0.429684,0.377579,0.993771,0.422705,0.376731,0.988024,0.514503,0.434856,0.996658,0.522451,0.430836,0.991385,0.370421,0.572233,0.906531,0.402841,0.556025,0.12706,0.174583,0.585549,0.878673,0.225505,0.604771,0.156615,0.11874,0.584279,0.877995,0.223594,0.596665,0.223762,0.115842,0.568049,0.877135,0.208693,0.58944,0.222856,0.130075,0.568627,0.856976,0.218036,0.595535,0.238583,0.517163,0.729702,0.994615,0.528056,0.704442,0.982386,0.213857,0.750486,0.900446,0.285222,0.71938,0.156845,0.265427,0.966548,0.849494,0.31167,0.932683,0.119616,0.291584,0.983934,0.853224,0.341552,0.948536,0.195378,0.160712,0.992095,0.716241,0.235391,0.990837,0.141729
sipotion_1749660931532_leaning_forward_0_92_jpg.rf.XvsQtnMXQZOOo3ha3Y4h.jpg,bad,0.407037,0.403496,0.998144,0.403812,0.374484,0.998637,0.40612,0.372316,0.9987,0.408399,0.370539,0.998656,0.403642,0.375543,0.998378,0.405574,0.373868,0.998364,0.407505,0.372368,0.998739,0.436971,0.365336,0.998462,0.434077,0.365543,0.999365,0.427497,0.41693,0.998542,0.426208,0.420388,0.998398,0.493185,0.450982,0.999046,0.528909,0.416342,0.99915,0.387807,0.572392,0.933933,0.480098,0.532777,0.144761,0.31955,0.512913,0.789124,0.38341,0.548681,0.172277,0.30083,0.507158,0.747645,0.360893,0.555176,0.237847,0.311028,0.494243,0.755627,0.366652,0.549977,0.239837,0.329088,0.493858,0.764826,0.378906,0.550874,0.244598,0.655528,0.752049,0.999071,0.650403,0.705676,0.999102,0.416089,0.867799,0.936418,0.417136,0.757474,0.441424,0.565549,0.971254,0.699705,0.530104,0.943512,0.230172,0.613228,0.970514,0.739586,0.560213,0.938483,0.328074,0.538068,1.040846,0.646445,0.497131,1.024192,0.248194
posture(774)_jpg.rf.cBH5cF1YeJbOy9TzgSYQ.jpg,good,0.482447,0.236262,0.999553,0.494281,0.213861,0.999751,0.498481,0.213311,0.999695,0.503475,0.212723,0.999808,0.491358,0.213409,0.999781,0.493108,0.212487,0.999721,0.495411,0.211457,0.999836,0.538554,0.221114,0.999708,0.53223,0.218919,0.999816,0.495726,0.25912,0.999685,0.49208,0.25862,0.999424,0.548663,0.321467,0.999942,0.591952,0.324454,0.999363,0.481879,0.484757,0.986809,0.544431,0.491492,0.033834,0.29902,0.491408,0.967514,0.434943,0.582514,0.023564,0.246855,0.495524,0.952861,0.415816,0.598552,0.031045,0.241242,0.48243,0.950747,0.408754,0.59104,0.029819,0.259179,0.484021,0.92449,0.41449,0.585433,0.03335,0.513504,0.621041,0.99993,0.56916,0.621617,0.999388,0.211521,0.656053,0.978379,0.411079,0.649059,0.137182,0.20833,0.903847,0.958779,0.421437,0.830575,0.182114,0.237219,0.935029,0.968307,0.450145,0.860491,0.302065,0.125002,0.940704,0.919656,0.354904,0.881081,0.217214
posture(177)_jpg.rf.hWk7DNzpNNsHOkExldXR.jpg,good,0.438999,0.340923,0.986555,0.452735,0.317551,0.990459,0.457861,0.316462,0.990349,0.463601,0.315586,0.992575,0.447484,0.318382,0.98984,0.449798,0.317398,0.990341,0.451999,0.316547,0.99448,0.497253,0.324205,0.987234,0.487146,0.32284,0.996315,0.453408,0.362423,0.993779,0.449019,0.362216,0.987669,0.516095,0.423223,0.99808,0.553826,0.411734,0.992017,0.386394,0.547208,0.978581,0.496813,0.530338,0.037019,0.218537,0.555068,0.959123,0.374341,0.58364,0.042167,0.172235,0.550897,0.94681,0.356132,0.577965,0.06973,0.167877,0.538436,0.946256,0.343337,0.572945,0.068076,0.180845,0.539549,0.925649,0.34854,0.578374,0.077241,0.530945,0.675785,0.995627,0.575357,0.657789,0.982735,0.311665,0.687265,0.885564,0.374701,0.710577,0.1576,0.318346,0.907898,0.816177,0.377356,0.897522,0.183101,0.343318,0.943597,0.801207,0.403023,0.930018,0.29631,0.214082,0.935106,0.663761,0.311168,0.932272,0.232809
posture(957)_jpg.rf.9xOr2wmWRlB3RVJYzO77.jpg,bad,0.296764,0.016738,0.999913,0.269106,-0.008639,0.99986,0.268146,-0.009189,0.999845,0.266634,-0.009597,0.999909,0.256166,-0.004229,0.999887,0.245613,-0.001511,0.999872,0.233908,0.001403,0.999903,0.226217,0.013936,0.999923,0.192001,0.031435,0.999836,0.299301,0.046355,0.999764,0.285739,0.049555,0.999841,0.257969,0.163423,0.999742,0.202934,0.177554,0.999864,0.467659,0.360101,0.205948,0.419811,0.39404,0.973647,0.642628,0.423715,0.195933,0.671823,0.447968,0.870907,0.704971,0.435812,0.208507,0.723113,0.471386,0.796531,0.705462,0.442713,0.21305,0.732359,0.457233,0.794141,0.678165,0.438664,0.203506,0.710508,0.45243,0.767217,0.38487,0.60111,0.999092,0.362584,0.642589,0.999061,0.817564,0.539336,0.247613,0.858712,0.545386,0.892635,0.700423,0.814629,0.185849,0.711131,0.842239,0.816195,0.657308,0.872509,0.289851,0.659497,0.884975,0.825577,0.826904,0.895575,0.24649,0.873487,0.918954,0.775592
posture(495)_jpg.rf.YI3sXgEURaLRk5hQaw1V.jpg,good,0.5058,0.175274,0.998156,0.501302,0.153013,0.99647,0.499596,0.151701,0.996059,0.497368,0.150143,0.997773,0.497397,0.151871,0.997634,0.492902,0.149657,0.99742,0.487334,0.146932,0.998021,0.456681,0.144807,0.998112,0.453111,0.143426,0.997072,0.490253,0.194512,0.995583,0.484981,0.192723,0.997518,0.393913,0.250879,0.998631,0.386283,0.261815,0.999366,0.485816,0.374806,0.110038,0.48648,0.403238,0.964948,0.603121,0.405836,0.145056,0.644465,0.408504,0.935171,0.642841,0.409629,0.205627,0.690741,0.413845,0.921089,0.646737,0.400988,0.216528,0.694732,0.400149,0.920084,0.641469,0.405915,0.223428,0.669935,0.399364,0.887185,0.368398,0.523042,0.993311,0.370214,0.544286,0.994039,0.557267,0.585329,0.099552,0.619069,0.595392,0.912544,0.429626,0.713057,0.14988,0.449926,0.740387,0.89807,0.388354,0.720747,0.280319,0.400383,0.75489,0.924908,0.456001,0.774877,0.230797,0.490563,0.805095,0.85275
posture(1028)_jpg.rf.bmKwrYxMBx1CEAb95KdB.jpg,bad,0.596308,0.336483,0.999873,0.600783,0.321222,0.99987,0.601242,0.321102,0.999886,0.601727,0.320998,0.999905,0.595735,0.31791,0.999831,0.592207,0.315316,0.999839,0.588167,0.311852,0.999843,0.586012,0.312398,0.999887,0.562825,0.301991,0.999898,0.588407,0.349892,0.999878,0.581733,0.346006,0.999912,0.538835,0.375129,0.999863,0.487954,0.338821,0.999977,0.570876,0.469004,0.577494,0.513263,0.47985,0.988237,0.609401,0.361211,0.616457,0.588226,0.47314,0.925706,0.615174,0.338238,0.544909,0.611192,0.480501,0.864863,0.607728,0.329668,0.532295,0.61558,0.473348,0.864189,0.604728,0.339998,0.509252,0.599149,0.467229,0.834475,0.472935,0.577712,0.99919,0.433723,0.583423,0.999189,0.619709,0.676523,0.525139,0.602023,0.645071,0.982159,0.637155,0.857501,0.569318,0.612139,0.880812,0.978994,0.594273,0.891263,0.60762,0.569994,0.913322,0.965482,0.701725,0.891151,0.683341,0.685362,0.928567,0.973681
posture(138)_jpg.rf.b0bT4JRyQpOqIASnq8Rf.jpg,bad,0.749738,0.331658,0.999254,0.766851,0.314082,0.999003,0.773098,0.315099,0.998805,0.780782,0.316225,0.999134,0.756866,0.311589,0.999186,0.756069,0.310915,0.998897,0.754306,0.310142,0.999231,0.813844,0.325349,0.99804,0.778819,0.315373,0.999166,0.761951,0.3517,0.999468,0.750844,0.347945,0.999185,0.812565,0.409281,0.998896,0.808794,0.372235,0.998458,0.616713,0.455518,0.992094,0.750214,0.455485,0.192748,0.424358,0.495423,0.930143,0.682619,0.518268,0.155769,0.370599,0.50171,0.857968,0.674044,0.557614,0.183578,0.362021,0.495421,0.862744,0.680862,0.555303,0.178572,0.397667,0.47503,0.830767,0.685883,0.554418,0.190594,0.736043,0.636066,0.993662,0.739595,0.592356,0.985713,0.474515,0.672769,0.837581,0.524336,0.632328,0.302611,0.408335,0.785748,0.817118,0.490295,0.785488,0.254684,0.41345,0.819371,0.783344,0.503763,0.817558,0.261427,0.32399,0.770218,0.691031,0.424963,0.812804,0.26814
posture(259)_jpg.rf.e0plhZLXvuoqkBMxcAko.jpg,good,0.454234,0.264191,0.999686,0.47037,0.236218,0.999853,0.476115,0.235137,0.999854,0.48193,0.234638,0.99989,0.466593,0.234933,0.999774,0.468715,0.232988,0.999704,0.471106,0.231243,0.99981,0.521771,0.245126,0.999802,0.511107,0.239676,0.999884,0.46774,0.289471,0.999747,0.462478,0.285997,0.999708,0.557012,0.396166,0.99924,0.559833,0.362271,0.999519,0.360631,0.49663,0.913523,0.354082,0.480003,0.698376,0.40607,0.380209,0.948734,0.190268,0.485393,0.75759,0.415525,0.328656,0.946952,0.152147,0.485575,0.762666,0.402131,0.325666,0.946435,0.147388,0.483769,0.78185,0.40289,0.341358,0.946319,0.160851,0.486427,0.792732,0.650354,0.754134,0.999502,0.662106,0.720677,0.99938,0.339531,0.810962,0.926248,0.464553,0.793577,0.211033,0.396797,1.023252,0.695809,0.517793,0.98755,0.122398,0.440845,1.067018,0.786854,0.551358,1.015978,0.197122,0.328143,1.108164,0.58269,0.447614,0.988243,0.148567
sipotion_1749658648868_good_posture_0_66_jpg.rf.JaChzmVcjc1xE9YoKlfQ.jpg,bad,0.402267,0.306493,0.998664,0.415309,0.285337,0.999087,0.418345,0.286407,0.999107,0.42236,0.287607,0.999304,0.414163,0.283134,0.998943,0.416503,0.282701,0.998887,0.418848,0.282427,0.999213,0.455172,0.304329,0.999102,0.452069,0.298054,0.999193,0.414619,0.335441,0.999391,0.413921,0.333095,0.998861,0.477182,0.440716,0.999075,0.519269,0.396973,0.997852,0.389419,0.611982,0.885183,0.43255,0.532837,0.065563,0.314036,0.536835,0.749137,0.333331,0.518103,0.067568,0.289661,0.527664,0.734266,0.312731,0.521451,0.098235,0.303786,0.511038,0.739924,0.307438,0.512619,0.100732,0.321263,0.508856,0.709129,0.31072,0.514961,0.106215,0.510757,0.752817,0.993659,0.517968,0.705402,0.98599,0.266767,0.735885,0.882215,0.295722,0.693772,0.239581,0.213338,0.97872,0.774306,0.264577,0.906323,0.13065,0.236793,1.034052,0.75353,0.281662,0.947287,0.250363,0.086636,0.981704,0.727946,0.166963,0.920735,0.20346
posture(62)_jpg.rf.h7e4UQ3gOsOAt8sbSdTx.jpg,bad,0.538243,0.452961,0.999129,0.54602,0.43833,0.99961,0.545089,0.437335,0.999632,0.543793,0.436048,0.999626,0.543713,0.436136,0.999433,0.541624,0.433892,0.999398,0.53904,0.431209,0.999381,0.519338,0.421899,0.999667,0.512903,0.416631,0.999258,0.520828,0.458313,0.99967,0.518072,0.455699,0.999636,0.443876,0.469303,0.99926,0.419409,0.455373,0.999718,0.433844,0.589093,0.053874,0.395872,0.581415,0.952609,0.478494,0.65336,0.052087,0.51725,0.592707,0.855172,0.489744,0.674241,0.066989,0.543204,0.601381,0.805113,0.495444,0.665292,0.06927,0.551032,0.584948,0.798105,0.488461,0.657368,0.072479,0.54096,0.582886,0.764446,0.330493,0.614518,0.999271,0.298867,0.614109,0.999009,0.522502,0.658867,0.203005,0.513348,0.635793,0.953422,0.563082,0.817383,0.402993,0.558224,0.83004,0.972229,0.544951,0.849306,0.504995,0.533278,0.862593,0.968007,0.63463,0.842679,0.477982,0.645726,0.853812,0.957704
posture(215)_jpg.rf.Wgn6Fs0pzKrJ82U6xkua.jpg,good,0.57896,0.205532,0.99997,0.574989,0.182705,0.999982,0.573444,0.181452,0.999977,0.571672,0.18013,0.999983,0.573326,0.182196,0.999976,0.570631,0.1807,0.999966,0.567599,0.179219,0.999974,0.548408,0.179469,0.999965,0.543835,0.180553,0.999982,0.570801,0.220872,0.999983,0.567904,0.219662,0.999994,0.532027,0.291162,0.999751,0.491307,0.286276,0.999987,0.566932,0.435488,0.319652,0.527937,0.445611,0.979075,0.585261,0.317482,0.600419,0.636534,0.459117,0.940562,0.57941,0.292202,0.594103,0.663555,0.462903,0.90273,0.578952,0.277373,0.585296,0.66844,0.448985,0.89709,0.574164,0.284005,0.525526,0.660792,0.448379,0.87107,0.535532,0.545345,0.997243,0.513529,0.555889,0.998946,0.681497,0.630749,0.407464,0.699618,0.673025,0.963112,0.706931,0.830293,0.527442,0.746406,0.875856,0.982856,0.68484,0.86531,0.607294,0.734175,0.913979,0.970551,0.788526,0.874658,0.648542,0.84142,0.905945,0.973778
sipotion_1749660929556_leaning_forward_0_90_jpg.rf.M41aIAAgJfbA8GZOcM5e.jpg,bad,0.440146,0.38873,0.998256,0.438532,0.362184,0.998741,0.440819,0.360678,0.998657,0.443166,0.359426,0.998845,0.437882,0.361885,0.998599,0.439591,0.360088,0.998548,0.441407,0.358436,0.999029,0.469828,0.355971,0.998385,0.468047,0.350241,0.999387,0.46348,0.404546,0.998556,0.462637,0.403805,0.998426,0.533537,0.447435,0.998731,0.565252,0.405401,0.999083,0.409288,0.568881,0.943734,0.511504,0.525027,0.106367,0.303552,0.525799,0.8726,0.387959,0.556833,0.212686,0.274674,0.521945,0.852861,0.359667,0.566889,0.302948,0.283311,0.506671,0.855155,0.360403,0.560013,0.309114,0.298715,0.507472,0.858456,0.372487,0.559704,0.322179,0.70281,0.756181,0.999164,0.695686,0.704645,0.998993,0.438245,0.860425,0.934544,0.448335,0.734381,0.299791,0.57751,0.960959,0.690205,0.55619,0.926063,0.186357,0.626435,0.961845,0.716689,0.598552,0.945866,0.293427,0.541261,1.034512,0.641826,0.516082,1.008154,0.23806
posture(119)_jpg.rf.dvDmnBFLAJoULd3YUq9o.jpg,bad,0.590945,0.438531,0.999709,0.596276,0.414973,0.999701,0.595401,0.412923,0.99973,0.594306,0.410688,0.999764,0.592425,0.415213,0.999775,0.589039,0.413488,0.999739,0.585282,0.411456,0.999746,0.556525,0.398807,0.999687,0.546949,0.399186,0.999522,0.572742,0.447913,0.9997,0.568248,0.447591,0.999737,0.47112,0.439611,0.997307,0.437609,0.49705,0.997352,0.463456,0.631661,0.038336,0.427022,0.713959,0.88255,0.493861,0.769473,0.033906,0.503079,0.867724,0.832605,0.511682,0.781988,0.036113,0.509345,0.899702,0.78114,0.512359,0.78858,0.037844,0.522103,0.896162,0.77724,0.501603,0.790102,0.043383,0.517587,0.882785,0.735503,0.252971,0.590462,0.987515,0.214746,0.633481,0.987082,0.493486,0.644706,0.162399,0.484386,0.656196,0.808258,0.674153,0.818076,0.228817,0.663979,0.817668,0.749165,0.687261,0.868562,0.28454,0.672099,0.861659,0.694105,0.774071,0.784457,0.314707,0.775468,0.770137,0.761644
posture(90)_jpg.rf.y0NV82PIwzRvEe11iaec.jpg,good,0.418932,0.149347,0.999858,0.408324,0.123379,0.999829,0.405748,0.122253,0.999815,0.402651,0.121013,0.999877,0.406053,0.122843,0.99981,0.402404,0.121441,0.999777,0.398299,0.119985,0.999825,0.3668,0.125363,0.999878,0.365432,0.125346,0.999782,0.407583,0.17265,0.999593,0.403015,0.172901,0.999782,0.331442,0.274177,0.999608,0.340601,0.267446,0.999888,0.399786,0.448504,0.046196,0.433288,0.439357,0.965993,0.528528,0.50074,0.045135,0.570578,0.461296,0.764452,0.564338,0.515342,0.058702,0.621075,0.469483,0.714031,0.570103,0.503222,0.058161,0.621935,0.45423,0.714244,0.554256,0.500084,0.060806,0.600689,0.45353,0.698447,0.385668,0.601955,0.99864,0.374351,0.614999,0.998342,0.640489,0.67241,0.123521,0.673609,0.639082,0.90878,0.611734,0.889088,0.18851,0.624057,0.898562,0.809815,0.565753,0.942667,0.301374,0.572707,0.953442,0.800477,0.688428,0.968139,0.293977,0.738809,0.957136,0.81169
posture(314)_jpg.rf.Jbv8lt2htQw0dW7W9e7z.jpg,bad,0.235112,0.236821,0.999838,0.210699,0.219364,0.999607,0.206769,0.219631,0.999591,0.201138,0.219431,0.999712,0.205902,0.221214,0.999611,0.198691,0.223045,0.999446,0.191429,0.224556,0.999424,0.16533,0.245858,0.999558,0.15882,0.256937,0.999105,0.234803,0.272186,0.999763,0.228091,0.276239,0.999718,0.169995,0.357092,0.999852,0.185755,0.438177,0.99966,0.395927,0.419578,0.322233,0.466586,0.480228,0.960622,0.574697,0.322576,0.661383,0.650997,0.392136,0.950636,0.629031,0.292217,0.641966,0.723632,0.387673,0.934499,0.6282,0.277186,0.666861,0.68978,0.321733,0.937331,0.607427,0.298203,0.63561,0.668823,0.332497,0.910857,0.431271,0.599742,0.996539,0.469845,0.688313,0.99794,0.689471,0.376613,0.817443,0.806977,0.613276,0.965987,0.810936,0.442502,0.653109,0.822652,0.848494,0.9529,0.806166,0.474801,0.621317,0.7855,0.888656,0.879454,0.924887,0.421788,0.673699,0.908342,0.887537,0.942567
posture(127)_jpg.rf.hTIEOx9SbWaa9CwELtLM.jpg,good,0.237076,0.21051,0.999991,0.225327,0.192445,0.999988,0.224032,0.191781,0.999983,0.22239,0.190933,0.999992,0.2195,0.192995,0.999989,0.214221,0.192639,0.999982,0.208528,0.192308,0.999987,0.187649,0.200018,0.999992,0.174555,0.202018,0.999977,0.231979,0.234136,0.999987,0.223428,0.235308,0.999992,0.203397,0.327184,0.999941,0.129775,0.342542,0.999968,0.298166,0.464399,0.435052,0.238688,0.522348,0.991062,0.447257,0.498848,0.580755,0.456621,0.521201,0.955323,0.498454,0.517254,0.536705,0.512722,0.546471,0.925772,0.499519,0.510872,0.542165,0.518693,0.523684,0.928487,0.472388,0.502982,0.531655,0.495189,0.515864,0.916071,0.303749,0.58419,0.999311,0.265161,0.626166,0.999184,0.588879,0.564957,0.169947,0.603831,0.584456,0.899723,0.598669,0.773712,0.179324,0.592282,0.808817,0.882204,0.572359,0.807207,0.302457,0.56332,0.85222,0.867916,0.71234,0.83226,0.236397,0.72656,0.869941,0.849115
posture(770)_jpg.rf.iZe1lv0vnYLB11eydqNe.jpg,bad,0.4615,0.41549,0.999513,0.464811,0.386236,0.99951,0.469039,0.383474,0.999613,0.473663,0.38088,0.999705,0.46227,0.388362,0.999574,0.464078,0.387531,0.999595,0.466054,0.386652,0.99957,0.504416,0.376264,0.999288,0.493047,0.380815,0.999577,0.483272,0.431115,0.998482,0.478306,0.432301,0.99827,0.559,0.418765,0.999204,0.589566,0.448399,0.994391,0.374582,0.486341,0.925252,0.496761,0.568888,0.031654,0.177327,0.512899,0.93873,0.390349,0.612881,0.078487,0.121346,0.501671,0.932216,0.374518,0.602573,0.117825,0.114515,0.494556,0.923067,0.368398,0.602181,0.114688,0.127867,0.499249,0.913587,0.371651,0.610873,0.127864,0.788203,0.641997,0.999098,0.787421,0.639169,0.996993,0.518573,0.672756,0.983267,0.516986,0.684783,0.183247,0.367434,0.896646,0.978467,0.387571,0.893443,0.374553,0.382791,0.943067,0.962307,0.405014,0.940966,0.505146,0.256194,0.936459,0.942186,0.291766,0.914758,0.47047
posture(120)_jpg.rf.48rP0EF7WDQqOgS1GGXR.jpg,bad,0.573772,0.437384,0.999984,0.574967,0.413375,0.999992,0.573518,0.411197,0.999991,0.57183,0.408771,0.999993,0.571011,0.41366,0.999994,0.567329,0.411909,0.99999,0.563239,0.40962,0.999993,0.533455,0.397685,0.999992,0.527756,0.398914,0.999985,0.555904,0.444597,0.999987,0.550757,0.445682,0.99999,0.437233,0.427148,0.999569,0.412255,0.509009,0.999717,0.365426,0.548907,0.014325,0.362692,0.697332,0.947947,0.350758,0.640304,0.008103,0.475451,0.872444,0.76345,0.346079,0.654197,0.009121,0.470573,0.928257,0.68324,0.347894,0.656234,0.00907,0.489808,0.915107,0.691881,0.347325,0.657344,0.01063,0.489637,0.909475,0.656073,0.21956,0.603505,0.999494,0.179925,0.640623,0.999365,0.471198,0.671105,0.264216,0.462551,0.695696,0.862283,0.637702,0.85258,0.288066,0.660247,0.780503,0.805714,0.649142,0.903437,0.337891,0.672715,0.818155,0.710591,0.731287,0.82382,0.410799,0.77696,0.728758,0.829474
posture(7)_jpg.rf.Vbpow9WKnVXVX4tVGUWB.jpg,bad,0.561246,0.427608,0.999752,0.560301,0.408294,0.999786,0.558761,0.407111,0.99979,0.556755,0.405864,0.999823,0.557562,0.409436,0.999833,0.554458,0.408922,0.999795,0.551064,0.408155,0.999829,0.519219,0.400213,0.999723,0.515329,0.401979,0.999691,0.54759,0.437823,0.99977,0.544783,0.439159,0.99981,0.440613,0.448373,0.997968,0.418391,0.496561,0.999012,0.438636,0.62499,0.042024,0.411585,0.707769,0.920245,0.476747,0.756524,0.043753,0.478218,0.86206,0.875924,0.493794,0.769166,0.044079,0.485456,0.895671,0.822769,0.49461,0.775091,0.046889,0.502016,0.892579,0.818217,0.484708,0.776117,0.052961,0.494745,0.879943,0.77108,0.234956,0.60439,0.990487,0.205067,0.644127,0.991473,0.470002,0.629703,0.131979,0.461894,0.660657,0.810482,0.653859,0.788715,0.184843,0.658785,0.799113,0.749073,0.657076,0.846713,0.234222,0.655074,0.854318,0.688549,0.734873,0.757371,0.266176,0.748978,0.768637,0.757901
posture(880)_jpg.rf.3W6GTVTQDyxQISxefREl.jpg,bad,0.461992,0.442697,0.974844,0.455791,0.418921,0.967136,0.45714,0.415082,0.971742,0.458482,0.410699,0.971688,0.457377,0.420814,0.968877,0.459658,0.41881,0.973731,0.461655,0.416659,0.981357,0.484046,0.385133,0.95815,0.484302,0.396438,0.98691,0.479585,0.449159,0.972642,0.482559,0.450027,0.970616,0.522737,0.401131,0.99917,0.585966,0.40692,0.997778,0.342691,0.496459,0.989943,0.455954,0.542092,0.113031,0.142271,0.548819,0.981924,0.285289,0.583355,0.244705,0.086081,0.54844,0.970405,0.254639,0.567368,0.284255,0.084159,0.546494,0.966771,0.241545,0.560985,0.286864,0.106291,0.549207,0.954075,0.243912,0.564686,0.285714,0.65402,0.716,0.985194,0.688004,0.700445,0.976573,0.336387,0.703939,0.930143,0.435169,0.700701,0.163348,0.317132,0.917693,0.726915,0.36928,0.927522,0.160896,0.339354,0.965524,0.640744,0.388986,0.967222,0.248646,0.209912,0.931884,0.545453,0.288366,0.95808,0.167766
posture(83)_jpg.rf.j39NPbM3Qjiy6nSm0Dpf.jpg,good,0.615414,0.096821,0.999869,0.633091,0.073067,0.999906,0.637987,0.072372,0.999904,0.643092,0.071641,0.999934,0.62893,0.072226,0.999885,0.630591,0.070871,0.999881,0.63285,0.069178,0.999934,0.676991,0.080526,0.999887,0.66633,0.077035,0.999944,0.628375,0.118737,0.999885,0.622351,0.118243,0.9997,0.700352,0.225124,0.999869,0.691496,0.22257,0.999514,0.618952,0.423907,0.959583,0.600044,0.384307,0.134614,0.459696,0.459297,0.945284,0.469114,0.444203,0.128984,0.415382,0.466605,0.936347,0.415897,0.441483,0.142635,0.395997,0.444815,0.936569,0.409219,0.43415,0.143639,0.418721,0.446396,0.921192,0.434102,0.439073,0.15463,0.668814,0.583664,0.99975,0.652129,0.55919,0.999462,0.320038,0.635698,0.965782,0.391655,0.614975,0.304624,0.39296,0.923558,0.970712,0.53825,0.846348,0.346763,0.428289,0.962257,0.965066,0.583696,0.866055,0.464809,0.264857,0.97893,0.956964,0.503875,0.947965,0.420593
posture(382)_jpg.rf.1sIgeaEvCiVrQqOo4mfH.jpg,good,0.395217,0.151695,0.999444,0.388028,0.13439,0.999266,0.386998,0.133782,0.999286,0.385699,0.133159,0.999453,0.385304,0.134343,0.999356,0.382789,0.133911,0.999391,0.379781,0.133516,0.99948,0.364202,0.138721,0.999042,0.359951,0.139982,0.999484,0.389602,0.167999,0.99887,0.385473,0.168482,0.999396,0.335845,0.241277,0.99933,0.339788,0.238486,0.999824,0.393218,0.336351,0.099605,0.410053,0.344944,0.977671,0.495896,0.359182,0.151057,0.512758,0.363203,0.938627,0.519136,0.358656,0.195623,0.53606,0.367148,0.926377,0.522779,0.354927,0.20876,0.53574,0.360114,0.921282,0.51385,0.355599,0.215554,0.528281,0.359147,0.890045,0.322433,0.467028,0.998528,0.326446,0.473011,0.998723,0.451013,0.545671,0.358923,0.464965,0.541043,0.98746,0.433634,0.7234,0.6996,0.442775,0.736973,0.990398,0.41572,0.746869,0.749853,0.419473,0.762271,0.977295,0.486325,0.754693,0.814591,0.499384,0.766745,0.985354
posture(586)_jpg.rf.dM16F7pGOMU5Ru0GVPdj.jpg,bad,0.504571,0.365096,0.999932,0.507932,0.34368,0.999927,0.506476,0.343385,0.999906,0.504628,0.342639,0.999952,0.504848,0.339026,0.999922,0.50118,0.335911,0.999863,0.496752,0.33263,0.99989,0.472294,0.327602,0.999972,0.460647,0.321148,0.999891,0.485748,0.374425,0.999899,0.480305,0.371192,0.999907,0.403655,0.380442,0.999894,0.337054,0.382459,0.999887,0.47556,0.517658,0.099638,0.42527,0.566028,0.950102,0.63271,0.508254,0.112862,0.610828,0.509506,0.861517,0.691164,0.500936,0.164871,0.67136,0.509981,0.7801,0.689113,0.486187,0.179005,0.664857,0.487839,0.788347,0.684883,0.479336,0.183097,0.64474,0.485109,0.766719,0.373666,0.666988,0.999406,0.343701,0.696032,0.9993,0.65852,0.705184,0.114299,0.69767,0.690235,0.857077,0.5575,0.892486,0.051736,0.539714,0.924322,0.513174,0.505943,0.908216,0.089884,0.472944,0.945882,0.626663,0.606067,0.977833,0.045817,0.585929,1.023751,0.387506
posture(429)_jpg.rf.1MG8mzDmPsBEMX2Lr2rj.jpg,good,0.371086,0.124983,0.999962,0.360886,0.106046,0.999963,0.360271,0.105519,0.999944,0.359429,0.104994,0.999965,0.355295,0.106284,0.999966,0.35085,0.106064,0.99995,0.345604,0.106129,0.999969,0.337307,0.113887,0.999954,0.317901,0.118065,0.999963,0.366064,0.147712,0.999928,0.359473,0.148119,0.999977,0.31293,0.25047,0.999422,0.283549,0.244159,0.999956,0.332908,0.434723,0.056457,0.31079,0.436619,0.989966,0.453342,0.474139,0.101224,0.475562,0.459608,0.928068,0.499309,0.506003,0.130974,0.520089,0.468266,0.886997,0.503132,0.492911,0.133455,0.53502,0.451285,0.88987,0.483859,0.486835,0.138799,0.52063,0.445398,0.880617,0.340939,0.544877,0.998591,0.318243,0.557776,0.998864,0.569926,0.577337,0.22805,0.573592,0.567595,0.948379,0.579066,0.828186,0.311684,0.580332,0.855913,0.940301,0.540769,0.865641,0.425295,0.549683,0.890329,0.924039,0.666824,0.876562,0.377107,0.703223,0.91273,0.917419
posture(850)_jpg.rf.kTfH46IPoc2bmyqAh597.jpg,bad,0.599594,0.38156,0.999613,0.590467,0.360391,0.999723,0.589489,0.359756,0.99972,0.588215,0.359051,0.999746,0.585063,0.360424,0.999709,0.580204,0.360027,0.999691,0.57484,0.359699,0.999741,0.551284,0.363068,0.999788,0.540506,0.365644,0.999766,0.591604,0.398469,0.999577,0.584836,0.399468,0.999606,0.499469,0.442293,0.998167,0.526654,0.457813,0.999365,0.601897,0.530616,0.071583,0.668849,0.541311,0.912462,0.651647,0.607365,0.077039,0.712998,0.547331,0.800926,0.665188,0.601045,0.097934,0.725758,0.53529,0.776208,0.66107,0.597844,0.102447,0.711845,0.531832,0.767065,0.652703,0.600138,0.115288,0.705094,0.540575,0.769949,0.390228,0.660879,0.999464,0.383779,0.674402,0.999586,0.605324,0.673099,0.35761,0.626134,0.658805,0.968387,0.606296,0.842977,0.541632,0.660552,0.863682,0.948011,0.584508,0.883847,0.582979,0.637478,0.903748,0.9285,0.696584,0.86841,0.670081,0.764809,0.886786,0.920988
posture(379)_jpg.rf.iniBcBOedaxGKxc5Dwsy.jpg,good,0.425857,0.233222,0.998353,0.427534,0.217107,0.997855,0.426471,0.216107,0.997605,0.425193,0.215051,0.998348,0.426753,0.216261,0.997798,0.425165,0.214706,0.997662,0.423148,0.213016,0.998148,0.407078,0.209428,0.996859,0.403921,0.207017,0.997576,0.414068,0.240757,0.996823,0.412414,0.239782,0.998264,0.357928,0.281048,0.998901,0.356261,0.274074,0.999865,0.358615,0.386589,0.037599,0.390583,0.389003,0.981959,0.407051,0.443341,0.058255,0.485323,0.385835,0.945651,0.418762,0.456668,0.083357,0.507678,0.389551,0.925251,0.425283,0.447543,0.08598,0.509858,0.379859,0.924694,0.420298,0.441955,0.084176,0.503239,0.379106,0.886869,0.353663,0.481888,0.996558,0.351941,0.486049,0.996791,0.454453,0.556571,0.202105,0.475569,0.54458,0.90613,0.431633,0.706169,0.370005,0.43677,0.713963,0.925716,0.411621,0.729413,0.474555,0.412963,0.730734,0.887111,0.469319,0.749782,0.505262,0.476383,0.757726,0.905681
posture(17)_jpg.rf.58Us1eZcFtsrhyhv2DXK.jpg,bad,0.61362,0.222916,0.997944,0.621256,0.189143,0.998027,0.619665,0.18607,0.997626,0.617397,0.182454,0.998533,0.615379,0.187254,0.998281,0.610146,0.183203,0.997895,0.603664,0.178366,0.99842,0.573027,0.162485,0.998743,0.560107,0.162051,0.997216,0.583612,0.236507,0.997866,0.575187,0.234683,0.998321,0.454964,0.236654,0.997548,0.435736,0.289989,0.998588,0.557567,0.362308,0.129688,0.569581,0.487667,0.993559,0.72072,0.393182,0.248338,0.808812,0.469078,0.98504,0.758413,0.402415,0.287411,0.880468,0.480696,0.963893,0.783674,0.394215,0.301299,0.880436,0.455553,0.964976,0.756051,0.404591,0.287239,0.854233,0.448544,0.947131,0.337327,0.581471,0.996387,0.306054,0.656467,0.997361,0.63604,0.630684,0.293442,0.643893,0.693935,0.850811,0.521294,0.846508,0.197597,0.550048,0.902214,0.798188,0.469069,0.857991,0.266604,0.495627,0.913564,0.815629,0.571572,0.953606,0.272355,0.640561,0.968141,0.797847
sipotion_1749658641704_good_posture_0_77_jpg.rf.YRpLmDT0rAadYdrhADxC.jpg,good,0.429434,0.275807,0.999281,0.447025,0.253227,0.999442,0.451648,0.253681,0.99954,0.457826,0.254681,0.999497,0.444396,0.250743,0.999325,0.447161,0.248872,0.999321,0.449824,0.247437,0.999378,0.50211,0.272628,0.999408,0.489859,0.26282,0.999729,0.445897,0.308826,0.99914,0.443977,0.304342,0.999234,0.526951,0.424386,0.999613,0.536003,0.376477,0.999502,0.371753,0.524608,0.969056,0.430182,0.52831,0.206865,0.405759,0.347264,0.950078,0.333154,0.619726,0.276385,0.400356,0.302047,0.922321,0.298642,0.648174,0.333281,0.42418,0.291178,0.924437,0.309183,0.647219,0.346702,0.433656,0.308585,0.922023,0.327165,0.628107,0.357384,0.490397,0.779065,0.998022,0.50436,0.735819,0.997834,0.208673,0.766795,0.877911,0.27407,0.761885,0.177322,0.166157,1.011012,0.548246,0.212145,0.988546,0.068479,0.195585,1.06185,0.582494,0.231451,1.034984,0.127283,0.03444,1.031866,0.449427,0.07903,0.98454,0.08627
posture(858)_jpg.rf.1as5h8izt2TXUyPbqVDh.jpg,good,0.456891,0.201442,0.999802,0.464999,0.176098,0.999845,0.468665,0.174975,0.999835,0.472968,0.173892,0.999838,0.46048,0.175741,0.999848,0.461129,0.174422,0.999837,0.46027,0.173349,0.999837,0.496856,0.177976,0.999886,0.483629,0.177097,0.999798,0.470929,0.220806,0.999848,0.462405,0.220988,0.999666,0.559273,0.293689,0.999908,0.491101,0.280919,0.999023,0.491533,0.475265,0.966856,0.461951,0.444227,0.260154,0.363521,0.479864,0.915917,0.415537,0.41059,0.363478,0.327625,0.482112,0.86367,0.406076,0.396457,0.353447,0.329968,0.464729,0.862581,0.405074,0.377245,0.328435,0.340582,0.464495,0.807374,0.413722,0.384515,0.299346,0.544596,0.5833,0.998854,0.496133,0.554567,0.997987,0.366292,0.724749,0.882845,0.335193,0.66453,0.438093,0.271264,0.940411,0.868728,0.306331,0.869018,0.333029,0.309382,0.98553,0.854762,0.327122,0.906666,0.476604,0.162236,0.956388,0.834452,0.202954,0.913175,0.383132
posture(371)_jpg.rf.h54Eq6yeKGj6VUdHOiEs.jpg,good,0.405512,0.282,0.994313,0.401984,0.270544,0.990749,0.400675,0.269626,0.991177,0.399392,0.268436,0.993067,0.401224,0.270513,0.990591,0.399524,0.26978,0.991023,0.39766,0.268869,0.992888,0.384526,0.267277,0.984242,0.383567,0.269056,0.989221,0.398018,0.290886,0.983972,0.396352,0.291251,0.990906,0.355836,0.330846,0.996389,0.360424,0.329471,0.999612,0.359538,0.426773,0.023067,0.372963,0.43197,0.964787,0.401166,0.475628,0.024242,0.448773,0.426791,0.85919,0.410399,0.488363,0.038082,0.467228,0.429193,0.836624,0.414467,0.480957,0.038615,0.467333,0.420235,0.828387,0.410466,0.475363,0.04321,0.459616,0.419551,0.749194,0.35047,0.498651,0.994323,0.352561,0.507474,0.993874,0.450573,0.543833,0.204899,0.468331,0.542081,0.960561,0.442808,0.680742,0.449253,0.45707,0.692024,0.956139,0.422103,0.706371,0.559407,0.438776,0.715674,0.909934,0.484573,0.707434,0.616667,0.503242,0.718165,0.944159
posture(144)_jpg.rf.5qJlPdHs3lkvwDlVNPGO.jpg,good,0.529464,0.270581,0.988289,0.542478,0.248592,0.986731,0.547159,0.247137,0.987589,0.552776,0.245458,0.990529,0.538564,0.248864,0.985458,0.540457,0.247529,0.985073,0.542813,0.245777,0.99117,0.590505,0.250855,0.980755,0.580503,0.24903,0.988455,0.544646,0.288122,0.988874,0.538922,0.288624,0.977492,0.626383,0.347501,0.999018,0.618781,0.344547,0.98985,0.462409,0.462605,0.988967,0.511528,0.471538,0.038559,0.260825,0.496395,0.964329,0.403125,0.560212,0.029857,0.21227,0.491089,0.946948,0.391613,0.571129,0.040758,0.206851,0.483507,0.944362,0.384081,0.565529,0.038502,0.223503,0.488735,0.918378,0.388466,0.56309,0.04166,0.555551,0.644134,0.996722,0.557596,0.620746,0.990612,0.260295,0.657921,0.949894,0.316906,0.654789,0.359458,0.259612,0.890532,0.928857,0.305521,0.868557,0.403957,0.292736,0.921152,0.928335,0.344825,0.915654,0.498947,0.154791,0.934588,0.880428,0.235874,0.937204,0.429893
posture(828)_jpg.rf.68g7llLWSHSOl3UOKB0V.jpg,bad,0.440517,0.408151,0.999988,0.428497,0.391369,0.999986,0.428282,0.390809,0.999984,0.427588,0.390331,0.999991,0.420291,0.393552,0.99998,0.413849,0.39479,0.999973,0.406784,0.396168,0.999973,0.397655,0.400861,0.99999,0.375373,0.409753,0.999959,0.442329,0.426471,0.999974,0.431362,0.429016,0.999976,0.442435,0.488248,0.999987,0.337095,0.501854,0.999693,0.555303,0.555287,0.75725,0.416933,0.607615,0.928486,0.684306,0.575071,0.939841,0.599164,0.64224,0.788415,0.722267,0.57068,0.91629,0.638679,0.660348,0.723555,0.723941,0.567163,0.920975,0.646833,0.643097,0.723276,0.712792,0.570803,0.904883,0.633301,0.63561,0.722489,0.517594,0.680397,0.999534,0.474683,0.717113,0.99909,0.735415,0.700609,0.448272,0.743049,0.737799,0.888203,0.765453,0.87245,0.360338,0.767473,0.922402,0.889406,0.743139,0.901676,0.40626,0.728141,0.951223,0.814395,0.848036,0.933205,0.347015,0.847708,0.977687,0.799655
posture(320)_jpg.rf.5WYripujPvSQq1jIPgj2.jpg,bad,0.48577,0.423694,0.999345,0.492455,0.40425,0.999142,0.491082,0.402588,0.998887,0.487616,0.399085,0.999304,0.494688,0.401983,0.999237,0.492217,0.395393,0.99895,0.492142,0.391665,0.999343,0.472044,0.372986,0.999257,0.478487,0.369305,0.998995,0.469206,0.427425,0.998019,0.471744,0.424673,0.998285,0.397864,0.400823,0.998855,0.443862,0.368098,0.999973,0.525064,0.477142,0.182961,0.626,0.429587,0.988688,0.65312,0.542347,0.224295,0.769663,0.509423,0.962898,0.67591,0.540731,0.221293,0.816571,0.511873,0.929662,0.683463,0.539952,0.217046,0.818494,0.51106,0.924885,0.672269,0.543489,0.220945,0.796218,0.513474,0.904147,0.321986,0.656299,0.999755,0.352526,0.663056,0.999923,0.565754,0.673138,0.174514,0.621979,0.672812,0.974752,0.61638,0.88304,0.307789,0.655332,0.902727,0.974198,0.59372,0.915664,0.403361,0.630197,0.934732,0.96148,0.689263,0.923492,0.421953,0.752646,0.936865,0.94887
posture(163)_jpg.rf.w0zAaeJmcZfvcPmPQi2N.jpg,good,0.530604,0.195808,0.999865,0.544591,0.16813,0.99994,0.549693,0.166899,0.999931,0.554684,0.165972,0.999954,0.540538,0.168385,0.999942,0.542598,0.167189,0.999931,0.545176,0.165948,0.999959,0.593526,0.173787,0.999935,0.585716,0.171743,0.999963,0.549061,0.220311,0.999912,0.544031,0.219786,0.999818,0.613774,0.282946,0.999975,0.658939,0.283796,0.999619,0.566216,0.466693,0.991212,0.608716,0.465455,0.044554,0.352753,0.474892,0.983019,0.477778,0.553667,0.040375,0.300074,0.4755,0.973392,0.45561,0.566912,0.052562,0.288279,0.463752,0.971705,0.445019,0.554575,0.050207,0.30665,0.465635,0.955917,0.450771,0.55029,0.054266,0.593377,0.611105,0.999966,0.658662,0.616562,0.99962,0.255121,0.657303,0.990723,0.47028,0.674557,0.247017,0.281612,0.949577,0.980142,0.513892,0.88346,0.303268,0.320467,0.975707,0.984744,0.553076,0.914772,0.395427,0.186514,1.002129,0.957837,0.447437,0.945606,0.31157
sipotion_1749658652880_slouch_0_76_jpg.rf.bKXvTR22eqlMc3ttkFhT.jpg,bad,0.406994,0.389926,0.999345,0.411282,0.364102,0.99957,0.414675,0.362914,0.999552,0.418544,0.361695,0.999606,0.410047,0.363601,0.999496,0.412341,0.361896,0.999482,0.415212,0.359924,0.999606,0.457008,0.361249,0.999388,0.455851,0.355662,0.999698,0.428322,0.41285,0.999683,0.426393,0.412514,0.999606,0.512889,0.473517,0.999762,0.559283,0.413955,0.998997,0.461934,0.634352,0.84974,0.523766,0.554676,0.056285,0.400696,0.538964,0.801119,0.43315,0.525405,0.061805,0.37408,0.534341,0.767978,0.406657,0.530505,0.094462,0.385012,0.516413,0.765996,0.402917,0.525428,0.091936,0.398859,0.520724,0.748596,0.411083,0.52549,0.096792,0.632857,0.752965,0.995164,0.648239,0.698901,0.989088,0.362566,0.734639,0.831662,0.406725,0.70205,0.144426,0.358646,0.97386,0.64223,0.369433,0.890477,0.087633,0.396705,1.017125,0.599559,0.394565,0.926129,0.209971,0.227569,0.984476,0.608457,0.251662,0.914403,0.157355
posture(747)_jpg.rf.6dzuOUAL7YbKbsXqjoMP.jpg,good,0.515448,0.33415,0.994888,0.530707,0.309939,0.994849,0.536805,0.309084,0.995243,0.543216,0.308062,0.996007,0.524221,0.309967,0.993782,0.525182,0.309041,0.993137,0.526554,0.30777,0.995722,0.578546,0.31626,0.994017,0.56262,0.314483,0.995337,0.530942,0.352127,0.995259,0.522205,0.352731,0.990064,0.609697,0.412223,0.99883,0.596702,0.413331,0.994345,0.447892,0.531205,0.979186,0.470801,0.53081,0.074351,0.242311,0.562148,0.944693,0.335614,0.613411,0.069016,0.188708,0.560984,0.922077,0.315126,0.620345,0.091361,0.182599,0.547401,0.919806,0.308219,0.615725,0.088967,0.200956,0.555688,0.893429,0.316758,0.615653,0.09684,0.534346,0.708978,0.996785,0.544558,0.694781,0.992183,0.227815,0.71783,0.958136,0.338878,0.776139,0.382512,0.244581,0.943872,0.908245,0.308729,0.957111,0.419465,0.281801,0.973755,0.91707,0.370768,1.016125,0.472737,0.147222,0.978558,0.81957,0.267492,1.032342,0.381155
posture(746)_jpg.rf.tzDbUhzDHsHfb5i80wZJ.jpg,good,0.513709,0.315972,0.987362,0.52468,0.294866,0.98705,0.52898,0.293833,0.986997,0.534034,0.292567,0.991036,0.5209,0.295179,0.985119,0.52231,0.29431,0.982737,0.523963,0.293126,0.990665,0.56665,0.297625,0.982365,0.556503,0.296463,0.986223,0.526159,0.331074,0.988402,0.520954,0.331959,0.974218,0.595774,0.390241,0.998804,0.582075,0.383486,0.987993,0.44412,0.494579,0.983121,0.460434,0.481799,0.057444,0.257919,0.523558,0.958492,0.323079,0.553438,0.050558,0.215933,0.519382,0.942835,0.302172,0.554257,0.068775,0.212341,0.510866,0.941298,0.292718,0.552159,0.067524,0.227241,0.515373,0.913563,0.301157,0.5547,0.07269,0.531186,0.653699,0.997474,0.531823,0.631063,0.990515,0.264875,0.679245,0.929919,0.323166,0.682911,0.302907,0.260766,0.894084,0.926303,0.312053,0.86762,0.328599,0.287347,0.929631,0.932823,0.340824,0.895436,0.423352,0.168901,0.918236,0.877773,0.27375,0.9246,0.349893
posture(228)_jpg.rf.627Sh5Oy9dmIMv9Amt7H.jpg,bad,0.309929,0.280545,0.991144,0.309611,0.24121,0.995585,0.313162,0.239,0.995588,0.316925,0.237207,0.996557,0.308297,0.239857,0.99161,0.310523,0.236796,0.990497,0.313017,0.234242,0.993402,0.35457,0.227864,0.992277,0.35087,0.224455,0.994198,0.335031,0.296644,0.992564,0.333977,0.295956,0.989604,0.410247,0.354135,0.998452,0.490189,0.29398,0.989876,0.244915,0.551864,0.943673,0.423986,0.430681,0.05337,0.078029,0.472165,0.882105,0.242345,0.424119,0.121109,0.048285,0.463128,0.859371,0.202194,0.428545,0.188947,0.048737,0.435329,0.873595,0.199147,0.412649,0.191295,0.073276,0.444502,0.858794,0.214282,0.417806,0.181224,0.540064,0.739921,0.979222,0.563141,0.677685,0.955525,0.143974,0.7436,0.816261,0.210652,0.68642,0.200682,0.292251,1.003096,0.553102,0.328744,0.916066,0.137424,0.350503,1.021319,0.606689,0.372965,0.939085,0.248398,0.245492,1.111592,0.426242,0.300295,1.006461,0.148935
posture(497)_jpg.rf.uD3gMw78rOs2r9DH3IKE.jpg,good,0.495488,0.152198,0.996521,0.500662,0.131915,0.99774,0.5044,0.130573,0.997763,0.50883,0.128832,0.998451,0.496354,0.132717,0.996833,0.496776,0.132123,0.996309,0.497552,0.131257,0.997958,0.543545,0.127551,0.997805,0.532432,0.128712,0.998183,0.513676,0.168224,0.997278,0.508453,0.168675,0.994297,0.598344,0.243097,0.999227,0.581272,0.235253,0.996937,0.490307,0.373482,0.977034,0.481862,0.334367,0.108507,0.330543,0.37429,0.969282,0.358654,0.372893,0.123855,0.287345,0.382083,0.96348,0.335563,0.372397,0.179351,0.281553,0.372208,0.963535,0.324901,0.364826,0.187372,0.299785,0.369761,0.943868,0.331085,0.370235,0.197363,0.628247,0.500326,0.999433,0.609924,0.478778,0.998921,0.388025,0.55077,0.960283,0.436359,0.516123,0.28922,0.540407,0.706554,0.936932,0.556785,0.68885,0.390314,0.579605,0.71809,0.9513,0.585726,0.70344,0.516222,0.512321,0.785265,0.910893,0.526587,0.759472,0.411132
posture(40)_jpg.rf.3yAh2e9cIcfWAsJ3jO8s.jpg,good,0.306199,0.143065,0.999989,0.295104,0.124286,0.999987,0.294834,0.123732,0.99998,0.29428,0.12316,0.999988,0.288218,0.124976,0.999991,0.282535,0.125115,0.99999,0.276444,0.125699,0.999994,0.268898,0.131713,0.999984,0.248045,0.137441,0.999993,0.301652,0.16526,0.999972,0.291296,0.165448,0.999991,0.280574,0.261126,0.999707,0.216894,0.255717,0.999985,0.340569,0.394905,0.070985,0.267867,0.404988,0.993006,0.464929,0.427335,0.135308,0.436702,0.412821,0.974251,0.50834,0.431051,0.173033,0.485738,0.426696,0.956791,0.516801,0.415835,0.17798,0.50053,0.412163,0.954661,0.502301,0.415265,0.185366,0.474207,0.407341,0.940904,0.315484,0.53859,0.999553,0.286515,0.547072,0.999654,0.551225,0.557499,0.11197,0.568174,0.549694,0.955389,0.537149,0.79749,0.291027,0.550515,0.812416,0.972063,0.506273,0.829501,0.498159,0.514347,0.847972,0.971105,0.644246,0.844934,0.400836,0.656978,0.856289,0.956033
sipotion_1749658615050_slouch_0_60_jpg.rf.kQE7TAedxKJwQLab0GtD.jpg,bad,0.595861,0.35757,0.999203,0.6138,0.337095,0.999329,0.616885,0.339015,0.999283,0.619703,0.341184,0.999434,0.609731,0.330612,0.998928,0.611346,0.328441,0.998758,0.616835,0.32737,0.999193,0.658822,0.360886,0.999155,0.647498,0.342883,0.99915,0.606736,0.391112,0.999688,0.601153,0.383017,0.999446,0.660978,0.541477,0.999609,0.704604,0.423812,0.999097,0.545044,0.750154,0.98719,0.620241,0.570382,0.241227,0.421675,0.69882,0.894755,0.47924,0.626476,0.199117,0.40256,0.710147,0.799674,0.44131,0.622312,0.217963,0.407772,0.68082,0.811987,0.434242,0.617681,0.235716,0.425401,0.66569,0.776507,0.435612,0.63358,0.252383,0.583058,0.829246,0.993678,0.615184,0.750901,0.976212,0.339158,0.770258,0.860633,0.392251,0.703477,0.169215,0.284892,0.948331,0.657822,0.317052,0.886249,0.089092,0.300151,0.997417,0.572599,0.325786,0.933815,0.134679,0.173,0.930058,0.508294,0.21136,0.876092,0.118349
posture(285)_jpg.rf.xBjcs7dL2F6TZUxHI6Ip.jpg,bad,0.190544,0.315347,0.999981,0.177671,0.293968,0.999941,0.176359,0.293474,0.999924,0.174118,0.292865,0.999963,0.169749,0.296771,0.999963,0.162541,0.298496,0.999949,0.154029,0.300281,0.999955,0.130024,0.310256,0.999964,0.114621,0.318747,0.999934,0.187718,0.341696,0.999959,0.177166,0.344743,0.999977,0.15224,0.413396,0.999947,0.086759,0.470252,0.999859,0.342577,0.464962,0.863125,0.240552,0.615325,0.993956,0.529111,0.470298,0.903804,0.457346,0.650116,0.97207,0.585733,0.476864,0.839911,0.505414,0.660455,0.945478,0.584867,0.471177,0.85639,0.517813,0.648335,0.948347,0.565979,0.475462,0.847278,0.50142,0.644968,0.943709,0.321397,0.676463,0.994231,0.292766,0.728656,0.994611,0.611189,0.686812,0.174699,0.647337,0.728623,0.84557,0.511322,0.909858,0.085006,0.535454,0.934982,0.812051,0.467526,0.941946,0.144642,0.482408,0.968475,0.840422,0.590974,0.973101,0.096328,0.619077,0.996958,0.739718
posture(151)_jpg.rf.xODrWx4tckGOh7dswouj.jpg,good,0.580764,0.27694,0.983689,0.595333,0.256705,0.987658,0.598426,0.256374,0.987134,0.601627,0.256163,0.990296,0.595386,0.256119,0.987098,0.598282,0.255321,0.987406,0.601213,0.254661,0.994398,0.635052,0.267332,0.982753,0.634521,0.265978,0.996497,0.58848,0.301262,0.990472,0.588175,0.300813,0.988145,0.606756,0.36206,0.998734,0.684289,0.3729,0.996532,0.437624,0.459551,0.994855,0.518774,0.49623,0.106861,0.253993,0.517155,0.986322,0.377969,0.528954,0.110579,0.209458,0.510912,0.978612,0.356115,0.527751,0.130697,0.207332,0.50198,0.977669,0.358664,0.521746,0.128271,0.221032,0.506828,0.96698,0.356697,0.524808,0.132647,0.560826,0.642828,0.998263,0.624224,0.65506,0.994821,0.286281,0.655881,0.972545,0.400558,0.679374,0.32914,0.311972,0.879354,0.946359,0.390381,0.880604,0.331199,0.347725,0.923732,0.959152,0.414861,0.911494,0.454448,0.229277,0.920022,0.885252,0.331519,0.928356,0.311653
posture(496)_jpg.rf.xTyo715sMsNpulwvjTOv.jpg,good,0.506475,0.159271,0.997304,0.503031,0.138921,0.99549,0.501383,0.137716,0.995048,0.498997,0.136288,0.997281,0.498733,0.13796,0.996719,0.493835,0.135944,0.996279,0.488793,0.133741,0.997061,0.460043,0.131872,0.997509,0.456459,0.13106,0.995588,0.491318,0.176839,0.994101,0.4862,0.175197,0.996215,0.397938,0.232041,0.998919,0.393683,0.24082,0.999175,0.488793,0.346259,0.124033,0.489413,0.369383,0.963517,0.598037,0.377582,0.194774,0.637801,0.375424,0.947657,0.634725,0.377012,0.269995,0.681047,0.380488,0.935057,0.638237,0.36869,0.286896,0.675682,0.368185,0.933902,0.636609,0.381443,0.29225,0.660831,0.367691,0.898152,0.380401,0.483917,0.992448,0.378451,0.504193,0.99183,0.564749,0.528763,0.087225,0.608674,0.547349,0.890098,0.444365,0.661445,0.134528,0.458312,0.69496,0.854606,0.405205,0.670645,0.265057,0.418599,0.702118,0.902543,0.471215,0.721218,0.211647,0.507304,0.7469,0.80429
posture(198)_jpg.rf.xrBdfbiX6Tq6xLJPVz84.jpg,bad,0.405154,0.376999,0.998112,0.421781,0.357554,0.9988,0.427346,0.357632,0.998851,0.433405,0.357666,0.998998,0.416685,0.356881,0.999148,0.418484,0.356501,0.999135,0.420885,0.355977,0.999165,0.460107,0.367594,0.997842,0.451905,0.362718,0.999245,0.419306,0.397168,0.997014,0.414386,0.396194,0.997886,0.455527,0.486272,0.998348,0.520893,0.422912,0.998634,0.345634,0.577804,0.464179,0.441652,0.53377,0.025626,0.340639,0.546413,0.28381,0.364767,0.593563,0.055456,0.342571,0.544735,0.2712,0.354139,0.612642,0.089942,0.356842,0.538989,0.277547,0.356923,0.610056,0.090841,0.358502,0.540382,0.326965,0.360601,0.603724,0.102707,0.621217,0.691038,0.999099,0.637131,0.651382,0.999269,0.377189,0.658613,0.945942,0.405897,0.621297,0.154099,0.329423,0.855058,0.966517,0.380059,0.837324,0.476161,0.347496,0.902173,0.936639,0.399681,0.871151,0.453302,0.243579,0.863437,0.939137,0.317708,0.879466,0.499918
posture(486)_jpg.rf.uMv518z3H8glQoiv2uN8.jpg,good,0.482307,0.115051,0.998435,0.469896,0.093481,0.997487,0.468181,0.092586,0.997387,0.466204,0.091756,0.998157,0.466845,0.094268,0.997963,0.463118,0.093989,0.99763,0.459183,0.093922,0.998056,0.438885,0.100511,0.996986,0.434339,0.103127,0.998384,0.475453,0.137835,0.994334,0.470821,0.138161,0.99703,0.415888,0.235343,0.997826,0.396623,0.228645,0.999558,0.429172,0.391475,0.028134,0.440519,0.4028,0.96276,0.512974,0.435759,0.087214,0.572735,0.380222,0.880773,0.531168,0.422412,0.134302,0.613489,0.399195,0.872912,0.554167,0.41094,0.138473,0.617892,0.384306,0.871264,0.530077,0.399319,0.135087,0.604244,0.377891,0.842378,0.412609,0.575353,0.985676,0.380053,0.585464,0.989375,0.541577,0.73581,0.401126,0.514423,0.799883,0.949937,0.431218,0.871844,0.338984,0.322122,0.887343,0.794315,0.39817,0.879859,0.345189,0.282798,0.871596,0.695086,0.449438,0.935858,0.374159,0.314268,0.976174,0.739816
sipotion_1749658636068_slouch_0_58_jpg.rf.l9pUzvbZrtM4T1LpP3Mh.jpg,good,0.406219,0.267887,0.99939,0.42071,0.24182,0.999533,0.423717,0.24249,0.999611,0.426581,0.243365,0.999603,0.420085,0.240926,0.99933,0.422944,0.24099,0.999324,0.426001,0.24124,0.999424,0.464046,0.2611,0.999622,0.465315,0.259715,0.999733,0.414218,0.296803,0.999575,0.415159,0.295588,0.999506,0.456255,0.408885,0.999811,0.52824,0.387138,0.999534,0.306436,0.551401,0.934739,0.417534,0.564228,0.133884,0.346734,0.426461,0.892755,0.328959,0.604184,0.199745,0.345251,0.382603,0.867344,0.30758,0.621108,0.246894,0.368318,0.37495,0.873515,0.310154,0.609874,0.253709,0.375084,0.393737,0.875397,0.319831,0.607364,0.257962,0.434197,0.782845,0.998872,0.485834,0.756289,0.997987,0.162799,0.809103,0.946457,0.263583,0.7829,0.216972,0.114096,1.041002,0.76646,0.219864,0.965129,0.110049,0.13745,1.087914,0.766522,0.23635,1.006293,0.208226,-0.000644,1.057786,0.630641,0.119413,0.97672,0.139041
sipotion_1749658658497_slouch_0_81_jpg.rf.hAjfagPdCNIDOatES8pc.jpg,bad,0.424642,0.388952,0.998219,0.432085,0.365331,0.998854,0.436141,0.36415,0.998947,0.440075,0.363079,0.999062,0.429235,0.364451,0.998281,0.431377,0.362485,0.997967,0.433673,0.360521,0.998274,0.481391,0.365101,0.998631,0.474663,0.360377,0.99833,0.447961,0.412382,0.999054,0.445408,0.411127,0.998443,0.525088,0.469542,0.999694,0.559891,0.410086,0.99702,0.432856,0.617442,0.918554,0.490401,0.537406,0.086953,0.404258,0.490634,0.717482,0.413596,0.498861,0.084345,0.385955,0.488474,0.661608,0.397525,0.486958,0.111633,0.408968,0.470094,0.665871,0.391491,0.484392,0.109992,0.417848,0.470011,0.64501,0.402924,0.493443,0.116743,0.581388,0.747919,0.997584,0.610195,0.702906,0.988411,0.351422,0.762803,0.967971,0.386715,0.693997,0.328977,0.327626,1.017109,0.871583,0.342278,0.893292,0.169197,0.360774,1.067371,0.778337,0.362967,0.933189,0.280336,0.213659,1.010591,0.753066,0.239473,0.922615,0.206988
posture(290)_jpg.rf.6hiGSxE8LI0xqpMh7y0k.jpg,bad,0.251431,0.305752,0.999843,0.234773,0.287187,0.999593,0.233503,0.286829,0.999422,0.231758,0.286531,0.99972,0.22983,0.289991,0.999593,0.224808,0.291593,0.999316,0.2189,0.293908,0.999382,0.19749,0.306895,0.999811,0.18721,0.314719,0.999099,0.251911,0.335243,0.999799,0.244544,0.338662,0.999815,0.217721,0.426183,0.999805,0.175498,0.464815,0.9994,0.388412,0.488099,0.661048,0.419715,0.545567,0.9806,0.602543,0.505213,0.581355,0.615654,0.523869,0.925774,0.658125,0.50902,0.484435,0.667636,0.535412,0.887642,0.656275,0.513012,0.491409,0.668321,0.505509,0.886037,0.633203,0.521405,0.491213,0.646762,0.506152,0.874418,0.404734,0.630867,0.989578,0.393419,0.695882,0.994138,0.68105,0.617554,0.199121,0.733931,0.678278,0.764706,0.711457,0.80731,0.069463,0.675626,0.913263,0.736331,0.686397,0.838473,0.116207,0.638335,0.941375,0.739426,0.795002,0.865647,0.087063,0.750414,0.965037,0.637037
posture(161)_jpg.rf.v3pf54Gvqscn9YpQSqQ1.jpg,good,0.486435,0.242355,0.999607,0.500358,0.219718,0.999807,0.504135,0.219337,0.999789,0.509177,0.218898,0.999868,0.498004,0.219598,0.999768,0.500144,0.218954,0.999724,0.502576,0.218269,0.999853,0.543963,0.230838,0.999759,0.539932,0.228252,0.999848,0.49876,0.265448,0.999765,0.495613,0.264745,0.999341,0.560786,0.335044,0.999959,0.593626,0.333605,0.998882,0.509091,0.494047,0.992088,0.518057,0.494066,0.092304,0.312502,0.49891,0.991593,0.37405,0.547115,0.093629,0.264598,0.499405,0.987574,0.354296,0.551181,0.117486,0.257728,0.486838,0.986937,0.342003,0.537889,0.116808,0.272737,0.487731,0.979695,0.34759,0.537016,0.125929,0.551371,0.62711,0.999716,0.589882,0.625523,0.997995,0.246195,0.672015,0.973599,0.361044,0.677007,0.189831,0.270734,0.919267,0.963341,0.408014,0.876688,0.249262,0.309098,0.953757,0.967672,0.446122,0.901744,0.403886,0.186632,0.954366,0.935089,0.347436,0.945432,0.309177
posture(776)_jpg.rf.xlYtd3qSkIdlJkmYINUH.jpg,good,0.467286,0.223696,0.999159,0.482043,0.20175,0.999527,0.486434,0.201495,0.99944,0.491174,0.201402,0.999662,0.479269,0.200708,0.999574,0.481355,0.199647,0.99942,0.483957,0.198702,0.999635,0.524167,0.212004,0.999486,0.518722,0.209191,0.999524,0.479467,0.24726,0.999276,0.475683,0.246435,0.998484,0.532719,0.316333,0.999939,0.574247,0.319354,0.998784,0.463551,0.486012,0.991737,0.539368,0.494867,0.024681,0.271544,0.493209,0.980527,0.437611,0.591706,0.020017,0.213122,0.495279,0.967878,0.420266,0.610495,0.026004,0.205733,0.483146,0.966013,0.412936,0.601953,0.024606,0.228033,0.485354,0.943139,0.417895,0.5952,0.027435,0.49346,0.622954,0.999943,0.546702,0.623137,0.99948,0.185123,0.667422,0.971942,0.392458,0.679531,0.126966,0.177585,0.921705,0.951457,0.396591,0.871369,0.160028,0.207208,0.956765,0.959928,0.425403,0.902742,0.273153,0.091814,0.961426,0.905056,0.306715,0.927464,0.190511
posture(307)_jpg.rf.MyeApD4Zd7NZr2rmEFuz.jpg,bad,0.685248,0.231106,0.999982,0.713877,0.211728,0.99998,0.720973,0.214537,0.99998,0.728588,0.217274,0.999984,0.707302,0.206044,0.999966,0.708975,0.204371,0.999959,0.711263,0.202579,0.999972,0.773278,0.242902,0.999987,0.752087,0.226852,0.999978,0.69099,0.266901,0.999991,0.68198,0.258789,0.999971,0.785179,0.408904,0.999986,0.715778,0.336422,0.99985,0.583514,0.616606,0.994838,0.553063,0.448535,0.274712,0.399969,0.536237,0.960726,0.438354,0.443866,0.255997,0.350466,0.530544,0.922864,0.405183,0.443253,0.260373,0.364163,0.499759,0.928653,0.403342,0.427433,0.26235,0.380874,0.499183,0.917468,0.420416,0.441852,0.280155,0.521527,0.661438,0.999974,0.494443,0.574226,0.999912,0.16224,0.620558,0.991879,0.219442,0.464643,0.69251,0.212048,0.838662,0.94305,0.149132,0.673478,0.511549,0.252693,0.877833,0.931077,0.167316,0.714605,0.473703,0.095011,0.911223,0.91669,0.032958,0.724229,0.488176
posture(488)_jpg.rf.JzzJ3XcwEaMbxmXDmcp9.jpg,good,0.478771,0.123815,0.999313,0.467896,0.102183,0.999055,0.466252,0.101614,0.998916,0.464283,0.101037,0.999215,0.465402,0.103094,0.999127,0.462002,0.103195,0.998937,0.458299,0.103332,0.999041,0.438945,0.109052,0.998312,0.43703,0.111805,0.999194,0.473586,0.143979,0.998553,0.469824,0.143667,0.999141,0.417174,0.23878,0.999422,0.40791,0.242475,0.99967,0.415009,0.378552,0.032104,0.453587,0.389228,0.970805,0.492768,0.427813,0.081751,0.56915,0.373034,0.88201,0.514516,0.442992,0.131404,0.598764,0.39253,0.870759,0.520238,0.427011,0.140964,0.604432,0.374077,0.870445,0.51151,0.420909,0.145986,0.590061,0.368769,0.828296,0.411059,0.54286,0.998644,0.391406,0.551783,0.997413,0.538366,0.699189,0.65804,0.507325,0.732657,0.962596,0.474548,0.831915,0.722073,0.362887,0.842464,0.903443,0.444742,0.844831,0.686087,0.323944,0.837371,0.766169,0.514463,0.890531,0.793011,0.390187,0.92531,0.898872
posture(417)_jpg.rf.xOjDHn0YuhikEqbaZme1.jpg,good,0.514631,0.241851,0.999194,0.506418,0.228243,0.999352,0.505644,0.227394,0.99899,0.504637,0.226462,0.999496,0.503099,0.229574,0.999383,0.500056,0.229811,0.999063,0.496258,0.230318,0.999465,0.481999,0.232881,0.999231,0.473245,0.238475,0.999549,0.510788,0.256099,0.999599,0.50493,0.258389,0.999804,0.46801,0.325779,0.999468,0.453809,0.332971,0.999907,0.525295,0.433419,0.12173,0.489378,0.454057,0.986167,0.616547,0.494898,0.106599,0.621463,0.489486,0.95821,0.63799,0.495389,0.124575,0.650505,0.502002,0.928204,0.640594,0.491299,0.128553,0.660395,0.487859,0.920282,0.629153,0.492038,0.132811,0.649881,0.485816,0.878258,0.483798,0.536193,0.998016,0.463507,0.547953,0.997792,0.632832,0.603009,0.139354,0.636271,0.572096,0.880945,0.649695,0.747432,0.27058,0.676618,0.751096,0.944564,0.630577,0.771482,0.46514,0.660324,0.78443,0.921697,0.714448,0.778264,0.338403,0.752777,0.777186,0.904065
posture(360)_jpg.rf.GJmyeqD03lJwI0ntXwwz.jpg,good,0.530385,0.544413,0.99845,0.533756,0.540038,0.998741,0.533176,0.540081,0.998606,0.532799,0.539816,0.998789,0.533428,0.539548,0.998907,0.533378,0.537108,0.998634,0.533004,0.535678,0.998954,0.524639,0.5343,0.997279,0.5249,0.529921,0.998611,0.521501,0.544348,0.997007,0.52142,0.542581,0.993819,0.454432,0.53962,0.990577,0.463792,0.527569,0.998368,0.425123,0.639335,0.197455,0.437178,0.648545,0.917697,0.435481,0.744397,0.268566,0.452255,0.763041,0.927393,0.450558,0.75669,0.276311,0.46548,0.779006,0.901562,0.451405,0.762029,0.314056,0.476191,0.779896,0.889213,0.442901,0.757172,0.327343,0.473553,0.772701,0.808729,0.298996,0.499013,0.985588,0.306584,0.46173,0.993345,0.365348,0.486049,0.434073,0.300845,0.29149,0.981851,0.367662,0.584268,0.36616,0.423691,0.384955,0.69953,0.359857,0.602685,0.41761,0.441724,0.382325,0.571479,0.397975,0.598266,0.356908,0.441415,0.361563,0.550159
posture(162)_jpg.rf.L7Fv53aTrUJKKwLfFwsZ.jpg,good,0.501121,0.221572,0.999751,0.488181,0.193527,0.999775,0.486599,0.193359,0.999743,0.484531,0.193256,0.999858,0.482644,0.191944,0.999718,0.477468,0.190959,0.999615,0.471139,0.189956,0.999764,0.451059,0.20094,0.999861,0.437459,0.19901,0.999614,0.493725,0.243451,0.999405,0.486408,0.240641,0.999579,0.390055,0.315435,0.999192,0.414216,0.304801,0.999817,0.428096,0.525726,0.045693,0.470167,0.493415,0.920566,0.564317,0.618923,0.044279,0.67351,0.500432,0.696623,0.599694,0.63685,0.062982,0.729286,0.50881,0.649156,0.609279,0.629673,0.062366,0.746814,0.49401,0.651126,0.593338,0.624632,0.066743,0.72392,0.494175,0.63625,0.361865,0.643382,0.995256,0.419278,0.647013,0.997473,0.581604,0.720255,0.101695,0.763127,0.674243,0.843341,0.537727,0.90257,0.082176,0.729705,0.960531,0.651639,0.502466,0.926198,0.158088,0.68887,0.978821,0.695413,0.593894,0.968387,0.102078,0.829937,1.000457,0.546749
posture(226)_jpg.rf.K8X7m0LmRFUYaONS9nGp.jpg,bad,0.364946,0.130753,0.999657,0.374103,0.084134,0.999762,0.382316,0.080521,0.999755,0.391729,0.076438,0.999798,0.365653,0.085679,0.999583,0.367202,0.08343,0.999511,0.369879,0.080503,0.999598,0.450606,0.067744,0.999667,0.421042,0.067676,0.999597,0.400002,0.153942,0.99981,0.388884,0.153872,0.999616,0.572842,0.221383,0.999121,0.535208,0.156632,0.997484,0.407929,0.434321,0.979897,0.39839,0.303354,0.289166,0.123484,0.410724,0.919724,0.148043,0.358618,0.376719,0.054657,0.419972,0.890688,0.097158,0.362993,0.429056,0.049135,0.393901,0.899919,0.092936,0.357037,0.451821,0.073379,0.39195,0.88309,0.124605,0.357981,0.473481,0.709046,0.654749,0.949508,0.64322,0.596741,0.915055,0.317761,0.625607,0.913926,0.286548,0.560435,0.510894,0.381705,0.950335,0.758209,0.372079,0.892444,0.361341,0.462774,1.037045,0.748711,0.422157,0.944388,0.511889,0.277854,1.14268,0.671849,0.281625,1.005162,0.341207
posture(15)_jpg.rf.N36mN7uMuAXB7dwFw6ln.jpg,good,0.48442,0.247536,0.999609,0.496589,0.225396,0.999807,0.501101,0.224552,0.999784,0.505875,0.223849,0.999861,0.493614,0.225528,0.999781,0.49554,0.224666,0.999741,0.498075,0.223656,0.999861,0.540942,0.232404,0.999742,0.53486,0.230182,0.999851,0.49923,0.269868,0.999721,0.495266,0.269341,0.999321,0.561475,0.331857,0.999956,0.590546,0.332392,0.998968,0.510878,0.492396,0.991828,0.527387,0.494551,0.071613,0.318366,0.498138,0.990063,0.390924,0.568054,0.071659,0.272291,0.498845,0.984067,0.369856,0.576489,0.090419,0.262282,0.48754,0.983199,0.359144,0.564601,0.088892,0.275521,0.488235,0.973426,0.365467,0.561476,0.096576,0.546656,0.624873,0.999611,0.589998,0.624353,0.997491,0.243693,0.665269,0.972998,0.367308,0.675179,0.196341,0.269952,0.916484,0.961145,0.416789,0.877187,0.246999,0.308951,0.950969,0.965166,0.455674,0.902204,0.388567,0.188279,0.952455,0.929867,0.358648,0.947292,0.285296
posture(256)_jpg.rf.M7nBtjU9zyR3skeJg8Th.jpg,bad,0.543364,0.288149,0.995783,0.531461,0.251942,0.995747,0.528878,0.250722,0.996278,0.525343,0.249506,0.997323,0.526211,0.252114,0.994512,0.520377,0.251162,0.993679,0.51361,0.250325,0.994743,0.478384,0.254472,0.997732,0.471071,0.258431,0.993484,0.528659,0.31902,0.995695,0.521037,0.31926,0.994527,0.351076,0.351938,0.996818,0.43429,0.396072,0.997013,0.470023,0.487831,0.067529,0.613083,0.522593,0.949695,0.63307,0.527218,0.095827,0.797543,0.47995,0.878808,0.672472,0.524509,0.122704,0.838352,0.477909,0.836298,0.68426,0.518763,0.128947,0.826365,0.449388,0.839291,0.667906,0.526908,0.142896,0.816676,0.450353,0.814101,0.305213,0.695154,0.962637,0.32974,0.752338,0.975356,0.576531,0.637946,0.119651,0.665228,0.810437,0.884384,0.593854,0.897038,0.058824,0.636038,1.056938,0.644837,0.565362,0.935795,0.094298,0.596282,1.092826,0.68991,0.686906,0.941808,0.075927,0.737385,1.10568,0.585067
posture(378)_jpg.rf.y682nt683kuUAQ3BP9tQ.jpg,good,0.415088,0.232639,0.995904,0.416369,0.216071,0.993646,0.415294,0.214907,0.993224,0.414017,0.213671,0.995465,0.415113,0.214747,0.993763,0.413201,0.212735,0.993254,0.410856,0.210623,0.994768,0.394163,0.207393,0.988709,0.390242,0.204817,0.990539,0.402739,0.24091,0.988908,0.400624,0.239451,0.993583,0.339775,0.282089,0.996193,0.33919,0.269337,0.999753,0.340887,0.413299,0.024182,0.370853,0.391014,0.969868,0.390202,0.47477,0.037426,0.472722,0.399664,0.923804,0.402868,0.491683,0.056478,0.495717,0.403345,0.907348,0.410384,0.484481,0.057605,0.503235,0.395634,0.906638,0.404806,0.477486,0.061002,0.49144,0.395211,0.855603,0.338559,0.494781,0.985893,0.334511,0.495726,0.989489,0.444877,0.567326,0.163313,0.467494,0.570885,0.90252,0.421347,0.732693,0.286117,0.432483,0.750614,0.903186,0.399116,0.745616,0.395051,0.40983,0.770716,0.860846,0.459973,0.774998,0.422657,0.485385,0.801361,0.879201
posture(233)_jpg.rf.KEJl7TQH5U7asOEZJeIT.jpg,bad,0.747658,0.400286,0.999581,0.760531,0.375474,0.999794,0.760235,0.372277,0.999695,0.759994,0.369002,0.999792,0.758351,0.374979,0.999793,0.756377,0.371435,0.999746,0.75438,0.367642,0.999822,0.732113,0.338927,0.999889,0.728803,0.340273,0.999719,0.725715,0.403815,0.999187,0.721614,0.403114,0.99918,0.621022,0.332193,0.998362,0.638027,0.404547,0.998823,0.681885,0.41612,0.048673,0.700074,0.542132,0.870726,0.863065,0.410486,0.216302,0.855743,0.459458,0.843525,0.895028,0.40006,0.30426,0.916265,0.448396,0.783299,0.905906,0.395788,0.307455,0.90787,0.430377,0.782881,0.876546,0.418828,0.30026,0.890567,0.430905,0.763852,0.321946,0.559658,0.999914,0.350023,0.597509,0.999804,0.533187,0.6342,0.4936,0.669834,0.65081,0.813213,0.279609,0.687552,0.349547,0.512503,0.82025,0.723865,0.236345,0.641062,0.436316,0.455109,0.812611,0.709793,0.207166,0.734432,0.391626,0.531404,0.925665,0.736598
posture(188)_jpg.rf.NlWa0LCVIwebM9l56grr.jpg,bad,0.631323,0.288707,0.998626,0.652894,0.272535,0.998831,0.65944,0.274206,0.99872,0.66529,0.275879,0.999194,0.647086,0.269609,0.998424,0.647606,0.268754,0.997999,0.648321,0.267972,0.99889,0.699467,0.298424,0.999046,0.682592,0.287276,0.999307,0.639201,0.318913,0.99935,0.633154,0.313831,0.998703,0.678614,0.422339,0.99871,0.685731,0.385852,0.993909,0.532494,0.578528,0.957861,0.558193,0.510486,0.094053,0.386828,0.616799,0.901523,0.425206,0.583245,0.047379,0.344339,0.63178,0.853631,0.396715,0.590759,0.048869,0.340022,0.615436,0.860135,0.383717,0.584185,0.048019,0.354412,0.60855,0.837807,0.399482,0.584465,0.05748,0.569153,0.667543,0.999659,0.590558,0.629412,0.998912,0.272698,0.667374,0.966696,0.390125,0.619831,0.455483,0.339023,0.791547,0.742038,0.43312,0.793725,0.22794,0.366873,0.815324,0.725827,0.459349,0.823035,0.172655,0.275383,0.806229,0.651884,0.387243,0.833954,0.205407
posture(480)_jpg.rf.MoagAGGM1utu5MnE62kF.jpg,good,0.41822,0.105104,0.999796,0.409431,0.079358,0.99982,0.410876,0.078821,0.999778,0.411613,0.078217,0.999877,0.394675,0.079211,0.999811,0.384365,0.078774,0.999762,0.373159,0.078723,0.999835,0.377584,0.08402,0.999877,0.328014,0.09024,0.999835,0.414531,0.136076,0.999757,0.395102,0.139151,0.999784,0.386598,0.240281,0.999076,0.247755,0.239858,0.999614,0.486122,0.424357,0.09434,0.387835,0.411746,0.991727,0.551171,0.388412,0.110393,0.634906,0.386947,0.905011,0.591432,0.402796,0.131418,0.706828,0.38661,0.827653,0.586133,0.367485,0.126178,0.719638,0.363222,0.831615,0.568809,0.36877,0.127721,0.679277,0.366711,0.81688,0.372997,0.617295,0.996101,0.297607,0.638378,0.993431,0.702208,0.577032,0.199618,0.670638,0.600174,0.872083,0.634617,0.914444,0.21727,0.612176,0.942027,0.722341,0.573759,0.963398,0.380033,0.553811,0.980329,0.78527,0.73237,0.985859,0.248599,0.714568,1.093372,0.661942
posture(613)_jpg.rf.Ma93cRji42YoZWJSLNkG.jpg,good,0.436065,0.153236,0.998892,0.423044,0.132546,0.999415,0.412359,0.130363,0.999355,0.406798,0.12855,0.999608,0.421544,0.132048,0.999178,0.411396,0.129893,0.998955,0.406034,0.129024,0.999268,0.355866,0.133109,0.999749,0.355566,0.132668,0.999393,0.412174,0.172857,0.99929,0.409297,0.171386,0.999509,0.327565,0.267591,0.999338,0.290735,0.245645,0.999838,0.410118,0.440045,0.072311,0.380048,0.43766,0.962806,0.583826,0.470182,0.131479,0.599278,0.452112,0.937328,0.627627,0.486839,0.154026,0.659643,0.467381,0.909315,0.644874,0.462371,0.159474,0.66934,0.449356,0.90588,0.627099,0.474904,0.156033,0.64412,0.443931,0.886525,0.311056,0.58175,0.99892,0.285814,0.586766,0.999243,0.645437,0.604946,0.107568,0.664409,0.577844,0.891543,0.698402,0.843894,0.223275,0.729648,0.852055,0.933482,0.670374,0.881618,0.382342,0.694396,0.889351,0.937325,0.802206,0.89311,0.240615,0.82854,0.900818,0.895149
posture(174)_jpg.rf.M81CJBBYOlZ60M7VWe6B.jpg,good,0.589267,0.348577,0.998238,0.575597,0.323447,0.998688,0.573801,0.322428,0.998773,0.571761,0.321325,0.999251,0.570477,0.322288,0.998265,0.565308,0.320753,0.998018,0.559865,0.31928,0.998537,0.540691,0.324621,0.999501,0.53059,0.323721,0.998017,0.580917,0.368051,0.996716,0.575427,0.367116,0.997254,0.47434,0.417911,0.998619,0.514645,0.427717,0.999209,0.544458,0.568736,0.032722,0.632832,0.574417,0.944218,0.620752,0.609764,0.024096,0.815683,0.569704,0.844845,0.652619,0.630626,0.034838,0.858448,0.576565,0.806683,0.661809,0.620177,0.032855,0.869447,0.554153,0.80282,0.655409,0.620719,0.034115,0.850843,0.556673,0.761542,0.470262,0.694425,0.996283,0.482982,0.703416,0.996627,0.728859,0.721478,0.094707,0.769436,0.717704,0.695069,0.698438,0.902038,0.089907,0.716357,0.929249,0.574839,0.668919,0.933862,0.170999,0.683645,0.965735,0.639146,0.764784,0.963336,0.116772,0.807013,1.002164,0.519365
posture(322)_jpg.rf.ym6HIXUDGk0dTdlmHhwZ.jpg,bad,0.48112,0.275614,0.999917,0.483166,0.234988,0.999912,0.480872,0.232526,0.999921,0.478148,0.229657,0.999915,0.477455,0.236183,0.99991,0.471322,0.234475,0.999897,0.463909,0.231941,0.999869,0.432314,0.221551,0.999938,0.410684,0.224231,0.999922,0.45657,0.300005,0.99995,0.447272,0.298636,0.999954,0.359512,0.335386,0.999885,0.263954,0.378821,0.999945,0.407332,0.55311,0.615971,0.306671,0.67436,0.961496,0.502336,0.522701,0.92386,0.484561,0.550152,0.979412,0.554047,0.517719,0.893032,0.536086,0.547284,0.969537,0.556007,0.491386,0.894349,0.53423,0.506907,0.969584,0.532347,0.503337,0.89062,0.514198,0.506651,0.95775,0.329156,0.723524,0.912983,0.271199,0.786323,0.960168,0.344207,0.998772,0.158678,0.293711,1.063636,0.729037,0.36438,1.222048,0.061978,0.261291,1.322643,0.511664,0.344204,1.260549,0.085106,0.226765,1.364532,0.560107,0.474378,1.276436,0.307767,0.359401,1.377543,0.405384
posture(147)_jpg.rf.zXqhaEJPODuMnPSuj0eZ.jpg,good,0.392795,0.217679,0.999237,0.383283,0.196399,0.999205,0.38147,0.195796,0.998999,0.379242,0.195068,0.999462,0.377686,0.195234,0.999297,0.371938,0.193949,0.999075,0.365448,0.192587,0.999374,0.344075,0.197221,0.999539,0.331571,0.196382,0.998802,0.380995,0.240204,0.998795,0.374061,0.239253,0.999183,0.314758,0.31283,0.9981,0.286984,0.30273,0.999282,0.459327,0.445979,0.160336,0.457408,0.412266,0.954048,0.605233,0.518592,0.087819,0.682959,0.439056,0.825293,0.637776,0.52886,0.09342,0.736011,0.436329,0.76598,0.639101,0.52264,0.09344,0.743645,0.423549,0.763851,0.624153,0.523593,0.09529,0.720344,0.430502,0.713222,0.378534,0.598857,0.994301,0.366937,0.623477,0.995821,0.675793,0.598491,0.20237,0.701074,0.607096,0.790556,0.654548,0.818078,0.147885,0.679884,0.861155,0.762184,0.616055,0.851703,0.218159,0.638913,0.881462,0.722128,0.732995,0.898336,0.182951,0.793012,0.91045,0.686818
posture(54)_jpg.rf.PJSPLVPwf1MQnP2CkxEf.jpg,bad,0.260798,0.417716,0.999434,0.238797,0.406601,0.999085,0.238325,0.40418,0.998813,0.237954,0.401736,0.999364,0.234818,0.415709,0.998884,0.230105,0.42087,0.998418,0.221754,0.427014,0.99886,0.214922,0.416938,0.999164,0.197994,0.438152,0.998818,0.262132,0.445009,0.999769,0.253607,0.449114,0.999813,0.259389,0.467361,0.999907,0.22176,0.56548,0.999939,0.421751,0.509684,0.703477,0.421588,0.618972,0.986383,0.590926,0.496992,0.743394,0.611357,0.551173,0.974287,0.631796,0.490044,0.644429,0.662989,0.548597,0.954643,0.63498,0.490799,0.684691,0.652541,0.523577,0.956179,0.620204,0.5007,0.678039,0.637459,0.522057,0.94132,0.420877,0.63197,0.999071,0.418925,0.692962,0.999563,0.610359,0.554942,0.19719,0.617331,0.606879,0.687453,0.740823,0.556507,0.171313,0.75907,0.605653,0.650296,0.752473,0.571868,0.257169,0.773065,0.618234,0.636188,0.809467,0.509306,0.22413,0.827831,0.566348,0.652583
posture(418)_jpg.rf.EkWxQwv9YVfmURUi4osX.jpg,good,0.462049,0.27374,0.999276,0.472108,0.262436,0.999138,0.474949,0.262724,0.998912,0.478072,0.262976,0.999345,0.469115,0.260916,0.999024,0.46975,0.260048,0.998766,0.470493,0.259028,0.999255,0.499485,0.271319,0.999086,0.491776,0.267426,0.999021,0.468579,0.289597,0.999582,0.465141,0.288439,0.999038,0.51378,0.355587,0.999859,0.497128,0.359965,0.998585,0.475438,0.473331,0.963647,0.455799,0.462348,0.059449,0.372299,0.501995,0.932133,0.371694,0.498386,0.053941,0.347354,0.506197,0.908152,0.349891,0.500947,0.061525,0.342558,0.499446,0.902139,0.346792,0.494633,0.060914,0.352382,0.499056,0.860721,0.352585,0.495077,0.065895,0.484082,0.565558,0.998432,0.472463,0.555855,0.996945,0.276755,0.559475,0.802754,0.299011,0.584875,0.160044,0.221719,0.69193,0.753987,0.225951,0.721126,0.133993,0.232022,0.717608,0.793927,0.2285,0.745367,0.233445,0.151499,0.703506,0.748275,0.159251,0.734723,0.186983
posture(189)_jpg.rf.HVHgOgjZJ3IgKp3jEBa6.jpg,good,0.449853,0.401751,0.999949,0.437681,0.383876,0.999957,0.437436,0.383123,0.999956,0.43684,0.38237,0.999974,0.429113,0.385031,0.999944,0.422432,0.385409,0.999917,0.415437,0.386193,0.999918,0.404482,0.391645,0.999974,0.383886,0.398943,0.999884,0.449792,0.421136,0.999912,0.440238,0.424262,0.999895,0.44117,0.478263,0.999938,0.362058,0.487651,0.999285,0.565503,0.553386,0.456021,0.444681,0.61421,0.788373,0.70119,0.571972,0.799416,0.58981,0.630571,0.530476,0.741685,0.568291,0.77809,0.643069,0.657269,0.463295,0.745854,0.561827,0.789505,0.643526,0.631666,0.461571,0.734104,0.565099,0.762713,0.624661,0.625671,0.463998,0.495754,0.681965,0.998708,0.464268,0.723539,0.998505,0.727874,0.661141,0.354835,0.712537,0.728099,0.853535,0.7668,0.848924,0.258903,0.767945,0.948962,0.874414,0.743931,0.88079,0.368677,0.742037,0.972285,0.830901,0.850257,0.910657,0.253279,0.850229,1.021811,0.755384
posture(680)_jpg.rf.IUaSUx2zsmgHdOMbEwmw.jpg,good,0.414813,0.149746,0.999272,0.406292,0.124104,0.998991,0.403741,0.122815,0.99896,0.400511,0.121087,0.999301,0.403306,0.122673,0.999004,0.398981,0.120566,0.998912,0.394051,0.118386,0.999166,0.363397,0.120403,0.999162,0.361406,0.12035,0.998787,0.401276,0.172605,0.997595,0.396062,0.17249,0.998746,0.311383,0.271382,0.998689,0.338086,0.262392,0.999724,0.396435,0.436301,0.034974,0.437707,0.44267,0.933066,0.53362,0.480216,0.03529,0.584671,0.455788,0.694088,0.567691,0.490327,0.047048,0.6354,0.471893,0.657377,0.575901,0.477201,0.04723,0.635301,0.454271,0.656638,0.562048,0.476092,0.049901,0.615904,0.450507,0.636221,0.365965,0.616107,0.99549,0.374478,0.622064,0.996032,0.607772,0.661566,0.148766,0.68801,0.631051,0.926685,0.596669,0.89239,0.238894,0.625587,0.899103,0.843867,0.55764,0.939212,0.344226,0.587497,0.95093,0.818625,0.661923,0.952574,0.346467,0.74392,0.955697,0.830188
posture(87)_jpg.rf.R2C9x7a7nkLyYxMkotLO.jpg,good,0.612886,0.088161,0.999794,0.63071,0.066212,0.99985,0.635084,0.065764,0.999845,0.640373,0.065112,0.999892,0.626683,0.065806,0.999821,0.628215,0.065016,0.999816,0.630062,0.063904,0.999899,0.673798,0.075082,0.999819,0.662855,0.07299,0.99993,0.625793,0.109003,0.999817,0.619861,0.108998,0.999569,0.698478,0.217944,0.999701,0.698546,0.221696,0.999065,0.601875,0.432503,0.947931,0.615542,0.403765,0.083683,0.442031,0.465412,0.895248,0.479626,0.459486,0.060845,0.387126,0.468131,0.884801,0.461004,0.477952,0.07357,0.378701,0.450363,0.887536,0.453664,0.468836,0.074364,0.402071,0.451531,0.869668,0.462233,0.466523,0.082583,0.651735,0.594285,0.999446,0.653326,0.569724,0.998936,0.301893,0.67011,0.930404,0.370613,0.639533,0.235491,0.373327,0.918054,0.887342,0.516357,0.88044,0.192327,0.404844,0.945814,0.904387,0.561604,0.901354,0.306968,0.281771,1.004021,0.857168,0.483251,0.978243,0.24124
posture(118)_jpg.rf.SFQY3zrkMGr9SLrM6KnI.jpg,bad,0.587886,0.438853,0.999926,0.591866,0.416633,0.999934,0.590945,0.414401,0.999938,0.589866,0.412098,0.999944,0.588701,0.417351,0.99995,0.585138,0.416148,0.999944,0.581634,0.414462,0.999945,0.556113,0.401008,0.999929,0.54709,0.403999,0.999905,0.569568,0.447047,0.999923,0.566426,0.447317,0.999937,0.465147,0.435928,0.999189,0.428605,0.502182,0.998745,0.439065,0.617944,0.051718,0.409615,0.706327,0.931838,0.449538,0.753213,0.042516,0.49341,0.876323,0.874828,0.463335,0.763714,0.042645,0.496987,0.906785,0.813981,0.463631,0.772606,0.045148,0.518499,0.910951,0.811236,0.453795,0.774464,0.051211,0.512928,0.898794,0.767764,0.251703,0.579418,0.996141,0.213952,0.623621,0.995469,0.499694,0.623366,0.142701,0.486413,0.644566,0.847606,0.633989,0.795814,0.187235,0.660512,0.78196,0.811901,0.656303,0.820213,0.237249,0.640859,0.816563,0.760994,0.722218,0.764346,0.268395,0.742753,0.728276,0.811602
posture(179)_jpg.rf.yGgtu8M8moxhczUhmULQ.jpg,good,0.591214,0.280127,0.999738,0.578232,0.255491,0.999799,0.576928,0.255146,0.999805,0.575156,0.254836,0.999884,0.572033,0.254698,0.999728,0.566458,0.254017,0.999688,0.560334,0.25334,0.999767,0.542327,0.262331,0.999916,0.528144,0.262546,0.999673,0.585457,0.303692,0.999405,0.578972,0.302533,0.999466,0.469376,0.364112,0.999525,0.516936,0.369069,0.999677,0.545052,0.53084,0.038689,0.645539,0.521206,0.952279,0.643649,0.603495,0.031674,0.823211,0.51907,0.847715,0.660703,0.610651,0.041884,0.87319,0.51738,0.803637,0.668758,0.601145,0.039144,0.877645,0.50421,0.797305,0.661386,0.599963,0.040957,0.858499,0.505243,0.760702,0.463892,0.648798,0.999023,0.479564,0.656483,0.998921,0.72102,0.694822,0.139544,0.793725,0.678881,0.752943,0.723349,0.892487,0.176305,0.72418,0.891978,0.685529,0.689763,0.919431,0.318278,0.684115,0.913521,0.716346,0.796402,0.942399,0.215022,0.802932,0.952933,0.630038
posture(12)_jpg.rf.HRWGHyB1P2GT8cONhT16.jpg,good,0.515503,0.31691,0.980871,0.526331,0.295472,0.977801,0.530036,0.294466,0.979229,0.535073,0.293265,0.983738,0.523061,0.295751,0.975737,0.524478,0.294805,0.974896,0.5262,0.293561,0.986066,0.567238,0.297952,0.968879,0.558212,0.297271,0.982837,0.528458,0.331923,0.982428,0.523532,0.332375,0.965794,0.599192,0.385401,0.999116,0.595058,0.382618,0.989084,0.4507,0.490593,0.989257,0.477926,0.493148,0.042055,0.263887,0.519973,0.966915,0.342248,0.577261,0.034768,0.220203,0.51748,0.949372,0.321865,0.583051,0.048814,0.213427,0.508992,0.94768,0.313386,0.582024,0.046221,0.226907,0.514733,0.922019,0.322059,0.582577,0.04995,0.526349,0.651887,0.99775,0.528534,0.630718,0.991814,0.250511,0.675904,0.949783,0.302268,0.674163,0.299247,0.267281,0.8903,0.948801,0.296119,0.871543,0.358794,0.287623,0.92617,0.946202,0.339907,0.905366,0.453653,0.170706,0.915632,0.911065,0.2366,0.9207,0.380512
posture(306)_jpg.rf.RJyKHGYODWIUsgxlOJ3o.jpg,bad,0.271997,0.275457,0.999975,0.259144,0.252451,0.999909,0.261559,0.249262,0.999851,0.263016,0.246729,0.999853,0.242836,0.257009,0.999946,0.235403,0.261596,0.99994,0.227947,0.265425,0.999949,0.234033,0.263584,0.999835,0.185484,0.294076,0.999972,0.285622,0.299334,0.999957,0.264688,0.307601,0.999993,0.275229,0.376939,0.999435,0.227599,0.449612,0.999968,0.410071,0.474624,0.107355,0.410062,0.604511,0.99715,0.505407,0.43209,0.23324,0.560827,0.553798,0.98762,0.543066,0.422709,0.275775,0.604706,0.552143,0.976316,0.536297,0.409314,0.282018,0.592119,0.528617,0.977745,0.519405,0.420904,0.281418,0.579036,0.525136,0.975708,0.482474,0.582459,0.995942,0.458651,0.644134,0.996026,0.727469,0.539707,0.238698,0.709184,0.595293,0.815459,0.810415,0.74625,0.236472,0.797266,0.808118,0.829957,0.794415,0.796319,0.396341,0.783603,0.85886,0.833731,0.933785,0.769003,0.226772,0.912126,0.835944,0.74766
posture(196)_jpg.rf.JK1bR3x5IEccroyh6KLj.jpg,bad,0.588217,0.387475,0.998149,0.600745,0.36425,0.998985,0.605937,0.363309,0.998882,0.611702,0.36231,0.999032,0.594363,0.364724,0.999029,0.595031,0.364155,0.999092,0.595845,0.363343,0.99928,0.649712,0.367317,0.998322,0.63126,0.364002,0.999461,0.601976,0.406583,0.999059,0.595182,0.405917,0.998451,0.670511,0.458267,0.999315,0.648542,0.440364,0.99759,0.513734,0.56695,0.899455,0.530944,0.53266,0.121739,0.353801,0.62814,0.72536,0.381211,0.602443,0.127798,0.312512,0.645405,0.67735,0.344608,0.607673,0.183175,0.306499,0.632214,0.683454,0.355334,0.600675,0.183286,0.320667,0.632346,0.672694,0.371449,0.602767,0.208502,0.687129,0.703555,0.999339,0.667991,0.67354,0.996076,0.431417,0.730132,0.972169,0.431775,0.617477,0.287081,0.443172,0.972002,0.898668,0.405332,0.840503,0.155648,0.486488,1.024471,0.867024,0.431032,0.880486,0.209878,0.354536,1.054897,0.742612,0.319729,0.893664,0.154591
posture(681)_jpg.rf.SSX1PsYhKL1oR5qWwq7u.jpg,good,0.416018,0.077072,0.999987,0.407495,0.056118,0.99999,0.405913,0.05596,0.999985,0.404,0.055733,0.999993,0.403002,0.0555,0.999987,0.398872,0.054938,0.999977,0.394223,0.05419,0.999986,0.369133,0.061389,0.999993,0.360126,0.060524,0.999987,0.404834,0.099427,0.99999,0.400489,0.098172,0.999994,0.319101,0.21377,0.99994,0.338798,0.219937,0.999982,0.385286,0.422801,0.170653,0.418029,0.418031,0.989316,0.511909,0.487108,0.303394,0.599503,0.457543,0.970348,0.567921,0.506197,0.309484,0.647834,0.467098,0.949798,0.572509,0.494226,0.316491,0.665317,0.450997,0.948449,0.556525,0.491279,0.315543,0.632142,0.45119,0.940033,0.340853,0.551538,0.999207,0.332726,0.553641,0.999412,0.592323,0.679077,0.147703,0.651882,0.650457,0.818081,0.613292,0.903928,0.251218,0.648654,0.945355,0.875173,0.582361,0.935426,0.440105,0.613063,0.983753,0.849701,0.700262,0.974959,0.313034,0.744681,1.032015,0.82665
posture(225)_jpg.rf.HUBDNZ262wM7tlmVsXfl.jpg,bad,0.392525,0.249162,0.998392,0.398284,0.203325,0.999206,0.40513,0.199376,0.999143,0.412798,0.195324,0.999354,0.392507,0.204562,0.998671,0.39461,0.201606,0.998286,0.397179,0.198255,0.998625,0.465718,0.183349,0.998733,0.442996,0.182932,0.99858,0.424353,0.265866,0.998937,0.415353,0.267099,0.998094,0.567062,0.310752,0.997121,0.572562,0.253147,0.988533,0.420881,0.520981,0.96022,0.465097,0.399708,0.052951,0.153367,0.48678,0.87541,0.250964,0.426887,0.086331,0.097227,0.495726,0.843717,0.203372,0.436038,0.124724,0.086776,0.46887,0.858754,0.19297,0.417927,0.13118,0.10879,0.466558,0.838858,0.212251,0.424736,0.141001,0.714451,0.706716,0.960956,0.670455,0.667481,0.92848,0.326854,0.706359,0.758149,0.353177,0.656921,0.247374,0.408376,1.062027,0.530846,0.451005,0.969709,0.186224,0.464963,1.101753,0.588554,0.474187,0.954062,0.280926,0.315284,1.18231,0.420784,0.38597,1.073327,0.173951
posture(682)_jpg.rf.Ms2VWvYpC5sQ0eXnBFCg.jpg,good,0.584836,0.147354,0.998933,0.601338,0.121341,0.999241,0.605818,0.120811,0.999137,0.610841,0.120441,0.999405,0.599626,0.121067,0.999108,0.602611,0.120248,0.999009,0.606196,0.119347,0.999485,0.646887,0.132171,0.999045,0.643115,0.128877,0.999445,0.597505,0.168382,0.999005,0.594057,0.168592,0.998463,0.662349,0.273747,0.998804,0.682883,0.270258,0.998922,0.584128,0.473347,0.917297,0.586611,0.437008,0.08606,0.446638,0.491366,0.702405,0.44768,0.484645,0.077378,0.400678,0.495508,0.66951,0.401956,0.48457,0.094629,0.397138,0.479346,0.673204,0.394551,0.480116,0.096521,0.424416,0.479656,0.647848,0.404363,0.473978,0.103467,0.618571,0.653183,0.997662,0.648051,0.630329,0.996435,0.297244,0.659925,0.890892,0.396577,0.640947,0.256469,0.361951,0.932042,0.880566,0.553808,0.848967,0.240465,0.38724,0.964112,0.922069,0.593272,0.874455,0.385007,0.249443,0.990065,0.84813,0.512779,0.917213,0.248595
posture(347)_jpg.rf.T4XUDOvJsHOmUJy0A78s.jpg,good,0.625944,0.146655,0.999876,0.636576,0.124371,0.999941,0.640861,0.123095,0.999945,0.645386,0.121929,0.999946,0.632466,0.124818,0.999865,0.633558,0.12375,0.999877,0.634947,0.122494,0.999931,0.677823,0.126128,0.999913,0.668982,0.126227,0.99993,0.639422,0.16477,0.999838,0.634396,0.165362,0.999517,0.727762,0.267557,0.999948,0.724681,0.259474,0.999662,0.651417,0.418263,0.975893,0.680155,0.380712,0.042689,0.467705,0.401139,0.946224,0.578318,0.389955,0.071915,0.422107,0.409327,0.939121,0.56587,0.381036,0.111982,0.413981,0.398672,0.939109,0.554423,0.372688,0.111216,0.428473,0.396788,0.903055,0.55778,0.376976,0.123078,0.733692,0.583563,0.99995,0.724821,0.561335,0.999894,0.462337,0.70306,0.985466,0.487931,0.672819,0.303858,0.728018,0.798424,0.985697,0.724457,0.747317,0.377728,0.767432,0.776748,0.975517,0.769058,0.728713,0.541669,0.775004,0.898972,0.988073,0.772529,0.858384,0.6056
posture(729)_jpg.rf.LT2PEVj18kOYGklgSEdr.jpg,bad,0.402158,0.37782,0.999444,0.412787,0.353193,0.999318,0.417902,0.351941,0.999359,0.424256,0.350219,0.999494,0.406111,0.354359,0.999276,0.406315,0.353929,0.999278,0.406972,0.353251,0.999303,0.465389,0.353589,0.998743,0.448526,0.354086,0.998875,0.422367,0.397494,0.998936,0.414685,0.398792,0.998206,0.559073,0.450739,0.996911,0.502297,0.481344,0.986473,0.46705,0.598989,0.972322,0.458038,0.606299,0.050741,0.278169,0.583296,0.948928,0.320083,0.621538,0.048075,0.225154,0.576638,0.932169,0.319554,0.651173,0.068508,0.21593,0.563215,0.930274,0.316773,0.641203,0.06915,0.236507,0.565632,0.917856,0.327109,0.638137,0.077832,0.696055,0.686793,0.985551,0.633932,0.686436,0.964115,0.392683,0.651576,0.841996,0.383958,0.653019,0.06074,0.265419,0.816899,0.660793,0.248441,0.787277,0.048634,0.269224,0.844318,0.606473,0.248701,0.818271,0.0733,0.17016,0.830505,0.56879,0.16951,0.775867,0.062205
posture(200)_jpg.rf.KJJd3kGuNtQl6WiqsOJi.jpg,bad,0.405978,0.368809,0.999594,0.421597,0.34972,0.999735,0.427038,0.349066,0.999729,0.432827,0.34833,0.999753,0.415166,0.351021,0.999833,0.416298,0.351109,0.999811,0.41779,0.351045,0.999826,0.458871,0.354101,0.999532,0.446214,0.355431,0.999797,0.419867,0.386443,0.999033,0.413605,0.38815,0.999236,0.459971,0.441053,0.999028,0.504745,0.422784,0.998848,0.34874,0.5383,0.608696,0.439393,0.525782,0.019949,0.33619,0.525442,0.284201,0.390617,0.57794,0.028429,0.334626,0.525426,0.276943,0.358685,0.591503,0.050132,0.341215,0.539566,0.267059,0.367507,0.585942,0.05095,0.343726,0.536241,0.296767,0.372311,0.581838,0.058288,0.613919,0.653096,0.999595,0.626557,0.640949,0.999708,0.378261,0.603164,0.955549,0.424151,0.647808,0.232236,0.333001,0.805114,0.965361,0.392122,0.841035,0.581644,0.353089,0.850603,0.939671,0.413211,0.874143,0.581718,0.234599,0.822531,0.949933,0.341403,0.870528,0.654923
posture(192)_jpg.rf.Jgr16CCrxUCQsPw6ABqs.jpg,bad,0.438057,0.411422,0.999952,0.432874,0.390826,0.999964,0.432849,0.390745,0.999959,0.432511,0.390635,0.999976,0.424713,0.390118,0.999965,0.41831,0.389619,0.999957,0.410894,0.389088,0.999964,0.404894,0.391682,0.999978,0.378988,0.392487,0.999954,0.433063,0.428459,0.999933,0.423882,0.428962,0.999915,0.399109,0.482385,0.999682,0.349958,0.459301,0.99986,0.488042,0.561625,0.078827,0.484302,0.559995,0.963697,0.587379,0.578293,0.121464,0.640192,0.614035,0.735837,0.631297,0.594142,0.152495,0.680855,0.635282,0.666047,0.62789,0.582407,0.151866,0.685239,0.623227,0.671771,0.604156,0.5762,0.163168,0.670882,0.617936,0.665142,0.398486,0.682257,0.999004,0.360565,0.684201,0.998712,0.619934,0.665837,0.460378,0.58255,0.690867,0.931561,0.603043,0.857158,0.451001,0.546336,0.939914,0.900501,0.570078,0.887012,0.634992,0.515597,0.962471,0.879641,0.676772,0.928818,0.481086,0.632338,1.033532,0.809803
posture(386)_jpg.rf.OWm8dvu958rOFqupTFJV.jpg,good,0.480162,0.201865,0.998339,0.490152,0.187207,0.998982,0.494439,0.186717,0.998775,0.499002,0.186431,0.99895,0.483318,0.187641,0.998678,0.482569,0.187411,0.998067,0.482002,0.187155,0.998054,0.518658,0.192393,0.999036,0.501788,0.191232,0.995037,0.491828,0.218983,0.998456,0.484376,0.220042,0.995432,0.542106,0.280489,0.999213,0.510303,0.284614,0.9907,0.475266,0.370936,0.975103,0.447197,0.361784,0.040125,0.374219,0.38313,0.876599,0.371209,0.384779,0.057887,0.348908,0.386671,0.83897,0.350645,0.393305,0.091775,0.343599,0.376246,0.848774,0.347298,0.384431,0.099805,0.353603,0.378305,0.764224,0.354948,0.380812,0.104859,0.547377,0.499591,0.998097,0.516438,0.486855,0.994103,0.423604,0.553514,0.904022,0.428867,0.564515,0.26522,0.431343,0.730063,0.900462,0.420549,0.738277,0.4442,0.445736,0.757931,0.915439,0.438363,0.753643,0.55203,0.384605,0.77167,0.889065,0.369318,0.759042,0.443298
posture(732)_jpg.rf.NpLdjIDEwT39iOfTGRac.jpg,bad,0.574407,0.328622,0.994473,0.59093,0.307813,0.993505,0.597052,0.308591,0.993075,0.604076,0.309434,0.994903,0.583486,0.305908,0.993789,0.583906,0.305237,0.992458,0.58464,0.304327,0.993894,0.647939,0.322506,0.990916,0.618869,0.312194,0.993311,0.586947,0.356651,0.996815,0.576897,0.352349,0.99391,0.656381,0.424001,0.997706,0.630296,0.393602,0.993766,0.431993,0.465676,0.967716,0.51576,0.473172,0.176923,0.21786,0.47931,0.776697,0.392196,0.518366,0.127209,0.164713,0.481281,0.658567,0.364283,0.529387,0.149292,0.157832,0.471938,0.662453,0.367949,0.526751,0.14818,0.180987,0.476743,0.641264,0.377435,0.529369,0.166287,0.556555,0.672861,0.991221,0.551803,0.634277,0.98279,0.280664,0.689933,0.625016,0.279811,0.672723,0.177042,0.088389,0.743329,0.604596,0.146635,0.763549,0.186319,0.078352,0.773626,0.589341,0.147877,0.7976,0.254618,-0.024266,0.699113,0.487275,0.051605,0.757955,0.219682
bc18373311979c71fed00857b3a4a10c - Copy_jpg.rf.0xSI1xw2hBpKBDxhGNFz.jpg,bad,0.6989,0.297317,0.999307,0.712352,0.285823,0.999507,0.71583,0.286962,0.999515,0.71964,0.288214,0.999601,0.708993,0.283563,0.99914,0.709965,0.283231,0.99914,0.711132,0.282947,0.999464,0.744029,0.303375,0.999466,0.73266,0.296325,0.999631,0.703472,0.318873,0.999213,0.699303,0.316796,0.997796,0.760155,0.389371,0.999961,0.731428,0.394328,0.999198,0.660665,0.501028,0.974845,0.637171,0.492616,0.09333,0.534111,0.510233,0.919429,0.541626,0.521172,0.070971,0.504864,0.511101,0.875706,0.516829,0.532812,0.078186,0.500012,0.499725,0.879691,0.508663,0.513421,0.076454,0.5101,0.5011,0.848769,0.522904,0.520792,0.085481,0.651323,0.614131,0.99986,0.628039,0.596438,0.999443,0.412132,0.674094,0.942482,0.42792,0.660408,0.143656,0.427469,0.909174,0.8798,0.471545,0.846026,0.103609,0.45583,0.938639,0.865097,0.493574,0.866713,0.160624,0.372285,0.967762,0.826948,0.438172,0.920501,0.13582
posture(419)_jpg.rf.QLqNdIlkNBlQSEuWqbyA.jpg,good,0.430033,0.229148,0.999685,0.442209,0.217034,0.999655,0.44534,0.217421,0.999526,0.448523,0.217785,0.999709,0.439747,0.215242,0.999607,0.440866,0.214323,0.99945,0.442198,0.213292,0.999647,0.470378,0.225944,0.99953,0.463654,0.221784,0.9996,0.436357,0.244309,0.999773,0.432789,0.24184,0.999486,0.491006,0.31652,0.999923,0.470696,0.317806,0.998298,0.457165,0.433543,0.976171,0.425674,0.417454,0.094218,0.336016,0.481233,0.97697,0.333549,0.479626,0.106571,0.308615,0.485557,0.969933,0.306576,0.481883,0.116039,0.303308,0.477212,0.966774,0.304335,0.474451,0.114004,0.312878,0.476542,0.945867,0.315363,0.48344,0.116413,0.478047,0.543347,0.999288,0.456166,0.53064,0.99746,0.244964,0.544092,0.753055,0.283753,0.57587,0.162639,0.204167,0.720307,0.708759,0.214616,0.721265,0.096746,0.217724,0.750939,0.795251,0.22184,0.747243,0.226402,0.125817,0.741133,0.697816,0.14429,0.746149,0.139799
posture(401)_jpg.rf.NhBSSPXlJQERFbDqckDd.jpg,good,0.318276,0.290809,0.998359,0.313279,0.273386,0.998085,0.311906,0.27237,0.99789,0.310249,0.271189,0.998799,0.30967,0.27239,0.997878,0.305769,0.270821,0.997349,0.301694,0.269142,0.997833,0.282214,0.269754,0.998989,0.276236,0.268744,0.996078,0.308137,0.305038,0.997415,0.303794,0.303709,0.99768,0.256143,0.366883,0.997495,0.228827,0.363311,0.997559,0.353524,0.463441,0.133209,0.343527,0.46772,0.897433,0.50589,0.494624,0.091556,0.510151,0.488078,0.813463,0.545072,0.488412,0.099122,0.548732,0.489943,0.782128,0.557071,0.48631,0.102187,0.555546,0.4816,0.766868,0.549451,0.495057,0.111464,0.535302,0.485058,0.708544,0.265252,0.587702,0.995034,0.232662,0.602971,0.995002,0.486564,0.594864,0.216122,0.496917,0.591246,0.89884,0.497617,0.775367,0.336813,0.491646,0.7809,0.93663,0.475721,0.806542,0.452704,0.468092,0.813737,0.915817,0.586177,0.828614,0.370489,0.580133,0.828999,0.889477
posture(295)_jpg.rf.NALPACIWxyz8fOi8pC4X.jpg,good,0.453948,0.167289,0.999153,0.475038,0.13772,0.999531,0.481012,0.138135,0.999478,0.487536,0.13892,0.999617,0.470089,0.136348,0.999445,0.472046,0.135591,0.999388,0.473834,0.135089,0.999615,0.53126,0.159154,0.998958,0.514262,0.15242,0.999409,0.469751,0.195884,0.999456,0.463881,0.195262,0.999106,0.593007,0.3083,0.998223,0.538106,0.254888,0.998638,0.413186,0.476831,0.929421,0.424484,0.379526,0.21698,0.266923,0.423608,0.781664,0.284959,0.404772,0.230224,0.212827,0.419389,0.7494,0.234755,0.404301,0.301719,0.217312,0.399418,0.764043,0.243722,0.396702,0.315941,0.237904,0.400596,0.750788,0.25516,0.398985,0.340168,0.641405,0.649254,0.998076,0.583095,0.584384,0.996714,0.262713,0.588057,0.940427,0.277313,0.458649,0.360336,0.375892,0.823176,0.89452,0.315673,0.71982,0.270506,0.422505,0.871011,0.877925,0.354909,0.758554,0.323796,0.272377,0.925137,0.882091,0.234362,0.798277,0.328324
ae991ba64b9c8d6dae8690ad6b3d081c - Copy_jpg.rf.3LM4RtzO9cLy4OQnY417.jpg,bad,0.510443,0.270954,0.999662,0.516063,0.254365,0.999516,0.518998,0.253596,0.999457,0.522392,0.252673,0.999717,0.516358,0.253197,0.999543,0.519394,0.251657,0.999484,0.522897,0.24994,0.999694,0.552528,0.253265,0.999566,0.552665,0.250801,0.999605,0.52729,0.285913,0.999746,0.526988,0.283879,0.999647,0.597667,0.351144,0.99997,0.623397,0.322435,0.999447,0.629221,0.498469,0.977515,0.651272,0.464065,0.059191,0.633415,0.628542,0.982363,0.636614,0.583211,0.109442,0.635239,0.65953,0.968891,0.631732,0.617004,0.118112,0.620829,0.659001,0.967005,0.62859,0.618629,0.112818,0.617327,0.648019,0.946539,0.632063,0.608552,0.119409,0.696617,0.589424,0.999091,0.704984,0.556768,0.998255,0.486181,0.549851,0.845613,0.498008,0.525274,0.136284,0.49023,0.747402,0.873895,0.491272,0.712697,0.158511,0.51027,0.777756,0.855003,0.528633,0.740313,0.332499,0.412294,0.783308,0.857105,0.423027,0.757568,0.266076
posture(287)_jpg.rf.ObYZAjuXae3BCwhGwqHA.jpg,bad,0.251819,0.323964,0.999994,0.237596,0.304022,0.999978,0.236534,0.30351,0.999966,0.235082,0.303057,0.999984,0.231306,0.306437,0.999988,0.225842,0.307729,0.999983,0.219536,0.309212,0.999985,0.198121,0.322057,0.999981,0.188184,0.327293,0.999976,0.251687,0.348831,0.999987,0.242539,0.349974,0.999994,0.22689,0.425075,0.999935,0.16037,0.472009,0.999917,0.413074,0.455765,0.912939,0.305097,0.602973,0.996106,0.586237,0.464735,0.929495,0.508952,0.630832,0.979737,0.645138,0.457952,0.876386,0.552546,0.639937,0.959888,0.650389,0.464947,0.886282,0.564998,0.629288,0.961277,0.625269,0.469644,0.879204,0.54917,0.626233,0.958697,0.386014,0.651702,0.994683,0.358818,0.697902,0.99666,0.655604,0.639187,0.242932,0.675936,0.701353,0.940801,0.554146,0.858702,0.192783,0.641097,0.93604,0.959644,0.521562,0.892154,0.274936,0.596357,0.964861,0.9529,0.633526,0.951876,0.211104,0.711303,1.012912,0.919251
sipotion_1749649839187_leaning_backward_0_87_jpg.rf.3pfhIzgYV2e22aWlfJ39.jpg,bad,0.439397,0.440116,0.990981,0.452331,0.420822,0.995606,0.457273,0.420885,0.99557,0.462661,0.420883,0.997268,0.446257,0.419985,0.995991,0.446852,0.419519,0.994312,0.447896,0.419008,0.995814,0.496841,0.430231,0.99522,0.480414,0.426873,0.995189,0.451268,0.461525,0.996247,0.444505,0.460539,0.994782,0.498259,0.546305,0.999345,0.488889,0.53607,0.989079,0.303867,0.656918,0.992558,0.376299,0.637664,0.014136,0.098159,0.619583,0.981393,0.308823,0.673189,0.015983,0.049526,0.612703,0.968538,0.298582,0.685388,0.027997,0.042196,0.594494,0.968704,0.302146,0.675757,0.027084,0.058058,0.600793,0.952981,0.306832,0.672575,0.028742,0.356802,0.791019,0.999213,0.344111,0.744533,0.997974,0.20989,0.536126,0.735993,0.209999,0.512672,0.321306,0.13357,0.75722,0.60256,0.151816,0.759405,0.197231,0.153626,0.799011,0.648455,0.173853,0.805518,0.26804,0.027168,0.773184,0.565548,0.061207,0.796027,0.217411
posture(738)_jpg.rf.QSthMaP1eg3BgjjI0tzA.jpg,bad,0.19427,0.280734,0.995117,0.181395,0.261072,0.995719,0.17937,0.261161,0.995697,0.17675,0.261275,0.996569,0.176781,0.262727,0.996027,0.171823,0.264121,0.995754,0.16634,0.265455,0.996356,0.134856,0.271917,0.996084,0.1293,0.276188,0.996266,0.18607,0.303571,0.996629,0.179931,0.306325,0.997548,0.080613,0.365299,0.997423,0.144949,0.371228,0.998945,0.177462,0.444264,0.072284,0.330353,0.422019,0.983662,0.266524,0.482063,0.060116,0.540511,0.462637,0.88637,0.286005,0.490999,0.074485,0.6021,0.466224,0.852773,0.28918,0.483248,0.077039,0.60726,0.455699,0.856866,0.284586,0.486025,0.080835,0.580953,0.460352,0.818837,0.225744,0.589423,0.955809,0.242791,0.619384,0.962739,0.454026,0.627479,0.307634,0.460336,0.620188,0.804028,0.582904,0.783571,0.246064,0.599474,0.764432,0.566385,0.58565,0.817717,0.323078,0.602881,0.803796,0.576893,0.670291,0.789306,0.290195,0.685574,0.751151,0.542922
posture(800)_jpg.rf.NntZSV2MljPMpBREGQe7.jpg,good,0.558477,0.345891,0.99852,0.546824,0.320984,0.999013,0.545061,0.319886,0.998988,0.542979,0.318648,0.999388,0.541702,0.319785,0.998681,0.536493,0.318109,0.998345,0.530846,0.316398,0.998771,0.511022,0.320795,0.999608,0.500335,0.319727,0.998522,0.550112,0.363481,0.997973,0.544569,0.362861,0.998126,0.443421,0.41201,0.999241,0.480155,0.424491,0.999493,0.511597,0.564132,0.035471,0.596928,0.568007,0.958994,0.594486,0.624548,0.023139,0.774257,0.557968,0.856841,0.610657,0.633768,0.031948,0.817336,0.56122,0.810721,0.617261,0.622901,0.030231,0.824592,0.544251,0.807795,0.610251,0.621737,0.031471,0.80707,0.546596,0.766243,0.433855,0.686442,0.998577,0.448388,0.695378,0.998369,0.691533,0.72207,0.123263,0.740661,0.704827,0.658222,0.69574,0.908999,0.113558,0.706684,0.919144,0.508869,0.664152,0.934224,0.194429,0.666577,0.946151,0.542352,0.770816,0.966115,0.133637,0.783231,0.962531,0.47017
posture(134)_jpg.rf.7VeQ46dYSTzAWBYIkLx0.jpg,bad,0.430073,0.34557,0.999853,0.438559,0.321645,0.99989,0.443625,0.320401,0.999886,0.449111,0.318845,0.999927,0.433343,0.321649,0.999899,0.434044,0.320768,0.999884,0.43523,0.319631,0.999897,0.484748,0.321276,0.99981,0.472389,0.32088,0.999859,0.450937,0.364139,0.999821,0.444248,0.365774,0.999745,0.562077,0.407851,0.999729,0.51998,0.421021,0.997917,0.4952,0.54964,0.961,0.493843,0.553336,0.014141,0.299137,0.528636,0.918593,0.439386,0.597178,0.013428,0.247765,0.522718,0.894698,0.432093,0.60222,0.022832,0.242983,0.50972,0.887703,0.427166,0.590921,0.021411,0.257042,0.513485,0.864028,0.429197,0.588684,0.023184,0.655669,0.628904,0.999274,0.620542,0.625822,0.997875,0.379337,0.656342,0.960276,0.349534,0.681414,0.268941,0.283385,0.89343,0.954118,0.26047,0.904383,0.352987,0.277978,0.950359,0.932368,0.279234,0.947417,0.395956,0.157188,0.929304,0.92778,0.164394,0.934075,0.381886
2d9d6695b9738eff81cbab92e7e48700 - Copy_jpg.rf.3HAz9RgWyng10YMAAZAs.jpg,bad,0.601661,0.122651,0.999895,0.620572,0.111192,0.999927,0.623026,0.113233,0.999918,0.62558,0.115237,0.999954,0.619621,0.108854,0.99988,0.621367,0.109176,0.999838,0.623333,0.109452,0.999897,0.643222,0.145219,0.999953,0.639352,0.137535,0.999918,0.59912,0.153898,0.999956,0.597294,0.149815,0.999824,0.613444,0.305276,0.999996,0.595977,0.281687,0.998798,0.514931,0.475736,0.998039,0.497756,0.430625,0.109897,0.37464,0.464609,0.997131,0.374764,0.468011,0.118652,0.337436,0.491904,0.993807,0.335277,0.495388,0.115432,0.328761,0.481929,0.993503,0.337112,0.494196,0.112595,0.339647,0.474919,0.989385,0.348216,0.483593,0.11641,0.448168,0.588542,0.999973,0.438592,0.561334,0.999634,0.178997,0.592048,0.958123,0.245662,0.505399,0.128422,0.120178,0.890249,0.946049,0.202258,0.770518,0.088009,0.125953,0.923683,0.919312,0.218001,0.816563,0.150353,0.039083,0.904978,0.920413,0.132359,0.829031,0.159154
posture(875)_jpg.rf.QkqLXU0eIvG2ghyvEtYv.jpg,bad,0.480156,0.415768,0.998949,0.489241,0.397881,0.998688,0.488595,0.396501,0.998314,0.488146,0.394778,0.99886,0.490145,0.394841,0.998837,0.489985,0.391233,0.998348,0.490053,0.387342,0.998946,0.475056,0.373035,0.998944,0.480462,0.363769,0.998282,0.465367,0.42204,0.997733,0.46485,0.415855,0.997917,0.401278,0.391637,0.998182,0.452904,0.359058,0.999961,0.525412,0.470775,0.173206,0.61961,0.422212,0.983235,0.656764,0.550133,0.190528,0.771744,0.504628,0.933157,0.686298,0.554197,0.190329,0.823365,0.51241,0.882871,0.690745,0.529885,0.186689,0.823916,0.511884,0.876756,0.673512,0.535614,0.188428,0.803344,0.511084,0.848622,0.304247,0.642981,0.999486,0.328646,0.65953,0.99984,0.567912,0.662629,0.201516,0.619004,0.673403,0.973987,0.626447,0.883626,0.283492,0.647451,0.902344,0.963488,0.605794,0.91838,0.350752,0.615814,0.946637,0.944052,0.706716,0.920358,0.377782,0.753555,0.932412,0.930334
posture(203)_jpg.rf.SOLBCySG7pztpOTRtvvb.jpg,bad,0.405255,0.366387,0.998911,0.421717,0.347802,0.99929,0.42693,0.347283,0.999248,0.432264,0.346936,0.999413,0.416259,0.349248,0.999501,0.417626,0.349573,0.999409,0.419565,0.349725,0.999498,0.458573,0.357233,0.998711,0.448812,0.357505,0.999221,0.417454,0.385784,0.997723,0.412835,0.386658,0.997805,0.461891,0.445961,0.998188,0.499117,0.427032,0.997292,0.339544,0.534623,0.590969,0.431791,0.523083,0.014848,0.31542,0.516146,0.350118,0.357698,0.567805,0.024801,0.310235,0.512157,0.348517,0.353389,0.588696,0.047543,0.321243,0.510322,0.333895,0.357645,0.58386,0.048916,0.326334,0.512096,0.358714,0.361632,0.579298,0.057004,0.615892,0.655831,0.999529,0.629183,0.640716,0.999647,0.387076,0.612708,0.957647,0.424712,0.642432,0.248295,0.334188,0.808635,0.963444,0.396722,0.838447,0.576727,0.351383,0.85204,0.929751,0.415453,0.876306,0.579254,0.238364,0.850711,0.947008,0.343373,0.878408,0.652316
12409ad7deb10d5ed474ba47e6738b4a_jpg.rf.BzWIDgxzqXhNXZs9OTQG.jpg,good,0.468016,0.154372,0.999938,0.464313,0.134801,0.999921,0.463004,0.133767,0.999866,0.461343,0.132462,0.999939,0.460745,0.133817,0.999941,0.456918,0.132079,0.999902,0.452542,0.130092,0.999937,0.429397,0.129466,0.99983,0.424361,0.129274,0.999895,0.45533,0.17404,0.999924,0.450529,0.17271,0.999968,0.377818,0.246495,0.999616,0.35858,0.241091,0.999952,0.419817,0.396708,0.071384,0.410302,0.415813,0.981608,0.540824,0.451074,0.200948,0.549189,0.443205,0.968899,0.593375,0.460835,0.270195,0.588359,0.457175,0.960821,0.600494,0.445053,0.285426,0.604213,0.437822,0.960464,0.584787,0.443864,0.295893,0.586187,0.435197,0.944113,0.38238,0.513369,0.996004,0.3679,0.531427,0.998214,0.567174,0.59638,0.181622,0.604015,0.65766,0.976217,0.434015,0.734079,0.434341,0.594365,0.902471,0.992519,0.390311,0.742955,0.633243,0.559056,0.925047,0.991783,0.464007,0.81337,0.510732,0.672436,0.994702,0.982914
posture(308)_jpg.rf.7D7tFXUKvAXxDs3lmHpS.jpg,bad,0.277671,0.276078,0.999949,0.26808,0.253873,0.999758,0.270376,0.252343,0.999604,0.272103,0.250924,0.999661,0.251608,0.257308,0.999839,0.243788,0.261081,0.999806,0.236247,0.263753,0.999854,0.244094,0.26255,0.999539,0.19872,0.285323,0.999892,0.287364,0.29841,0.999911,0.268481,0.304056,0.99998,0.281347,0.366363,0.999514,0.227462,0.439431,0.999943,0.404532,0.462289,0.184676,0.396844,0.57364,0.996321,0.527686,0.461069,0.248365,0.547266,0.529795,0.984444,0.576175,0.460953,0.267263,0.586857,0.528121,0.970217,0.56716,0.457837,0.278016,0.577022,0.503332,0.972227,0.544584,0.467018,0.303399,0.56587,0.503377,0.969776,0.456693,0.550443,0.995624,0.44708,0.620422,0.995649,0.652714,0.496696,0.145061,0.678896,0.569629,0.781393,0.774438,0.687086,0.164596,0.745954,0.790456,0.764127,0.765283,0.73618,0.296039,0.70962,0.855812,0.78657,0.890408,0.695992,0.194613,0.832126,0.833372,0.700791
posture(591)_jpg.rf.PbXSVW3vm7IALa455EeK.jpg,good,0.471222,0.224663,0.998071,0.455549,0.206506,0.997038,0.453384,0.206114,0.997059,0.450285,0.20566,0.998254,0.450847,0.207846,0.996825,0.446084,0.208709,0.996171,0.44045,0.209735,0.996985,0.4123,0.224487,0.998857,0.406317,0.230155,0.995728,0.467243,0.253478,0.997086,0.459224,0.255499,0.997556,0.372355,0.344764,0.997697,0.352824,0.358439,0.997824,0.503756,0.446132,0.200688,0.52535,0.472272,0.969835,0.678593,0.454185,0.277234,0.723377,0.470345,0.942244,0.725815,0.445909,0.322422,0.765549,0.479567,0.921181,0.729282,0.442195,0.334685,0.762653,0.459132,0.921435,0.710447,0.445186,0.336226,0.748865,0.459047,0.898956,0.385178,0.655363,0.984476,0.366653,0.690689,0.988326,0.636715,0.642725,0.146087,0.668795,0.712302,0.862984,0.575555,0.834418,0.129458,0.551268,0.912286,0.811302,0.541386,0.857373,0.228068,0.509207,0.933246,0.834911,0.64448,0.903154,0.167105,0.646286,0.95806,0.759844
sipotion_1749649831717_leaning_backward_0_87_jpg.rf.LCCsy9YZmFDikC0QlZAP.jpg,bad,0.465438,0.439087,0.992224,0.476718,0.419823,0.99576,0.480719,0.419388,0.996315,0.485112,0.418883,0.997437,0.472477,0.419949,0.995812,0.473451,0.419617,0.995007,0.474722,0.419227,0.996045,0.519796,0.425161,0.995538,0.507585,0.424221,0.995353,0.477135,0.45859,0.995883,0.472525,0.459005,0.994198,0.526853,0.534746,0.999728,0.517673,0.531408,0.992511,0.344606,0.648564,0.996308,0.389205,0.618472,0.036488,0.146918,0.621981,0.993569,0.324556,0.614123,0.048916,0.102638,0.616214,0.988244,0.324157,0.609026,0.071841,0.096731,0.602692,0.987468,0.323253,0.597401,0.068191,0.109882,0.606256,0.978444,0.324758,0.599943,0.069098,0.403643,0.780903,0.999788,0.39821,0.747605,0.999291,0.241378,0.533956,0.812154,0.26511,0.512434,0.331882,0.189766,0.765179,0.729891,0.212983,0.759583,0.269983,0.214071,0.805879,0.765452,0.236549,0.804948,0.365332,0.086364,0.787292,0.695861,0.119359,0.795758,0.309499
posture(556)_jpg.rf.5USSE0DOYlRjawZeQ88M.jpg,bad,0.66397,0.239349,0.993835,0.667439,0.213186,0.997359,0.665713,0.21165,0.997246,0.663318,0.209642,0.998062,0.663062,0.209241,0.996626,0.658522,0.20548,0.995665,0.653318,0.201469,0.996503,0.62473,0.198821,0.998865,0.615502,0.194963,0.995796,0.639822,0.254663,0.995529,0.635571,0.250908,0.995819,0.53027,0.298626,0.994889,0.512632,0.310241,0.995159,0.521178,0.470397,0.011178,0.509156,0.517644,0.813162,0.632922,0.50009,0.023524,0.685017,0.53934,0.699669,0.656864,0.503258,0.035655,0.727003,0.545713,0.639071,0.67526,0.492529,0.035281,0.737761,0.527694,0.623,0.661774,0.502556,0.034131,0.720535,0.527775,0.564642,0.370688,0.577073,0.994892,0.342065,0.590907,0.992082,0.697744,0.623387,0.145561,0.698286,0.613307,0.574072,0.606549,0.866196,0.17816,0.616061,0.870418,0.508255,0.558926,0.885699,0.231855,0.568229,0.889326,0.535993,0.661907,0.964886,0.196925,0.686234,0.97718,0.483832
posture(1026)_jpg.rf.7CT2OextMRwfgPmxZBRR.jpg,bad,0.388762,0.352072,0.999875,0.391727,0.329539,0.999865,0.395178,0.327212,0.999826,0.399501,0.32442,0.999887,0.387945,0.332052,0.99991,0.38833,0.331779,0.999894,0.388852,0.331337,0.999925,0.431488,0.321955,0.999751,0.417592,0.328861,0.999891,0.408189,0.365345,0.999854,0.403608,0.367591,0.999811,0.511538,0.394355,0.999793,0.482444,0.41766,0.998945,0.532154,0.545739,0.899673,0.520393,0.55,0.018128,0.420499,0.605978,0.623072,0.46716,0.616627,0.015149,0.389629,0.627179,0.542957,0.45747,0.644016,0.022432,0.38042,0.615376,0.530943,0.451884,0.634541,0.021626,0.391238,0.6083,0.519881,0.455361,0.623177,0.025132,0.593896,0.61772,0.998534,0.567963,0.620032,0.997072,0.343701,0.639675,0.965282,0.349489,0.647909,0.233494,0.257599,0.866441,0.936882,0.257639,0.863619,0.228483,0.272566,0.906989,0.891705,0.275243,0.89994,0.226223,0.165341,0.901133,0.914529,0.168506,0.896164,0.238509
a1bf02829610e90737b5f048b5e33d32 - Copy_jpg.rf.H309vNLeoMgAN7Q6mXyD.jpg,good,0.519563,0.283354,0.999359,0.51487,0.266936,0.999258,0.513732,0.266524,0.998976,0.512375,0.266018,0.999498,0.51337,0.267229,0.999272,0.511329,0.267145,0.998934,0.509048,0.26691,0.999367,0.496856,0.271897,0.999336,0.493582,0.273644,0.999208,0.514459,0.30018,0.999213,0.512119,0.299977,0.999624,0.484702,0.372002,0.999594,0.471664,0.375086,0.999924,0.500606,0.50528,0.081479,0.490399,0.51907,0.981133,0.559965,0.565933,0.066544,0.566613,0.559272,0.873581,0.577259,0.585205,0.083022,0.583346,0.578117,0.816965,0.580861,0.57698,0.08582,0.588785,0.564376,0.821675,0.573897,0.568646,0.090398,0.583925,0.559008,0.798083,0.509557,0.582121,0.998943,0.499777,0.595824,0.998253,0.629831,0.608803,0.091941,0.636248,0.609368,0.918607,0.615578,0.794176,0.261822,0.621639,0.809309,0.952554,0.592979,0.816909,0.440093,0.596938,0.833608,0.947554,0.660622,0.850315,0.335999,0.663595,0.858286,0.930038
posture(122)_jpg.rf.6tqcx0QFyl9Pd9X5et8P.jpg,bad,0.579469,0.433827,0.999879,0.581472,0.41283,0.999892,0.580227,0.411007,0.999892,0.578742,0.409091,0.999911,0.578306,0.413062,0.999914,0.574947,0.411665,0.999894,0.571296,0.410154,0.999906,0.54421,0.398252,0.999863,0.535596,0.399758,0.999815,0.562277,0.442522,0.999852,0.557617,0.442709,0.999873,0.461712,0.436015,0.998979,0.434241,0.495979,0.998755,0.434892,0.607657,0.041237,0.419458,0.702679,0.909117,0.465535,0.73463,0.051728,0.501856,0.853923,0.837913,0.48309,0.745148,0.052164,0.509176,0.885329,0.775452,0.485485,0.75362,0.055486,0.523323,0.882014,0.771001,0.475588,0.75561,0.061117,0.521374,0.878218,0.717693,0.250009,0.589581,0.996299,0.219541,0.632111,0.994974,0.487876,0.618753,0.116551,0.485344,0.658102,0.826913,0.656018,0.780101,0.163838,0.678293,0.790821,0.7619,0.656242,0.817236,0.209499,0.65777,0.829195,0.690801,0.709633,0.751262,0.2493,0.750867,0.746477,0.774138
posture(130)_jpg.rf.CquSgPtQvcjsyWT0D1zB.jpg,bad,0.621649,0.355228,0.999799,0.619016,0.3324,0.999938,0.617498,0.331532,0.999929,0.615787,0.330598,0.999948,0.615769,0.330401,0.999919,0.612311,0.328449,0.999892,0.608116,0.326119,0.999933,0.585028,0.325866,0.999944,0.581227,0.322656,0.999928,0.605323,0.367951,0.999827,0.601708,0.365855,0.999886,0.508214,0.402886,0.999496,0.503709,0.392389,0.999946,0.487496,0.546164,0.028147,0.480723,0.547304,0.866064,0.569273,0.608824,0.028079,0.582286,0.596816,0.514797,0.590901,0.622804,0.033556,0.612941,0.61246,0.454976,0.606246,0.618201,0.033576,0.618574,0.602677,0.452247,0.591401,0.611007,0.0364,0.605769,0.597192,0.43307,0.434982,0.606989,0.999296,0.430387,0.61065,0.999542,0.674266,0.68286,0.231939,0.689706,0.652619,0.927526,0.754112,0.858905,0.23327,0.760204,0.874363,0.868766,0.73409,0.902264,0.292565,0.739766,0.916682,0.838592,0.842887,0.885713,0.291708,0.84984,0.900372,0.823917
posture(4)_jpg.rf.7XoTGmxrw4rFrhJZ4W8F.jpg,good,0.494069,0.250578,0.999132,0.49613,0.227857,0.999075,0.494582,0.226512,0.999145,0.492795,0.224774,0.999317,0.493544,0.226061,0.999163,0.490369,0.223601,0.999198,0.486679,0.22054,0.999344,0.46352,0.212898,0.999339,0.456145,0.208484,0.999191,0.476197,0.262825,0.998583,0.472016,0.260701,0.99893,0.393753,0.276548,0.998565,0.387627,0.277462,0.99985,0.459071,0.389318,0.101777,0.49426,0.39292,0.986623,0.590035,0.417103,0.202634,0.641685,0.40406,0.973269,0.627716,0.411361,0.236205,0.678464,0.405732,0.959173,0.64649,0.39862,0.244977,0.679725,0.393311,0.958805,0.623715,0.406034,0.253044,0.668377,0.392783,0.937412,0.359968,0.501257,0.995975,0.35166,0.50788,0.997384,0.605457,0.505551,0.365478,0.616017,0.485098,0.977404,0.631923,0.709902,0.523846,0.620032,0.721161,0.968699,0.61421,0.748056,0.607741,0.596932,0.757367,0.955486,0.738474,0.742073,0.608717,0.728186,0.765255,0.947204
posture(512)_jpg.rf.7V4iztasYZyxahAFFmRV.jpg,good,0.604434,0.140634,0.998647,0.616281,0.119302,0.99869,0.619801,0.118658,0.99865,0.623847,0.118025,0.998933,0.612075,0.119845,0.998513,0.612705,0.11956,0.998508,0.613592,0.119229,0.998977,0.646915,0.126399,0.998767,0.638366,0.126709,0.998951,0.614482,0.162427,0.998511,0.609479,0.164598,0.996282,0.679615,0.232816,0.999684,0.655059,0.252713,0.998181,0.662555,0.404929,0.957848,0.638797,0.404562,0.059551,0.538951,0.448175,0.823943,0.555582,0.466028,0.057667,0.504321,0.453196,0.756849,0.537405,0.479456,0.06683,0.505543,0.439086,0.753893,0.519855,0.448138,0.067213,0.515492,0.436702,0.700792,0.533859,0.441618,0.071569,0.625211,0.532229,0.999314,0.600914,0.512336,0.998127,0.427102,0.630411,0.911544,0.430945,0.585182,0.259042,0.439397,0.871603,0.924691,0.472871,0.779411,0.252379,0.463892,0.891435,0.899418,0.502274,0.801109,0.36335,0.381025,0.952582,0.909395,0.423995,0.858604,0.335849
posture(545)_jpg.rf.vPRe2n1jPPovYJQCb3xT.jpg,bad,0.626471,0.209854,0.999899,0.634728,0.18654,0.999963,0.632636,0.184892,0.99996,0.629699,0.182851,0.99997,0.632532,0.185869,0.999938,0.628973,0.183694,0.999903,0.624727,0.180888,0.999931,0.583207,0.167232,0.999982,0.581917,0.164571,0.999944,0.597373,0.226081,0.999957,0.596088,0.224679,0.999967,0.476943,0.261565,0.999841,0.431582,0.233582,0.999962,0.418918,0.437475,0.041148,0.380171,0.449926,0.971128,0.541583,0.452592,0.10896,0.592005,0.40292,0.92932,0.573176,0.465801,0.142908,0.643931,0.425854,0.875478,0.589444,0.445272,0.145292,0.657719,0.397259,0.871132,0.603592,0.411888,0.14221,0.635937,0.385173,0.857727,0.358196,0.544837,0.999038,0.326052,0.555016,0.999402,0.644411,0.587968,0.231792,0.662512,0.601475,0.909445,0.647901,0.842515,0.24848,0.682677,0.898137,0.838901,0.610385,0.873632,0.32184,0.650114,0.929831,0.839111,0.726103,0.929075,0.247272,0.759669,0.962519,0.766422
posture(592)_jpg.rf.C8wv7X89YQtrBZnLFqf7.jpg,good,0.440138,0.183766,0.999447,0.423901,0.164312,0.999113,0.421513,0.164494,0.999094,0.418227,0.164596,0.99943,0.418561,0.165657,0.999116,0.412768,0.166808,0.998962,0.405843,0.168305,0.99915,0.381051,0.184558,0.99944,0.368009,0.192041,0.998767,0.434951,0.212628,0.998875,0.426422,0.214534,0.99897,0.344193,0.30099,0.999227,0.32162,0.320425,0.999054,0.488384,0.406167,0.302693,0.507532,0.44733,0.979358,0.679347,0.422876,0.452392,0.7242,0.440671,0.958381,0.709133,0.414758,0.452037,0.770843,0.439683,0.926492,0.724191,0.410302,0.471029,0.766658,0.423138,0.923512,0.707782,0.41315,0.460815,0.748119,0.42502,0.897292,0.358467,0.633016,0.992981,0.350159,0.670786,0.993179,0.589344,0.634205,0.172159,0.656481,0.705881,0.83133,0.548191,0.84116,0.147551,0.523907,0.890925,0.654629,0.50975,0.869193,0.21998,0.482953,0.916502,0.662298,0.620849,0.889484,0.195427,0.628914,0.933499,0.630054
5678fa20200e3d80dc15d6db3090e4a1_jpg.rf.5OsS6N3EBfLXVV4e9far.jpg,good,0.27191,0.32394,0.999983,0.266447,0.310496,0.999977,0.264922,0.309879,0.999976,0.262979,0.309251,0.999988,0.2641,0.310156,0.999974,0.260913,0.309359,0.999968,0.25758,0.308649,0.999971,0.237203,0.311149,0.999987,0.234631,0.310387,0.999946,0.264227,0.336283,0.999969,0.260083,0.335626,0.999971,0.228239,0.386086,0.999963,0.205465,0.39199,0.999802,0.305061,0.465914,0.773803,0.293447,0.484558,0.993455,0.414609,0.46604,0.944898,0.408225,0.498721,0.991546,0.451375,0.471087,0.926874,0.444583,0.504661,0.986467,0.450681,0.463841,0.931595,0.44879,0.492694,0.98578,0.43887,0.461644,0.916075,0.435774,0.486253,0.977284,0.239612,0.547702,0.998573,0.208879,0.564508,0.9967,0.407849,0.608838,0.253652,0.412762,0.6114,0.943705,0.372725,0.752758,0.403223,0.375082,0.76578,0.960265,0.350179,0.775945,0.571533,0.352171,0.780833,0.951805,0.444495,0.793513,0.492853,0.451306,0.797627,0.943802
cd73af0a7e9bee5131375eedd7085d25 - Copy_jpg.rf.XluijBV4co0Mfr1omp3Y.jpg,bad,0.734733,0.333953,0.999979,0.756211,0.322978,0.999978,0.762655,0.323641,0.999979,0.769489,0.32439,0.999979,0.747794,0.321571,0.999966,0.747685,0.321042,0.999965,0.747972,0.320603,0.999977,0.803759,0.334295,0.999984,0.781506,0.330695,0.999976,0.74525,0.351525,0.99998,0.735295,0.348522,0.999945,0.81623,0.421665,0.999995,0.739991,0.404692,0.999962,0.678665,0.537794,0.997691,0.630815,0.494037,0.514343,0.502784,0.516947,0.99256,0.529605,0.467538,0.792278,0.44349,0.512207,0.982836,0.49935,0.450964,0.773893,0.449395,0.499022,0.98277,0.495,0.448318,0.764073,0.473779,0.497016,0.975698,0.505267,0.453721,0.741605,0.592648,0.598264,0.999957,0.578425,0.578395,0.999935,0.291312,0.597262,0.993238,0.311235,0.590154,0.519693,0.369414,0.774874,0.990582,0.35901,0.765222,0.606448,0.431944,0.804357,0.982415,0.389052,0.791227,0.660139,0.279284,0.845681,0.988972,0.281339,0.816843,0.670936
posture(637)_jpg.rf.5xv7XJFDpjafuaKjkfRT.jpg,bad,0.458296,0.446077,0.999948,0.454199,0.428766,0.999957,0.456678,0.426615,0.999953,0.459483,0.424291,0.999966,0.451673,0.430553,0.999964,0.452309,0.429769,0.999962,0.453034,0.428985,0.999964,0.483373,0.415289,0.999934,0.475383,0.419848,0.999949,0.477957,0.453654,0.999948,0.475468,0.456327,0.999937,0.586978,0.458076,0.99986,0.558109,0.482004,0.999572,0.61144,0.591361,0.917724,0.602718,0.606963,0.025504,0.465392,0.564474,0.898657,0.587054,0.653042,0.032498,0.433058,0.572513,0.857908,0.586554,0.66868,0.045338,0.426541,0.554997,0.852906,0.577428,0.661759,0.043701,0.442637,0.551952,0.829749,0.577026,0.654753,0.046455,0.729394,0.637279,0.999648,0.68962,0.63033,0.999409,0.504575,0.660953,0.976702,0.47649,0.647314,0.174747,0.439585,0.832003,0.961087,0.434615,0.82633,0.196438,0.458899,0.867493,0.912248,0.452329,0.858688,0.188669,0.338888,0.864861,0.944301,0.368122,0.863491,0.275361
posture(178)_jpg.rf.87P97p5X2d7LsReVnkuF.jpg,good,0.440531,0.339439,0.992936,0.454944,0.316142,0.993299,0.46044,0.315053,0.993395,0.466544,0.314258,0.994973,0.448677,0.31728,0.993294,0.449697,0.316684,0.993203,0.450954,0.316106,0.996087,0.500886,0.322309,0.991058,0.486047,0.321777,0.996676,0.455952,0.361526,0.995197,0.450055,0.361571,0.989802,0.529749,0.41822,0.996,0.539504,0.415117,0.986959,0.401135,0.537565,0.913713,0.429414,0.526514,0.071869,0.224663,0.557807,0.877089,0.293868,0.574272,0.081892,0.180669,0.55454,0.86867,0.272988,0.566044,0.134165,0.17462,0.53807,0.862605,0.259727,0.560448,0.131788,0.186811,0.540237,0.838097,0.266943,0.566933,0.148096,0.554424,0.686365,0.994484,0.560873,0.66358,0.97946,0.314372,0.679755,0.915365,0.355745,0.710293,0.135463,0.297984,0.913022,0.895449,0.362604,0.900502,0.165538,0.340583,0.945684,0.880559,0.372545,0.920096,0.255153,0.212546,0.939223,0.758007,0.273086,0.930099,0.19379
sipotion_1749649836581_leaning_backward_0_85_jpg.rf.kmeMtVsefIZMWAJpvHku.jpg,bad,0.447288,0.446846,0.98583,0.459101,0.426014,0.992961,0.462975,0.425646,0.992779,0.467171,0.425341,0.995352,0.455676,0.426047,0.993828,0.457083,0.425633,0.99255,0.45864,0.425221,0.995022,0.5011,0.433545,0.990965,0.491358,0.431656,0.994029,0.458885,0.466434,0.992295,0.453456,0.466717,0.990954,0.493828,0.549064,0.999258,0.505343,0.541118,0.991685,0.304452,0.651021,0.991918,0.368733,0.654738,0.019729,0.098928,0.624312,0.986006,0.292143,0.696538,0.026625,0.052783,0.614526,0.978288,0.28626,0.700743,0.042343,0.046451,0.600564,0.977607,0.28892,0.689164,0.039456,0.060872,0.605203,0.961282,0.290911,0.687481,0.040078,0.379847,0.806191,0.999451,0.381334,0.781495,0.99834,0.211817,0.547838,0.837202,0.232263,0.521498,0.333482,0.149739,0.778604,0.759692,0.174544,0.781253,0.274453,0.166389,0.821169,0.757014,0.195677,0.826091,0.345222,0.053124,0.791642,0.69178,0.091779,0.816055,0.300702
posture(391)_jpg.rf.8TYrz8C5392MHWekpSVW.jpg,good,0.438226,0.359544,0.997173,0.4264,0.337434,0.998034,0.424408,0.336039,0.998168,0.422413,0.33438,0.998606,0.423322,0.337646,0.9978,0.41954,0.33688,0.997288,0.416153,0.336127,0.997889,0.388969,0.333536,0.998565,0.388016,0.33919,0.997381,0.423308,0.377162,0.997883,0.417741,0.376006,0.998065,0.351387,0.442027,0.998074,0.34297,0.450817,0.999398,0.448853,0.588655,0.053083,0.482716,0.610544,0.930505,0.599199,0.608038,0.080993,0.67207,0.601623,0.875047,0.632968,0.604036,0.09881,0.726298,0.582516,0.856006,0.644735,0.591225,0.102686,0.722063,0.571401,0.854491,0.631907,0.596259,0.108948,0.695766,0.577154,0.804349,0.371783,0.701076,0.993044,0.336177,0.734292,0.996066,0.612091,0.718523,0.366692,0.613689,0.760865,0.945113,0.773535,0.929814,0.477537,0.759926,0.957168,0.940702,0.771304,0.961286,0.520207,0.756266,1.004073,0.893168,0.895472,0.937252,0.516694,0.892877,0.978015,0.903545
posture(845)_jpg.rf.8RVkR0R1Y6OCdMWj0Un9.jpg,bad,0.550674,0.347298,0.999961,0.539733,0.33247,0.999968,0.538827,0.333224,0.99997,0.537691,0.333874,0.999973,0.533502,0.329971,0.999954,0.528389,0.329481,0.999955,0.522647,0.329149,0.999956,0.501566,0.341672,0.999983,0.487266,0.342126,0.999961,0.542268,0.366583,0.999954,0.53764,0.364628,0.999953,0.442637,0.428825,0.999746,0.483274,0.430418,0.99975,0.562166,0.502155,0.231806,0.623665,0.495735,0.904835,0.622445,0.574922,0.263277,0.650051,0.513976,0.789657,0.637233,0.570475,0.287464,0.65888,0.527295,0.769366,0.630022,0.566953,0.292524,0.64733,0.528325,0.762108,0.620861,0.560194,0.303032,0.64347,0.536664,0.779458,0.361446,0.653293,0.999829,0.360149,0.662571,0.999787,0.574436,0.642356,0.392136,0.588775,0.644139,0.972244,0.597803,0.803245,0.485162,0.617991,0.817284,0.947397,0.557722,0.850967,0.61423,0.59515,0.850661,0.947504,0.665817,0.840639,0.61195,0.7172,0.832959,0.920453
03c40be672e90af46fb59496c8034b57 - Copy (2)_jpg.rf.v1qYJJctHzUVxUoD3YKO.jpg,good,0.460556,0.326227,0.999686,0.449124,0.311475,0.999798,0.447472,0.310833,0.999785,0.445574,0.310107,0.999867,0.446567,0.312031,0.99975,0.443408,0.311905,0.999675,0.439947,0.311771,0.999779,0.416224,0.315922,0.999873,0.414447,0.317831,0.999761,0.457308,0.341267,0.999753,0.451827,0.342057,0.999854,0.389536,0.411402,0.999247,0.374688,0.42234,0.999758,0.420167,0.54081,0.101487,0.400671,0.561546,0.966842,0.514901,0.598247,0.063444,0.532649,0.599415,0.759717,0.540832,0.615281,0.07445,0.56296,0.615467,0.68386,0.544725,0.610651,0.077909,0.57107,0.606123,0.681026,0.538307,0.602305,0.082283,0.560912,0.601288,0.6528,0.383903,0.608308,0.99838,0.374721,0.619444,0.998188,0.605715,0.633529,0.356249,0.617022,0.642068,0.985908,0.590446,0.811461,0.635116,0.602884,0.827635,0.993408,0.561585,0.837705,0.689385,0.576783,0.859006,0.985313,0.682989,0.84932,0.696356,0.698993,0.86258,0.986783
posture(383)_jpg.rf.BHtVeaUGqV3vpVLZ7HpX.jpg,good,0.38695,0.168914,0.999263,0.379888,0.1523,0.998989,0.379,0.151825,0.99906,0.377866,0.151534,0.999284,0.377233,0.152166,0.999128,0.374498,0.15178,0.999206,0.371395,0.151667,0.999325,0.357975,0.157465,0.998879,0.351484,0.158721,0.999295,0.381687,0.185333,0.998563,0.377685,0.185874,0.999194,0.330411,0.257214,0.999051,0.332908,0.256439,0.999765,0.388871,0.348794,0.112915,0.405337,0.36028,0.977189,0.486949,0.375204,0.128266,0.502633,0.379009,0.939017,0.506249,0.372335,0.162426,0.523763,0.382521,0.925327,0.513546,0.371113,0.172254,0.52498,0.37702,0.919264,0.503811,0.372055,0.181413,0.516023,0.376142,0.885329,0.315845,0.478472,0.998017,0.31493,0.485017,0.9979,0.444157,0.551719,0.376587,0.456052,0.551178,0.986231,0.421846,0.729054,0.699821,0.429367,0.742782,0.989436,0.402801,0.753933,0.762227,0.409617,0.768447,0.977286,0.47383,0.759766,0.808637,0.485209,0.771935,0.983826
posture(29)_jpg.rf.lGpnoVtn0xG6wfkPZNgM.jpg,bad,0.490726,0.414532,0.999809,0.48664,0.390964,0.999816,0.487934,0.387121,0.999837,0.488769,0.381323,0.99985,0.487494,0.394318,0.999836,0.489293,0.393112,0.999848,0.490988,0.391894,0.999895,0.511943,0.363551,0.999676,0.511617,0.375047,0.999916,0.502573,0.418833,0.999504,0.505149,0.422548,0.999575,0.552071,0.37413,0.999915,0.562692,0.42791,0.999474,0.373775,0.425998,0.991728,0.438085,0.472321,0.334596,0.221468,0.497129,0.989469,0.289407,0.527957,0.687907,0.163279,0.499419,0.982967,0.253364,0.524497,0.701941,0.168498,0.496471,0.979696,0.248026,0.521453,0.707729,0.183042,0.500788,0.972704,0.253613,0.520979,0.690893,0.655952,0.643814,0.999335,0.685761,0.655899,0.998782,0.361695,0.651204,0.987834,0.411777,0.674542,0.408421,0.325687,0.863754,0.949619,0.377638,0.878484,0.39449,0.357196,0.900644,0.920893,0.397421,0.909531,0.492957,0.226096,0.904199,0.882847,0.295667,0.910814,0.429974
posture(131)_jpg.rf.CXQUcOioAPFmIMNe4wHe.jpg,bad,0.389117,0.354023,0.999799,0.391489,0.331409,0.99979,0.394915,0.32916,0.999721,0.399237,0.326364,0.999819,0.387634,0.33405,0.999856,0.388099,0.33369,0.999828,0.388683,0.333197,0.999876,0.432435,0.322546,0.999599,0.417828,0.329365,0.99982,0.409437,0.36621,0.999762,0.404647,0.368731,0.999688,0.509443,0.395161,0.999795,0.485408,0.415916,0.99867,0.533161,0.543603,0.905266,0.52896,0.545628,0.014075,0.421104,0.604586,0.605181,0.487366,0.613256,0.009621,0.390322,0.626388,0.513957,0.480128,0.641344,0.014367,0.382442,0.615217,0.503155,0.474512,0.632851,0.013833,0.393199,0.607666,0.486323,0.476457,0.621487,0.016455,0.590931,0.617192,0.998696,0.568035,0.620362,0.997332,0.332535,0.641,0.955214,0.346912,0.651023,0.190298,0.254942,0.867531,0.920282,0.253733,0.863591,0.197575,0.277298,0.904778,0.865731,0.273517,0.903772,0.206804,0.166998,0.89921,0.899529,0.17065,0.897435,0.21032
posture(370)_jpg.rf.DQkFfm2Q6y6B2SPrqKOA.jpg,good,0.399099,0.286694,0.996501,0.395988,0.273373,0.994162,0.394545,0.272622,0.99397,0.392866,0.271719,0.995349,0.39535,0.273493,0.994327,0.393528,0.272855,0.994183,0.39149,0.27202,0.995706,0.377294,0.271061,0.990566,0.377246,0.271391,0.99301,0.390971,0.295433,0.992062,0.390033,0.295375,0.995893,0.350727,0.332096,0.997793,0.355762,0.331448,0.999817,0.357229,0.429571,0.025558,0.373613,0.428771,0.976587,0.397075,0.480698,0.03169,0.451258,0.420425,0.925582,0.406624,0.493866,0.054478,0.469175,0.422919,0.90806,0.410137,0.486947,0.054552,0.471226,0.415751,0.905438,0.405982,0.481779,0.056958,0.464217,0.413884,0.850399,0.34785,0.497329,0.992899,0.349861,0.50918,0.995642,0.445854,0.528112,0.232936,0.464503,0.538181,0.968303,0.397835,0.63882,0.473036,0.454285,0.681426,0.975851,0.378343,0.655693,0.594714,0.435356,0.69993,0.954834,0.435194,0.670174,0.624605,0.499435,0.707527,0.96283
posture(739)_jpg.rf.l1c0ruGmgFPcQj1HOBKl.jpg,bad,0.81775,0.361469,0.998867,0.834907,0.343213,0.998865,0.841177,0.344187,0.998714,0.8472,0.345108,0.998917,0.825201,0.34069,0.998778,0.824568,0.339985,0.998635,0.824052,0.339221,0.999152,0.88594,0.352465,0.998392,0.851337,0.346042,0.999323,0.830468,0.384623,0.999402,0.818976,0.380687,0.999291,0.891817,0.435176,0.999704,0.903869,0.41333,0.999342,0.681397,0.48828,0.996029,0.820572,0.52217,0.181971,0.480574,0.531962,0.946015,0.737173,0.589215,0.135093,0.42294,0.538457,0.884075,0.726598,0.604799,0.151344,0.425533,0.516009,0.882019,0.727517,0.596883,0.146358,0.443571,0.517419,0.836827,0.730756,0.597018,0.148265,0.771646,0.685969,0.9945,0.786265,0.656771,0.982957,0.529162,0.721786,0.88021,0.570618,0.722477,0.309781,0.44097,0.865513,0.788221,0.493546,0.890504,0.264663,0.4458,0.902637,0.744639,0.503184,0.929222,0.325374,0.345434,0.852104,0.647582,0.415944,0.909441,0.279073
posture(965)_jpg.rf.8wo3GQ4MjozDUFvF59E4.jpg,bad,0.669657,0.238224,0.998137,0.67545,0.212651,0.999276,0.673788,0.211483,0.99926,0.671448,0.210102,0.999465,0.670854,0.208475,0.998977,0.666161,0.204926,0.998679,0.660848,0.201365,0.998941,0.633428,0.198815,0.999597,0.622687,0.193758,0.998786,0.644545,0.255237,0.998069,0.639917,0.250966,0.998282,0.532562,0.29017,0.998167,0.521756,0.317345,0.998058,0.48941,0.462955,0.023492,0.507874,0.512507,0.799523,0.563213,0.577177,0.030139,0.68249,0.540516,0.590675,0.578644,0.599799,0.043995,0.716937,0.561451,0.541035,0.592544,0.592415,0.04479,0.719071,0.536474,0.5362,0.583957,0.585374,0.044762,0.713268,0.535024,0.501048,0.379311,0.563101,0.996668,0.354884,0.58358,0.996538,0.697916,0.621558,0.220256,0.730345,0.606154,0.780631,0.59447,0.846567,0.230276,0.606571,0.884508,0.737688,0.546076,0.864044,0.246946,0.545872,0.911459,0.685197,0.648407,0.93709,0.2855,0.685733,0.9595,0.700489
posture(24)_jpg.rf.l1s9txYO0XIUl6rfhiFd.jpg,bad,0.700999,0.240092,0.999964,0.728564,0.224065,0.999969,0.735647,0.227369,0.999965,0.7434,0.231162,0.999968,0.715985,0.215229,0.999947,0.714192,0.212577,0.999931,0.712661,0.210046,0.999962,0.791072,0.252118,0.999982,0.754207,0.236517,0.999985,0.706695,0.275357,0.999986,0.6943,0.270695,0.999969,0.819961,0.455714,0.999987,0.699221,0.341982,0.999939,0.626517,0.618977,0.993046,0.480363,0.407112,0.713441,0.533725,0.461265,0.970465,0.26187,0.440859,0.656054,0.512079,0.423726,0.925502,0.201019,0.419754,0.591237,0.532023,0.406925,0.928655,0.201459,0.42532,0.607173,0.542228,0.417284,0.908139,0.220826,0.439993,0.635336,0.523288,0.674729,0.999908,0.473864,0.58482,0.999859,0.172278,0.67079,0.979619,0.174801,0.632918,0.458313,0.236523,0.906629,0.778203,0.179014,0.875528,0.246157,0.279478,0.944952,0.815076,0.208054,0.914321,0.243904,0.150222,0.985653,0.762373,0.084738,0.949976,0.243872
posture(10)_jpg.rf.DUCJjZHPZPX6w0UI1z7N.jpg,bad,0.415716,0.360143,0.999921,0.424651,0.337565,0.999944,0.429087,0.336583,0.999944,0.434624,0.335116,0.999964,0.418764,0.338048,0.999948,0.418988,0.337435,0.999941,0.41958,0.336631,0.999946,0.470532,0.337759,0.999916,0.456792,0.337082,0.999933,0.434651,0.377021,0.999928,0.427572,0.378428,0.99986,0.55157,0.422302,0.999826,0.491184,0.437815,0.998294,0.483509,0.554826,0.970916,0.449731,0.561103,0.043833,0.291457,0.538776,0.957726,0.369854,0.578973,0.0475,0.24375,0.535634,0.944946,0.354181,0.577677,0.070949,0.244821,0.520874,0.94229,0.34996,0.566363,0.065188,0.264211,0.522828,0.925535,0.356987,0.565364,0.0665,0.634483,0.638867,0.999576,0.584212,0.630866,0.998547,0.35895,0.647204,0.963024,0.310816,0.67596,0.241067,0.257275,0.898118,0.970213,0.251257,0.892046,0.25419,0.282827,0.94247,0.959452,0.276305,0.934506,0.303601,0.169584,0.925992,0.951062,0.175515,0.926711,0.270403
posture(928)_jpg.rf.PUViyIZ7hjtTIleqFQni.jpg,good,0.595877,0.200284,0.99927,0.610561,0.179425,0.99926,0.615722,0.178906,0.999239,0.621716,0.178343,0.99949,0.606068,0.178815,0.999194,0.607742,0.177902,0.999152,0.609903,0.176728,0.999497,0.672228,0.192097,0.998914,0.657908,0.188098,0.999385,0.611758,0.22795,0.999328,0.605358,0.226615,0.99803,0.746076,0.329697,0.999808,0.662169,0.326516,0.994879,0.654578,0.519324,0.965804,0.597092,0.483773,0.067287,0.453857,0.478826,0.970969,0.44282,0.4696,0.09955,0.388008,0.480097,0.957391,0.380498,0.474429,0.122432,0.379599,0.464068,0.953803,0.371907,0.463262,0.116131,0.397166,0.461196,0.939885,0.390125,0.462647,0.121084,0.701974,0.649907,0.999261,0.640781,0.631015,0.997932,0.392705,0.593311,0.965595,0.287803,0.612652,0.326411,0.334306,0.914148,0.975682,0.325448,0.890951,0.330736,0.367043,0.970354,0.95735,0.352007,0.935441,0.455169,0.206746,0.997776,0.961488,0.198629,0.984682,0.422555
posture(312)_jpg.rf.U6BRnQfvBq7jmyvJk9kf.jpg,bad,0.734984,0.269353,0.998361,0.762682,0.254887,0.998284,0.769134,0.25648,0.998326,0.776151,0.258351,0.998402,0.755751,0.25327,0.997899,0.756967,0.253441,0.998152,0.758733,0.253543,0.998895,0.813479,0.283197,0.998094,0.797033,0.276885,0.999418,0.739201,0.297834,0.998907,0.731548,0.294314,0.997931,0.799037,0.430124,0.999371,0.749379,0.39669,0.998865,0.555018,0.465532,0.952195,0.56791,0.419907,0.451527,0.386273,0.35491,0.891662,0.403839,0.321344,0.406554,0.344566,0.317334,0.867852,0.367228,0.291755,0.44024,0.358339,0.294403,0.871806,0.366597,0.278568,0.450229,0.356605,0.315112,0.853851,0.382745,0.290429,0.485225,0.543388,0.675561,0.999638,0.558745,0.614891,0.998158,0.224669,0.57727,0.989606,0.313335,0.45375,0.265043,0.172647,0.807882,0.955928,0.21021,0.607009,0.201708,0.205595,0.844815,0.964353,0.216464,0.646504,0.32323,0.086259,0.821961,0.899411,0.115353,0.608288,0.244427
sipotion_1749658182044_leaning_backward_0_72_jpg.rf.wSythrs76BOgIw58nB9i.jpg,bad,0.423369,0.355983,0.999798,0.405023,0.335195,0.999844,0.403389,0.335139,0.999825,0.401243,0.335207,0.999874,0.39969,0.337506,0.999785,0.394359,0.339029,0.999699,0.388571,0.340553,0.999796,0.368296,0.354668,0.999903,0.355434,0.360287,0.999869,0.422622,0.383032,0.999898,0.415612,0.385201,0.999934,0.385207,0.493447,0.999547,0.358204,0.53012,0.999851,0.497034,0.626076,0.180891,0.498505,0.705194,0.98957,0.612314,0.626639,0.154029,0.652871,0.636585,0.940998,0.645497,0.628565,0.165316,0.691694,0.630042,0.911544,0.63761,0.609799,0.17491,0.684152,0.606938,0.920495,0.63099,0.611829,0.181547,0.670379,0.609082,0.912825,0.506185,0.762767,0.990923,0.488477,0.804957,0.993941,0.753099,0.70143,0.315141,0.793003,0.738281,0.938749,0.924836,0.844378,0.190586,0.95559,0.879009,0.836313,0.92554,0.887584,0.26937,0.955943,0.918187,0.824051,1.039122,0.839795,0.193597,1.068348,0.872634,0.7624
posture(345)_jpg.rf.DjyXuohvZpQGCNnMOm6U.jpg,good,0.391144,0.135685,0.99987,0.384449,0.114431,0.999787,0.384378,0.114311,0.999732,0.383971,0.113931,0.999865,0.375377,0.11383,0.999857,0.368561,0.113059,0.999826,0.360392,0.112157,0.999833,0.349288,0.119971,0.999821,0.323517,0.117112,0.999799,0.384431,0.163293,0.999265,0.373223,0.161009,0.999611,0.308361,0.262396,0.999841,0.259252,0.268476,0.999643,0.385798,0.41533,0.134374,0.339379,0.44576,0.957743,0.542746,0.418291,0.323636,0.522319,0.425106,0.868299,0.607005,0.423678,0.415354,0.582186,0.422987,0.844269,0.615041,0.413436,0.438112,0.593567,0.409488,0.84323,0.595416,0.41078,0.429508,0.54518,0.398783,0.811924,0.287401,0.585542,0.999376,0.257915,0.603866,0.998967,0.555232,0.712426,0.09562,0.552304,0.719594,0.97301,0.300561,0.821019,0.181424,0.273455,0.834364,0.976198,0.23323,0.786924,0.306402,0.221964,0.809731,0.97584,0.257666,0.90622,0.264758,0.246652,0.938607,0.960074
posture(857)_jpg.rf.UjqjvyRTXhkkX1QmJBHJ.jpg,good,0.555102,0.14698,0.999979,0.548642,0.120237,0.999987,0.546614,0.119141,0.999982,0.544393,0.118118,0.999987,0.546591,0.11979,0.999984,0.543211,0.118466,0.999978,0.539552,0.117325,0.999982,0.521897,0.121406,0.999969,0.515359,0.122949,0.999987,0.546091,0.165107,0.999989,0.54232,0.163522,0.999996,0.504164,0.248727,0.99983,0.458529,0.23971,0.999993,0.538518,0.39235,0.385176,0.504302,0.406285,0.983627,0.560613,0.276209,0.691676,0.626521,0.427133,0.96009,0.556289,0.243603,0.694528,0.654821,0.430719,0.937225,0.555404,0.229658,0.687719,0.665652,0.416496,0.934731,0.551158,0.238041,0.618059,0.654991,0.414429,0.910384,0.508242,0.520169,0.99805,0.480998,0.532373,0.999598,0.679839,0.615514,0.517576,0.679968,0.654249,0.980651,0.683614,0.80738,0.565177,0.742833,0.883659,0.98992,0.659977,0.841664,0.638046,0.723244,0.927486,0.980486,0.764659,0.851477,0.679581,0.842583,0.91732,0.984168
sipotion_1749658202114_leaning_forward_0_83_jpg.rf.oGH5mxNDD33DDl5EZmeB.jpg,bad,0.56628,0.481112,0.999903,0.561894,0.451019,0.999912,0.558441,0.448468,0.999907,0.554467,0.445445,0.999924,0.560085,0.451531,0.999903,0.555597,0.449642,0.999884,0.550545,0.447502,0.999919,0.511881,0.438793,0.999965,0.511639,0.445529,0.999931,0.543864,0.503283,0.99993,0.540252,0.5031,0.999934,0.384105,0.533184,0.999476,0.454781,0.572653,0.9999,0.445322,0.668551,0.080875,0.569077,0.778259,0.974543,0.581241,0.652944,0.089052,0.695637,0.722474,0.90292,0.621723,0.657882,0.117993,0.728402,0.719247,0.873633,0.634391,0.645689,0.12726,0.706855,0.682982,0.885418,0.621697,0.65149,0.128837,0.701403,0.699297,0.862563,0.386946,0.906563,0.977444,0.438026,0.939004,0.989898,0.606529,0.823952,0.198493,0.722269,0.869207,0.931874,0.698281,1.049878,0.117414,0.780569,1.101525,0.627914,0.682415,1.091054,0.156673,0.753735,1.136249,0.611697,0.788229,1.08614,0.133514,0.883403,1.151649,0.552307
posture(511)_jpg.rf.nylor1XnmPMjbeaEmAHE.jpg,good,0.368452,0.133361,0.999877,0.363081,0.116359,0.999734,0.363358,0.116551,0.999593,0.363326,0.116805,0.999656,0.356196,0.115134,0.999833,0.351426,0.114603,0.999801,0.3467,0.11414,0.999867,0.346612,0.124004,0.999083,0.324377,0.121066,0.999811,0.365253,0.151681,0.999256,0.357989,0.149819,0.999799,0.331653,0.232484,0.997605,0.295604,0.223454,0.999916,0.348545,0.381611,0.046612,0.307579,0.384822,0.979665,0.407257,0.434426,0.077509,0.420154,0.413761,0.907646,0.434038,0.445439,0.102004,0.447115,0.420979,0.863322,0.441389,0.44147,0.103853,0.455313,0.408383,0.862613,0.435235,0.440151,0.104907,0.44605,0.404276,0.830049,0.369932,0.477734,0.985638,0.354494,0.489635,0.992437,0.507677,0.583612,0.283601,0.522099,0.586319,0.910789,0.492963,0.770242,0.300718,0.516268,0.806047,0.860654,0.465282,0.795268,0.363828,0.482458,0.836524,0.761866,0.557254,0.832298,0.377677,0.585465,0.87152,0.819738
posture(768)_jpg.rf.Eeb221PK8FWI4NzfqMdv.jpg,bad,0.565076,0.437374,0.989435,0.563636,0.411592,0.991786,0.562297,0.410439,0.993783,0.560897,0.409458,0.993605,0.55974,0.411144,0.99002,0.555815,0.40953,0.98981,0.551891,0.407982,0.989046,0.527503,0.403424,0.995073,0.52221,0.402934,0.987607,0.549906,0.45697,0.994111,0.546413,0.454193,0.991872,0.436805,0.430829,0.986022,0.434198,0.440292,0.985589,0.611804,0.498392,0.265062,0.638702,0.501729,0.905457,0.816027,0.58647,0.248968,0.860039,0.533776,0.77743,0.867188,0.584703,0.231561,0.920835,0.53017,0.722458,0.868319,0.598346,0.248809,0.9269,0.520263,0.718383,0.880534,0.548546,0.29561,0.910239,0.52019,0.684406,0.260863,0.643995,0.961491,0.218193,0.680004,0.972842,0.513182,0.684934,0.394711,0.517551,0.712776,0.962727,0.623553,0.927754,0.366598,0.656685,0.966175,0.944898,0.620929,0.966964,0.385353,0.634133,1.040249,0.929158,0.710767,0.951132,0.380039,0.770199,0.976623,0.893316
posture(544)_jpg.rf.mg9jFk1Rxi4rIKconN3R.jpg,bad,0.405287,0.232423,0.999962,0.400663,0.198468,0.999968,0.40649,0.19386,0.999966,0.412758,0.189247,0.999975,0.394037,0.202822,0.999972,0.394366,0.201798,0.999969,0.395121,0.20054,0.999971,0.461708,0.169419,0.999956,0.439666,0.182231,0.999963,0.44169,0.243345,0.999958,0.433071,0.249136,0.999939,0.63577,0.243579,0.999933,0.538955,0.286623,0.999245,0.703453,0.490188,0.967355,0.568377,0.501166,0.067325,0.461753,0.45145,0.919313,0.511233,0.491249,0.078974,0.396467,0.464654,0.852374,0.49907,0.507771,0.101268,0.385539,0.431958,0.851254,0.492317,0.479399,0.095008,0.404504,0.423375,0.828042,0.501715,0.469209,0.101215,0.76035,0.591103,0.999319,0.68083,0.582689,0.998975,0.384925,0.66019,0.900207,0.299773,0.621583,0.324458,0.347274,0.970171,0.760116,0.315989,0.954861,0.262363,0.404186,1.029679,0.736021,0.356368,0.979405,0.384081,0.229587,1.131703,0.717827,0.217745,1.102666,0.296437
posture(202)_jpg.rf.DRd4xfRe7XLzGtv1mqjw.jpg,bad,0.377856,0.399453,0.99166,0.394585,0.376534,0.994648,0.400263,0.376537,0.994909,0.406267,0.37673,0.995983,0.38875,0.376059,0.995419,0.390047,0.3757,0.99543,0.391855,0.375275,0.996,0.438033,0.38802,0.992229,0.428528,0.383579,0.995957,0.393923,0.424124,0.993538,0.389071,0.42271,0.993197,0.443359,0.509444,0.99673,0.501217,0.453179,0.997021,0.26108,0.58671,0.639592,0.431249,0.568015,0.024189,0.242104,0.566108,0.519367,0.353246,0.63223,0.033667,0.227927,0.564219,0.528548,0.312502,0.64277,0.06844,0.244212,0.555188,0.527746,0.320843,0.636885,0.07075,0.253734,0.555498,0.54146,0.325439,0.630646,0.082315,0.580204,0.751321,0.998627,0.611674,0.700844,0.99848,0.327806,0.700272,0.93955,0.385743,0.690834,0.17871,0.294517,0.903613,0.941075,0.350796,0.902621,0.431748,0.31618,0.950303,0.897967,0.368809,0.940088,0.472319,0.200966,0.928272,0.899543,0.269822,0.951892,0.478399
posture(185)_jpg.rf.DDwQ6aJqr8dBsaIaIrBM.jpg,good,0.500172,0.352894,0.98947,0.510518,0.329479,0.995959,0.511634,0.329506,0.995372,0.512641,0.329654,0.996265,0.514644,0.329411,0.995642,0.518223,0.329381,0.995925,0.521821,0.329445,0.997537,0.544413,0.343931,0.995778,0.557971,0.344864,0.998918,0.507276,0.375819,0.995515,0.508921,0.376005,0.995683,0.497976,0.456114,0.999695,0.626843,0.447785,0.999207,0.385872,0.549442,0.989611,0.529347,0.541161,0.018675,0.240989,0.551738,0.978999,0.398444,0.556387,0.039185,0.202979,0.54657,0.971087,0.363976,0.540199,0.06016,0.209416,0.5281,0.972516,0.360341,0.534602,0.06132,0.223591,0.529832,0.959038,0.361393,0.536178,0.069256,0.468412,0.69931,0.999935,0.562429,0.695902,0.99977,0.251128,0.683455,0.941461,0.461412,0.65849,0.188801,0.298451,0.843882,0.894311,0.447361,0.838954,0.450456,0.319036,0.873361,0.921322,0.466373,0.869483,0.557102,0.233046,0.866714,0.826811,0.394362,0.885505,0.476206
posture(190)_jpg.rf.nnyhrgC9w2hl40Gzfa9L.jpg,good,0.571225,0.403868,0.999949,0.589514,0.388176,0.999927,0.596948,0.38877,0.999935,0.603763,0.389403,0.999932,0.581722,0.386967,0.999933,0.581148,0.386367,0.999943,0.580779,0.385767,0.999956,0.633707,0.402201,0.999908,0.603968,0.399398,0.999975,0.578347,0.423033,0.999927,0.568468,0.421827,0.99985,0.661805,0.488903,0.999945,0.553831,0.485355,0.9997,0.568573,0.605092,0.970024,0.442717,0.547638,0.714332,0.415851,0.641762,0.852268,0.314813,0.574268,0.69092,0.379808,0.660825,0.791442,0.276669,0.572312,0.657825,0.366083,0.648253,0.801213,0.27565,0.572084,0.672616,0.382453,0.638383,0.80621,0.28862,0.574625,0.700032,0.536519,0.715193,0.999777,0.48606,0.699737,0.999313,0.249509,0.726163,0.987344,0.254816,0.694553,0.404234,0.235282,0.941324,0.972353,0.225885,0.882455,0.273074,0.256868,0.970531,0.962891,0.247581,0.917411,0.366742,0.131437,0.985282,0.932854,0.14246,0.925427,0.297494
posture(300)_jpg.rf.US7BIOSnmjfxKMtPrqWz.jpg,good,0.55156,0.219613,0.988558,0.576266,0.193351,0.9903,0.583724,0.193415,0.989959,0.591532,0.194157,0.993232,0.569747,0.192742,0.987438,0.572052,0.19212,0.986162,0.574859,0.191244,0.99281,0.632427,0.214875,0.984321,0.617361,0.205354,0.992968,0.569229,0.248609,0.991779,0.5612,0.248166,0.984837,0.663538,0.367756,0.984226,0.663307,0.343751,0.988559,0.462738,0.49963,0.926741,0.498636,0.430972,0.143886,0.230091,0.491479,0.794205,0.321563,0.464992,0.12154,0.173613,0.489038,0.789033,0.287229,0.45843,0.161646,0.185991,0.467065,0.791402,0.279265,0.451627,0.16915,0.20975,0.47484,0.779326,0.291681,0.459861,0.190733,0.654185,0.744925,0.988306,0.670396,0.706515,0.976771,0.29085,0.742307,0.860555,0.348234,0.744535,0.236378,0.390286,0.986887,0.796714,0.462678,0.933196,0.156199,0.441919,0.996997,0.853692,0.552111,0.963548,0.234689,0.298182,1.088647,0.6858,0.474756,1.021884,0.171377
posture(941)_jpg.rf.UvCdgy6MUbNEkAs3hejK.jpg,bad,0.61137,0.208908,0.999987,0.61786,0.186609,0.999995,0.615494,0.184875,0.999995,0.612541,0.182755,0.999995,0.616413,0.185862,0.999991,0.613383,0.183718,0.999988,0.609049,0.18076,0.999987,0.569384,0.166963,0.999997,0.567224,0.163521,0.999995,0.582452,0.224936,0.999995,0.581856,0.222933,0.999996,0.475151,0.266834,0.999969,0.406339,0.226203,0.999989,0.437548,0.453435,0.061667,0.360394,0.449875,0.980429,0.586344,0.408648,0.221937,0.572237,0.398689,0.929113,0.623231,0.439608,0.270895,0.629084,0.421149,0.861781,0.647656,0.414004,0.26773,0.635831,0.393125,0.856254,0.628326,0.40199,0.24359,0.61364,0.381421,0.851558,0.358524,0.532926,0.999726,0.315036,0.539165,0.999598,0.637673,0.599696,0.254314,0.647665,0.588564,0.907226,0.657814,0.857576,0.264396,0.638495,0.870238,0.833882,0.601031,0.885346,0.351839,0.595753,0.90031,0.855417,0.723727,0.949981,0.234026,0.721972,0.976029,0.724374
posture(728)_jpg.rf.n6YDnTnG52wULTbEOqmp.jpg,bad,0.590407,0.392384,0.997995,0.58518,0.364309,0.999009,0.584638,0.363915,0.999006,0.583701,0.363482,0.999268,0.578649,0.361878,0.998318,0.573764,0.359979,0.998069,0.567954,0.358193,0.99836,0.548059,0.365447,0.999594,0.530663,0.362237,0.998474,0.578288,0.412592,0.998617,0.570607,0.409941,0.997982,0.476186,0.464156,0.997505,0.439719,0.466631,0.993444,0.497033,0.619412,0.054007,0.525907,0.614372,0.967359,0.565577,0.699346,0.043908,0.730393,0.578027,0.916265,0.579219,0.711122,0.058246,0.778624,0.573967,0.839074,0.589409,0.703892,0.061885,0.791522,0.557065,0.824407,0.580861,0.700256,0.063397,0.767362,0.556779,0.787719,0.359387,0.690875,0.98169,0.328794,0.701867,0.965875,0.653528,0.725915,0.311742,0.617386,0.707037,0.855777,0.593971,0.924684,0.154174,0.636233,0.912891,0.591171,0.558349,0.942022,0.167052,0.603913,0.930448,0.552546,0.643614,0.995835,0.13625,0.733079,0.982945,0.490465
posture(60)_jpg.rf.W7yISaA414tEtMMYysj4.jpg,bad,0.461748,0.442888,0.999971,0.45746,0.426107,0.999976,0.459646,0.424306,0.999977,0.462156,0.422387,0.999979,0.455443,0.427145,0.99998,0.456145,0.426136,0.999981,0.457053,0.424975,0.999979,0.484657,0.413383,0.999977,0.479282,0.414534,0.999976,0.480339,0.45002,0.999975,0.478463,0.452218,0.999977,0.584955,0.458331,0.999964,0.561889,0.474079,0.999897,0.618456,0.58526,0.9316,0.632446,0.588999,0.036358,0.509156,0.584936,0.910947,0.649945,0.639426,0.054196,0.479707,0.590159,0.872574,0.657475,0.657758,0.067756,0.471482,0.566975,0.867207,0.650618,0.649244,0.063978,0.483171,0.564248,0.84375,0.647509,0.640789,0.063816,0.734486,0.614001,0.999916,0.705901,0.617773,0.999876,0.502904,0.657104,0.975856,0.487636,0.631461,0.140065,0.451566,0.81584,0.954882,0.461868,0.806851,0.161478,0.470656,0.841955,0.900723,0.480068,0.836704,0.148749,0.377042,0.844047,0.941835,0.40006,0.840131,0.268002
posture(201)_jpg.rf.rFT6AZDqOh34JYBSuzGD.jpg,bad,0.601215,0.376788,0.999482,0.592526,0.354038,0.999612,0.591132,0.353069,0.999578,0.589451,0.352045,0.999634,0.586525,0.354012,0.999536,0.581229,0.353377,0.999455,0.57536,0.352735,0.999552,0.54968,0.352766,0.999687,0.539013,0.356741,0.999548,0.589004,0.392238,0.99942,0.582303,0.393372,0.999367,0.487151,0.423008,0.998612,0.5219,0.453586,0.998829,0.594199,0.515171,0.095418,0.663125,0.537946,0.875347,0.661167,0.578489,0.124986,0.722762,0.538858,0.761149,0.672501,0.597317,0.153568,0.739899,0.529101,0.732216,0.669629,0.594033,0.164042,0.727161,0.522484,0.727623,0.659314,0.585416,0.178098,0.717775,0.530169,0.72857,0.382262,0.647112,0.998839,0.378663,0.672935,0.999114,0.593456,0.652194,0.351634,0.625858,0.660954,0.960655,0.608867,0.834596,0.446934,0.646116,0.865209,0.931984,0.591199,0.866967,0.466845,0.620966,0.903744,0.897028,0.702241,0.856742,0.558803,0.752556,0.887222,0.89232
posture(21)_jpg.rf.nG2pJkZx8mrzA5bMKwjh.jpg,good,0.456152,0.331507,0.998979,0.462117,0.3117,0.999453,0.463774,0.312121,0.999439,0.466237,0.312432,0.999579,0.462639,0.309301,0.999257,0.46606,0.307491,0.999277,0.468725,0.306165,0.999588,0.492275,0.317375,0.999147,0.497941,0.309425,0.999668,0.468477,0.347577,0.999577,0.468873,0.345793,0.999483,0.540893,0.451353,0.999621,0.562522,0.376094,0.999686,0.407216,0.536969,0.97083,0.437696,0.434484,0.482908,0.294629,0.507816,0.978433,0.330357,0.447638,0.755897,0.261144,0.494035,0.975272,0.299548,0.447348,0.789357,0.267764,0.476174,0.974693,0.295106,0.44266,0.810229,0.278991,0.480012,0.966699,0.304446,0.449052,0.814457,0.611064,0.678626,0.999971,0.613002,0.616769,0.999848,0.399367,0.69687,0.974405,0.44912,0.596695,0.234433,0.497761,0.841054,0.923068,0.502061,0.731905,0.218552,0.540763,0.860244,0.901914,0.533822,0.743989,0.378812,0.430549,0.86644,0.900505,0.452235,0.765609,0.395115
posture(834)_jpg.rf.Csms39v6FWfAFuRhj5zs.jpg,bad,0.43812,0.406778,0.999993,0.427363,0.392612,0.999993,0.427077,0.391888,0.999993,0.42641,0.391208,0.999996,0.418428,0.394084,0.999991,0.411162,0.394593,0.99999,0.404163,0.395094,0.999989,0.39939,0.400627,0.999995,0.374755,0.407422,0.999984,0.438069,0.424617,0.999979,0.427963,0.427959,0.99998,0.449421,0.489946,0.999959,0.328359,0.492363,0.999744,0.557199,0.556441,0.672716,0.398259,0.595739,0.924403,0.676827,0.578372,0.914939,0.566363,0.633784,0.714697,0.717101,0.575745,0.881772,0.618083,0.65208,0.660525,0.719691,0.570729,0.886432,0.628952,0.637321,0.664863,0.70196,0.575474,0.866178,0.6125,0.633796,0.674188,0.519725,0.678382,0.999351,0.465637,0.704722,0.998991,0.759116,0.685638,0.642664,0.708057,0.708329,0.967021,0.773348,0.871871,0.523935,0.750673,0.928634,0.947378,0.732017,0.903965,0.612811,0.723029,0.955851,0.901573,0.866372,0.929893,0.506816,0.855033,0.988131,0.867608
posture(296)_jpg.rf.WxTirC2hR2LjzeauREpm.jpg,good,0.536329,0.198823,0.99875,0.52449,0.171373,0.998776,0.523466,0.170496,0.998655,0.521553,0.169665,0.999087,0.515234,0.172727,0.998661,0.507457,0.172785,0.998327,0.49818,0.172832,0.998635,0.478898,0.181569,0.999419,0.456394,0.18515,0.998441,0.529759,0.223426,0.99901,0.518317,0.223027,0.999211,0.447149,0.291019,0.997687,0.392458,0.319781,0.99772,0.553762,0.389784,0.135823,0.541278,0.467948,0.978514,0.696568,0.413678,0.190419,0.710288,0.466138,0.955698,0.742848,0.409396,0.250268,0.749515,0.470369,0.92721,0.742264,0.40663,0.264235,0.746659,0.436768,0.929958,0.725014,0.408491,0.263261,0.728701,0.438083,0.91251,0.398326,0.574369,0.997314,0.35435,0.636929,0.997717,0.651652,0.56075,0.43207,0.635481,0.619833,0.942133,0.601003,0.763681,0.317823,0.583935,0.815774,0.889409,0.557554,0.788751,0.426747,0.563845,0.846035,0.88338,0.678345,0.845298,0.345207,0.693198,0.883439,0.851618
posture(227)_jpg.rf.ZpoO5dWtXi6jx4XUSvhh.jpg,bad,0.62429,0.234547,0.998111,0.629447,0.198093,0.99804,0.627687,0.195037,0.997797,0.625205,0.19133,0.998526,0.622974,0.196523,0.998198,0.617299,0.192743,0.99774,0.610243,0.1879,0.998204,0.580774,0.174875,0.998861,0.563943,0.172837,0.997266,0.595397,0.248227,0.997968,0.587667,0.245047,0.998197,0.482729,0.267111,0.996126,0.438786,0.294824,0.997551,0.614506,0.37028,0.175804,0.579038,0.489325,0.987289,0.785097,0.412892,0.241138,0.809207,0.463656,0.970388,0.821286,0.418154,0.276661,0.876197,0.476783,0.936673,0.829728,0.414073,0.288145,0.879001,0.449988,0.936961,0.820623,0.41756,0.284134,0.851025,0.44584,0.908425,0.343631,0.593491,0.994121,0.300539,0.659657,0.995489,0.662519,0.609195,0.371715,0.644756,0.666825,0.902116,0.570468,0.830508,0.239542,0.577463,0.89051,0.846432,0.521384,0.845656,0.295779,0.527283,0.905406,0.830515,0.626505,0.933858,0.296111,0.659157,0.988305,0.826724
posture(741)_jpg.rf.ZCvSSdre1zuVgMmzNNf5.jpg,good,0.447985,0.296394,0.998604,0.436901,0.27811,0.998748,0.435339,0.277992,0.998482,0.43342,0.277861,0.999187,0.431585,0.277032,0.998675,0.426614,0.276453,0.998168,0.420904,0.276107,0.998744,0.399744,0.28516,0.999131,0.389504,0.285093,0.997122,0.440148,0.316569,0.998235,0.434054,0.315547,0.998428,0.371726,0.391261,0.998372,0.361233,0.381792,0.999067,0.468896,0.533745,0.122831,0.500928,0.479488,0.952379,0.552701,0.624489,0.073907,0.708566,0.50167,0.774497,0.574336,0.650926,0.081508,0.753999,0.502608,0.708802,0.569385,0.642882,0.080014,0.760126,0.49057,0.709331,0.559434,0.636566,0.080736,0.744045,0.494373,0.651501,0.416158,0.637137,0.996496,0.429164,0.653672,0.997136,0.65799,0.641563,0.134853,0.713006,0.650505,0.735619,0.643661,0.82379,0.109123,0.720795,0.865963,0.729612,0.603122,0.82673,0.166076,0.684121,0.892682,0.70439,0.681455,0.859215,0.153411,0.825449,0.882272,0.665275
Uk862ZxbaFujYS424qTfsP - Copy (2)_jpg.rf.uvscXJ7freCkcUcw7Nla.jpg,good,0.411099,0.108246,0.999969,0.401662,0.088482,0.999977,0.400568,0.088526,0.999977,0.399337,0.088708,0.999986,0.399618,0.088944,0.999976,0.397225,0.089379,0.999975,0.394549,0.089856,0.999984,0.382848,0.104608,0.999983,0.378267,0.105303,0.99998,0.40852,0.13412,0.999944,0.405564,0.133628,0.999972,0.36624,0.244195,0.999709,0.357724,0.23891,0.999968,0.399682,0.406807,0.087884,0.41017,0.41452,0.989238,0.475554,0.447971,0.108512,0.506784,0.426916,0.953756,0.487848,0.440188,0.12617,0.528871,0.427938,0.928825,0.491669,0.419261,0.125233,0.531601,0.409005,0.923685,0.486913,0.419537,0.122771,0.5231,0.409436,0.90327,0.378854,0.543981,0.999326,0.373466,0.556928,0.999509,0.538429,0.591724,0.241117,0.549885,0.587935,0.972057,0.550725,0.870056,0.430986,0.566835,0.891229,0.972466,0.527799,0.921825,0.569018,0.543538,0.936981,0.964568,0.606971,0.927587,0.535127,0.620989,0.941626,0.957937
posture(679)_jpg.rf.rMhC5rVG7COGT4Ds36Uk.jpg,good,0.420814,0.152318,0.999764,0.410615,0.127226,0.999722,0.408137,0.125987,0.99971,0.405009,0.12441,0.999806,0.407407,0.125977,0.999701,0.402933,0.124122,0.999668,0.397788,0.122316,0.999749,0.369364,0.126513,0.999798,0.365649,0.127254,0.999649,0.408438,0.176122,0.999355,0.403071,0.176055,0.999649,0.323296,0.277862,0.999395,0.344691,0.266591,0.999873,0.413177,0.444316,0.048347,0.44702,0.440342,0.953811,0.549126,0.490962,0.048463,0.583855,0.459006,0.75069,0.582662,0.500709,0.063089,0.630842,0.474233,0.704639,0.58989,0.488485,0.062684,0.630528,0.457626,0.701711,0.576123,0.487452,0.065829,0.612885,0.454373,0.6884,0.352613,0.618804,0.998763,0.367911,0.629458,0.998747,0.622343,0.635139,0.176012,0.664999,0.621205,0.949808,0.605005,0.875586,0.27388,0.625539,0.888516,0.894835,0.567052,0.919955,0.37558,0.585391,0.942631,0.878288,0.684082,0.933991,0.403354,0.744855,0.947731,0.884458
posture(973)_jpg.rf.sfd77TYHm5Rz9nPsGTDm.jpg,bad,0.392749,0.188468,0.995008,0.398729,0.154878,0.996202,0.404529,0.151851,0.995642,0.411982,0.148496,0.997046,0.395259,0.156799,0.996412,0.398012,0.155146,0.996,0.40145,0.153242,0.997782,0.458586,0.149798,0.996034,0.44147,0.152006,0.997657,0.421826,0.207305,0.995218,0.416242,0.208869,0.993319,0.531358,0.272978,0.998835,0.507862,0.272605,0.993352,0.472646,0.509596,0.834132,0.468461,0.468916,0.008056,0.277826,0.525207,0.569794,0.354719,0.51455,0.007946,0.228547,0.536539,0.49006,0.329679,0.527214,0.014361,0.222794,0.522757,0.492231,0.318496,0.515589,0.013755,0.243996,0.516609,0.493748,0.3308,0.511619,0.017361,0.554612,0.633533,0.997169,0.564101,0.627009,0.996688,0.147442,0.619781,0.882842,0.219978,0.598437,0.039579,0.171602,0.884602,0.613613,0.194207,0.898545,0.028079,0.211843,0.923601,0.616527,0.236402,0.934656,0.050516,0.057007,0.958544,0.552962,0.076844,0.965457,0.033731
posture(6)_jpg.rf.qybGcA3PE8At9DVcJfIq.jpg,good,0.523726,0.341276,0.997148,0.535153,0.328636,0.997144,0.538086,0.328357,0.996845,0.541081,0.328052,0.997565,0.53285,0.328427,0.996857,0.533858,0.328138,0.996589,0.53502,0.327851,0.997942,0.563884,0.336759,0.996508,0.553843,0.333401,0.998077,0.532503,0.354504,0.997084,0.528013,0.354567,0.994483,0.57601,0.398328,0.9999,0.584574,0.399266,0.999532,0.501645,0.519437,0.90194,0.498817,0.495688,0.093672,0.401882,0.570359,0.777934,0.406162,0.527539,0.131405,0.379121,0.585873,0.734205,0.370433,0.540573,0.147566,0.363817,0.567986,0.739343,0.366355,0.516164,0.146055,0.38555,0.566931,0.687775,0.376665,0.516579,0.153378,0.50105,0.606004,0.999893,0.518923,0.592943,0.99986,0.295017,0.599972,0.973466,0.351573,0.573609,0.533399,0.28934,0.741082,0.97385,0.345672,0.703131,0.563774,0.310978,0.778137,0.954097,0.36136,0.736908,0.609328,0.211398,0.762557,0.96613,0.284516,0.754172,0.584311
posture(364)_jpg.rf.qyE54fGfx2oEd7uCfazT.jpg,good,0.610786,0.203223,0.999077,0.617827,0.19065,0.999342,0.62023,0.1905,0.99931,0.622464,0.190333,0.999499,0.616796,0.190584,0.998991,0.618313,0.190364,0.998874,0.619853,0.190025,0.999275,0.641346,0.196331,0.999499,0.640567,0.194765,0.999094,0.619327,0.218904,0.999512,0.617516,0.219627,0.998722,0.664182,0.283978,0.999976,0.668961,0.285529,0.999666,0.635201,0.403356,0.984774,0.654713,0.403573,0.026745,0.531768,0.396909,0.972538,0.610044,0.443142,0.049212,0.507897,0.408166,0.960057,0.601128,0.451247,0.076341,0.503351,0.397794,0.959017,0.597069,0.444272,0.076741,0.512888,0.393814,0.926021,0.59882,0.441582,0.084779,0.665649,0.512221,0.999915,0.661028,0.506964,0.999787,0.531391,0.574281,0.987648,0.548699,0.573171,0.526605,0.627585,0.703932,0.992435,0.634731,0.697959,0.77035,0.656719,0.705871,0.980363,0.661954,0.706152,0.811967,0.610673,0.785864,0.991038,0.622769,0.754908,0.833712
posture(176)_jpg.rf.W8ZXuULXPEWCPEAj63XI.jpg,good,0.566129,0.344503,0.996906,0.553874,0.318691,0.997737,0.552518,0.317878,0.997965,0.550747,0.31702,0.998737,0.547726,0.318196,0.9968,0.542156,0.317312,0.996242,0.535791,0.316452,0.997175,0.517694,0.321782,0.999279,0.504966,0.322186,0.996387,0.560335,0.364725,0.995828,0.552973,0.363837,0.99607,0.455164,0.414107,0.997641,0.488873,0.432448,0.998579,0.518663,0.575381,0.036521,0.598567,0.577725,0.959019,0.598052,0.646695,0.020258,0.790117,0.56875,0.858211,0.611229,0.656346,0.028528,0.840009,0.568899,0.803332,0.618228,0.646756,0.026651,0.840835,0.556299,0.795358,0.612171,0.64503,0.027685,0.821164,0.556795,0.747137,0.445554,0.682123,0.99477,0.453371,0.698224,0.996104,0.695511,0.710524,0.118169,0.734765,0.720036,0.711622,0.658868,0.890143,0.1089,0.686314,0.931225,0.641267,0.616225,0.910895,0.190343,0.646251,0.969147,0.656523,0.720403,0.96318,0.137425,0.769118,1.007331,0.572538
posture(557)_jpg.rf.ZyIEUnmMJzXaLqTXExTQ.jpg,bad,0.35638,0.247779,0.999069,0.359307,0.211026,0.999451,0.365637,0.207109,0.99935,0.373084,0.203248,0.99957,0.354364,0.21536,0.999437,0.356536,0.214514,0.999315,0.359641,0.213497,0.999578,0.418805,0.200151,0.998767,0.401811,0.207914,0.999418,0.390652,0.262032,0.998488,0.386151,0.264912,0.998188,0.50623,0.307472,0.998416,0.519715,0.28377,0.993678,0.526229,0.527253,0.827178,0.527549,0.498299,0.016483,0.338793,0.577549,0.37655,0.399651,0.548591,0.017255,0.293654,0.611755,0.326749,0.384159,0.578483,0.031655,0.286797,0.586128,0.322853,0.373563,0.565232,0.031419,0.306594,0.571288,0.321121,0.385265,0.555239,0.03588,0.664732,0.638421,0.996176,0.683902,0.605861,0.993249,0.230432,0.670295,0.885114,0.279424,0.639472,0.197343,0.376271,0.94891,0.86899,0.417244,0.91226,0.180017,0.443169,0.971979,0.854038,0.475468,0.930947,0.269349,0.317026,1.087342,0.803442,0.372567,1.04332,0.232156
posture(121)_jpg.rf.bqiFiB75Wd9EfeTAYMvS.jpg,bad,0.40464,0.417832,0.999822,0.409707,0.394334,0.99978,0.414217,0.392801,0.999779,0.418938,0.391156,0.999829,0.406569,0.392302,0.999811,0.408297,0.389808,0.999864,0.410433,0.387067,0.999868,0.45736,0.381981,0.999738,0.449169,0.377897,0.999897,0.426406,0.431219,0.999827,0.421811,0.430342,0.999832,0.558382,0.501188,0.999853,0.523001,0.417527,0.99987,0.560821,0.691651,0.929722,0.539716,0.607948,0.105338,0.500371,0.884956,0.894773,0.520038,0.79825,0.094792,0.483188,0.924102,0.826492,0.498769,0.829932,0.079081,0.464264,0.92217,0.815414,0.512916,0.836427,0.073413,0.472857,0.909032,0.759376,0.52456,0.831165,0.075681,0.781062,0.630797,0.999939,0.738517,0.573415,0.999797,0.503675,0.668424,0.921993,0.442029,0.579427,0.155077,0.320255,0.85692,0.952509,0.298055,0.818664,0.255691,0.318287,0.899898,0.893343,0.29913,0.861327,0.248651,0.175211,0.835317,0.927482,0.199715,0.819978,0.311438
posture(145)_jpg.rf.r0gW5pQRgZ8DntnxDMXQ.jpg,good,0.55372,0.304022,0.996939,0.563146,0.283214,0.997094,0.56754,0.282021,0.997001,0.572523,0.280776,0.997823,0.5603,0.283547,0.996466,0.562361,0.28266,0.996057,0.565009,0.281545,0.998075,0.609953,0.28591,0.996044,0.600749,0.284848,0.99757,0.568345,0.32282,0.997687,0.565175,0.322921,0.995962,0.640401,0.377901,0.999453,0.641605,0.372009,0.997575,0.474404,0.479012,0.989081,0.501697,0.475947,0.104799,0.288562,0.496259,0.969252,0.334697,0.513365,0.101406,0.242783,0.493539,0.945661,0.335643,0.568356,0.116959,0.239441,0.486049,0.939467,0.327806,0.571767,0.110324,0.250063,0.489789,0.903633,0.335889,0.574429,0.118488,0.558069,0.642754,0.998158,0.579638,0.629303,0.993175,0.285507,0.662453,0.975719,0.420274,0.733623,0.328252,0.268112,0.872588,0.95082,0.414799,0.907078,0.432438,0.28814,0.895665,0.93748,0.435735,0.940403,0.481429,0.171797,0.872488,0.893583,0.353327,0.931474,0.457465
posture(217)_jpg.rf.V3zLdamVzr5J95UQXMrh.jpg,bad,0.597853,0.334859,0.999812,0.602818,0.317842,0.999803,0.603156,0.317625,0.999841,0.603462,0.317394,0.999857,0.597845,0.314702,0.999714,0.594153,0.312101,0.999731,0.590024,0.308956,0.999684,0.58592,0.310225,0.999812,0.564198,0.301084,0.99978,0.589287,0.348554,0.999768,0.583324,0.344668,0.999784,0.540855,0.376693,0.999832,0.484357,0.340114,0.999961,0.574111,0.471505,0.561739,0.499571,0.472822,0.989329,0.604638,0.383334,0.654708,0.57635,0.430286,0.952548,0.612743,0.351469,0.591405,0.614102,0.426152,0.904599,0.604741,0.34095,0.581531,0.606214,0.41335,0.901283,0.601271,0.352016,0.563079,0.597075,0.417443,0.872967,0.473265,0.583385,0.999582,0.434437,0.589066,0.999508,0.60838,0.664693,0.655247,0.602645,0.647701,0.991787,0.668322,0.850734,0.761064,0.590373,0.868598,0.990177,0.648083,0.885064,0.774866,0.562423,0.90935,0.975774,0.749419,0.880372,0.832117,0.667318,0.921518,0.986246
posture(405)_jpg.rf.tLiAkpaZfUjatXrHYe76.jpg,good,0.524786,0.203162,0.999901,0.535942,0.176627,0.999882,0.54174,0.174687,0.999897,0.548776,0.172655,0.999906,0.528771,0.178112,0.99986,0.529263,0.177189,0.999878,0.529893,0.176378,0.999913,0.589684,0.175385,0.999833,0.571064,0.176947,0.999911,0.546692,0.228087,0.999812,0.538205,0.229072,0.999411,0.66115,0.279391,0.999861,0.608547,0.30547,0.998089,0.547902,0.439231,0.985004,0.516553,0.463297,0.194185,0.310559,0.449931,0.974063,0.374222,0.504011,0.220723,0.26388,0.457208,0.961147,0.342944,0.505453,0.254099,0.252347,0.446636,0.962325,0.34027,0.493845,0.249428,0.274163,0.44603,0.95356,0.338942,0.487471,0.262779,0.663854,0.601699,0.998913,0.622053,0.596653,0.997716,0.313716,0.707617,0.804696,0.310929,0.714496,0.13006,0.296504,0.982128,0.792434,0.35075,0.956428,0.079582,0.303673,0.985485,0.839331,0.384797,0.978229,0.155698,0.220367,1.069032,0.750104,0.288371,1.013754,0.102378
posture(133)_jpg.rf.ZmZEfnVae9NhQOzeryKo.jpg,bad,0.469883,0.335635,0.999906,0.480969,0.310233,0.999913,0.486023,0.308786,0.999907,0.491903,0.307078,0.999935,0.473939,0.311901,0.999924,0.474029,0.311466,0.999919,0.474377,0.310809,0.999933,0.530075,0.312358,0.999832,0.511777,0.312936,0.999897,0.491165,0.35484,0.999866,0.482886,0.357119,0.999765,0.618293,0.404393,0.999359,0.555758,0.423608,0.997217,0.547158,0.557572,0.962599,0.518936,0.560992,0.034682,0.340942,0.548101,0.9181,0.399307,0.577582,0.040292,0.293908,0.552514,0.891251,0.402018,0.602753,0.060097,0.277157,0.528927,0.887167,0.398316,0.588051,0.055825,0.298899,0.531234,0.868138,0.407157,0.584133,0.059156,0.707006,0.640931,0.997707,0.660812,0.647427,0.996167,0.412592,0.642404,0.952379,0.383133,0.683346,0.285044,0.301217,0.924176,0.918825,0.296031,0.926179,0.266186,0.318268,0.967034,0.890746,0.315858,0.961201,0.290228,0.190935,0.961601,0.875542,0.202997,0.953518,0.263211
posture(238)_jpg.rf.sv0f5RpU0V0ZpeqsY3my.jpg,good,0.670374,0.153725,0.99915,0.658831,0.106646,0.999409,0.657738,0.103834,0.99942,0.656086,0.100576,0.999591,0.645289,0.1054,0.999359,0.635321,0.102369,0.999218,0.624621,0.099175,0.999207,0.590167,0.098362,0.999656,0.557104,0.100366,0.999087,0.646042,0.18634,0.999522,0.630917,0.18552,0.999511,0.515477,0.264716,0.998053,0.432287,0.316852,0.989846,0.632034,0.476749,0.376677,0.641412,0.605039,0.978535,0.793516,0.371196,0.491385,0.917575,0.461961,0.938129,0.830264,0.338421,0.450965,0.964432,0.442771,0.857076,0.839391,0.311315,0.459158,0.946322,0.406216,0.856972,0.81786,0.326599,0.438899,0.923935,0.409677,0.828538,0.417019,0.704996,0.958685,0.321604,0.797597,0.940979,0.885006,0.688511,0.582889,0.796,0.741018,0.819902,0.648426,0.914414,0.158609,0.86884,1.02145,0.560908,0.581048,0.917193,0.162249,0.832233,1.046369,0.519283,0.657946,1.047435,0.142017,1.018058,1.122681,0.519373
posture(390)_jpg.rf.sqgdA8bwQIrfMKxH8p4p.jpg,good,0.530607,0.357136,0.994177,0.540062,0.33834,0.99255,0.542232,0.338003,0.991553,0.545605,0.337555,0.993714,0.539859,0.337387,0.992856,0.542012,0.336388,0.993138,0.545689,0.335161,0.995476,0.572549,0.339281,0.985452,0.571064,0.335121,0.993623,0.544992,0.372483,0.995046,0.54543,0.370574,0.992114,0.618554,0.432442,0.999744,0.616362,0.423184,0.99864,0.497197,0.573152,0.925138,0.542583,0.551985,0.037956,0.357025,0.576188,0.786469,0.425182,0.581941,0.035424,0.319198,0.594821,0.756227,0.404274,0.59291,0.047099,0.322705,0.579112,0.749616,0.39193,0.584631,0.046518,0.330521,0.564723,0.692883,0.400959,0.585379,0.049498,0.619438,0.712318,0.9969,0.592701,0.680241,0.995099,0.365977,0.729932,0.942957,0.369436,0.698395,0.338226,0.234766,0.914346,0.897096,0.225294,0.893207,0.459528,0.249478,0.958149,0.852799,0.225363,0.93273,0.527431,0.10595,0.946949,0.89066,0.100085,0.925281,0.534925
posture(775)_jpg.rf.uVz5hZwuC5JWl9atiSnf.jpg,good,0.455302,0.193236,0.999697,0.47049,0.167199,0.99982,0.474402,0.166857,0.999782,0.48012,0.166338,0.999862,0.467243,0.167065,0.999837,0.469275,0.166504,0.999793,0.471493,0.165923,0.999869,0.516135,0.176857,0.999803,0.510016,0.174567,0.999874,0.469602,0.216868,0.999821,0.466095,0.217098,0.999634,0.520785,0.287863,0.999977,0.582574,0.294415,0.999482,0.450893,0.473159,0.99035,0.547358,0.48343,0.046009,0.248941,0.478183,0.984542,0.432392,0.590545,0.035359,0.187908,0.4832,0.974296,0.41298,0.612387,0.042437,0.182035,0.468994,0.973164,0.405593,0.604832,0.040069,0.200575,0.470873,0.955144,0.411586,0.597281,0.043909,0.480805,0.619231,0.999963,0.55822,0.626734,0.999405,0.155154,0.662712,0.985135,0.388467,0.647458,0.15443,0.134152,0.954798,0.945526,0.396526,0.827308,0.134306,0.161412,0.981631,0.957802,0.424678,0.86027,0.210726,0.046037,0.98454,0.876569,0.330034,0.867448,0.153064
posture(149)_jpg.rf.eRwhpNWupnx1J9zlkPv1.jpg,good,0.591771,0.270917,0.995499,0.604333,0.246732,0.995658,0.609146,0.245561,0.995552,0.614551,0.244396,0.996844,0.599526,0.247352,0.995093,0.600711,0.246571,0.994071,0.602156,0.245571,0.996667,0.651892,0.252291,0.994208,0.63774,0.251979,0.995435,0.605995,0.287852,0.996214,0.599387,0.288939,0.990481,0.680625,0.353229,0.999118,0.678399,0.355866,0.987968,0.518206,0.460532,0.977933,0.530009,0.462284,0.04525,0.307526,0.487454,0.941743,0.394977,0.524843,0.035845,0.251076,0.477126,0.919837,0.374036,0.525186,0.05262,0.246445,0.470341,0.913684,0.364659,0.523161,0.050679,0.266598,0.476838,0.883076,0.372252,0.526477,0.05708,0.614623,0.632311,0.998189,0.624138,0.623734,0.991387,0.328223,0.651149,0.944642,0.404039,0.703163,0.256367,0.286649,0.888862,0.938047,0.372252,0.880295,0.304522,0.302762,0.943219,0.941373,0.386518,0.906912,0.426885,0.161613,0.907142,0.880069,0.304663,0.932112,0.347351
posture(1027)_jpg.rf.byIe9ldocxZ19i6O6yle.jpg,bad,0.585264,0.309315,0.999573,0.601398,0.294367,0.999682,0.606085,0.295494,0.999637,0.610416,0.296762,0.999785,0.597596,0.291799,0.999583,0.598376,0.29092,0.999435,0.59929,0.290181,0.999693,0.642571,0.314409,0.999755,0.630002,0.307923,0.999797,0.591121,0.335876,0.999797,0.587335,0.332605,0.999598,0.624591,0.429155,0.999637,0.635687,0.399795,0.997675,0.490838,0.568998,0.97574,0.515485,0.512747,0.131945,0.358859,0.606004,0.965208,0.389865,0.570089,0.098405,0.324102,0.619961,0.948902,0.362797,0.574284,0.097445,0.315915,0.605288,0.95045,0.355134,0.574741,0.097704,0.327521,0.60155,0.934621,0.365629,0.577058,0.108672,0.54138,0.658243,0.999788,0.555813,0.620893,0.999425,0.264456,0.64828,0.95099,0.388097,0.598903,0.486445,0.31948,0.756189,0.689645,0.409058,0.757453,0.241419,0.345789,0.780528,0.690623,0.430238,0.785372,0.218748,0.258982,0.764652,0.632307,0.36115,0.783938,0.235958
posture(254)_jpg.rf.jvpKxRyJ6ZeFwdjf3Y7o.jpg,bad,0.37989,0.243927,0.996026,0.409628,0.20813,0.99812,0.417824,0.208195,0.998479,0.427091,0.20833,0.998729,0.402204,0.207094,0.996411,0.404296,0.206529,0.996063,0.407062,0.20616,0.996029,0.476092,0.222843,0.998147,0.457599,0.219599,0.996484,0.399588,0.27837,0.997021,0.391885,0.276598,0.994609,0.511272,0.373222,0.996525,0.532552,0.352493,0.96236,0.23372,0.514261,0.974399,0.379575,0.485061,0.131635,0.046904,0.445767,0.823669,0.220355,0.494545,0.188443,0.026076,0.441424,0.781231,0.190202,0.496654,0.23471,0.036659,0.414378,0.788708,0.182056,0.487781,0.263556,0.052448,0.437133,0.766041,0.197599,0.49252,0.273708,0.58144,0.714339,0.972515,0.576239,0.673754,0.933426,0.262338,0.822424,0.798585,0.304445,0.759133,0.327612,0.205843,1.12052,0.457991,0.315625,1.013125,0.233162,0.234759,1.172037,0.428329,0.343488,1.058428,0.379298,0.083642,1.177618,0.342956,0.243594,1.082445,0.262103
posture(301)_jpg.rf.fCUCY3wIMsZ4Y6F6YiBF.jpg,good,0.539472,0.219653,0.994014,0.559832,0.194312,0.993867,0.566072,0.193776,0.99412,0.572916,0.193438,0.995618,0.555757,0.193911,0.993601,0.558469,0.192949,0.993694,0.561848,0.191784,0.996736,0.61148,0.204511,0.990372,0.602808,0.199024,0.997053,0.558432,0.244735,0.995527,0.551327,0.244194,0.990525,0.671518,0.345797,0.99098,0.637133,0.339728,0.988523,0.480083,0.472613,0.933193,0.497011,0.449907,0.09488,0.252969,0.477766,0.899711,0.334033,0.506625,0.083312,0.195384,0.466665,0.904164,0.308617,0.502303,0.130369,0.192324,0.449956,0.90437,0.298727,0.496529,0.131941,0.228581,0.446789,0.887839,0.308495,0.5021,0.145554,0.665655,0.699484,0.993121,0.651994,0.669301,0.985172,0.301583,0.707208,0.940541,0.345248,0.686721,0.269905,0.402019,0.945861,0.908559,0.455834,0.906087,0.207362,0.458039,0.975052,0.917202,0.500131,0.929538,0.311179,0.289367,1.024844,0.835659,0.412619,0.986265,0.238688
posture(797)_jpg.rf.ZoCpjdLa0JbYvbgB2cx9.jpg,bad,0.525198,0.449947,0.999984,0.516973,0.426939,0.999991,0.515805,0.425658,0.999988,0.514396,0.424242,0.999992,0.512913,0.427159,0.999992,0.508775,0.426234,0.999987,0.503982,0.425166,0.999992,0.481717,0.425664,0.999993,0.468712,0.427219,0.999992,0.516169,0.464654,0.999992,0.510727,0.464448,0.999994,0.449209,0.519336,0.999767,0.415974,0.540526,0.999943,0.449793,0.650975,0.038904,0.387907,0.713951,0.772405,0.487527,0.715301,0.031941,0.438363,0.836699,0.597636,0.493442,0.723697,0.038994,0.421619,0.858602,0.5635,0.499513,0.723296,0.041891,0.431318,0.863161,0.563813,0.495683,0.723471,0.04611,0.438653,0.849359,0.534708,0.345517,0.701664,0.99948,0.318066,0.727515,0.999719,0.514761,0.714666,0.396257,0.461237,0.715115,0.845277,0.615183,0.826795,0.431174,0.522824,0.814632,0.576062,0.615278,0.851577,0.435629,0.519598,0.834057,0.466336,0.683326,0.824447,0.419848,0.589735,0.815843,0.53127
11376b36328b5aecfce91a930ae7dd13 - Copy_jpg.rf.s9S78FZ5jtCN33GZB3g1.jpg,bad,0.586314,0.359686,0.999952,0.59215,0.347233,0.999966,0.592459,0.346917,0.999961,0.592652,0.346444,0.999976,0.588522,0.343303,0.999965,0.585688,0.339704,0.999956,0.582711,0.335992,0.999967,0.578998,0.331813,0.999976,0.564039,0.31926,0.999964,0.57545,0.370802,0.999964,0.571726,0.366339,0.99997,0.530431,0.371647,0.999911,0.491125,0.346044,0.999986,0.578898,0.454252,0.489546,0.486796,0.497323,0.994629,0.61171,0.353441,0.412265,0.577157,0.470625,0.94983,0.613104,0.329568,0.350562,0.60018,0.468743,0.897438,0.610495,0.315188,0.316373,0.602309,0.452585,0.890434,0.608427,0.333726,0.303742,0.593572,0.453903,0.869093,0.468281,0.570755,0.999819,0.438651,0.583432,0.999771,0.605333,0.650295,0.201302,0.596684,0.639233,0.90215,0.646914,0.872598,0.244935,0.614819,0.882108,0.901876,0.628276,0.901627,0.363215,0.588962,0.91909,0.927999,0.686854,0.923428,0.329639,0.672609,0.940692,0.877803
posture(286)_jpg.rf.snWR5aF5ZMe7WtumICNA.jpg,bad,0.744266,0.346192,0.999831,0.761787,0.329196,0.9998,0.766676,0.330633,0.999788,0.772506,0.332178,0.999857,0.757489,0.325943,0.999695,0.758741,0.324811,0.999559,0.760396,0.3237,0.999765,0.80672,0.350136,0.999797,0.792294,0.342742,0.999856,0.750934,0.373637,0.999848,0.745052,0.370464,0.999565,0.836395,0.480769,0.999818,0.762662,0.438725,0.999364,0.693725,0.60755,0.996502,0.588685,0.475354,0.684228,0.509081,0.639395,0.991365,0.420363,0.479576,0.614923,0.46471,0.650996,0.979017,0.382263,0.471759,0.563109,0.455922,0.637389,0.979091,0.362595,0.481628,0.560802,0.475436,0.63029,0.973462,0.381957,0.485084,0.59002,0.668762,0.711422,0.999139,0.643601,0.667928,0.999303,0.377459,0.678468,0.972419,0.402416,0.681979,0.433132,0.462468,0.875171,0.942834,0.421329,0.924143,0.298054,0.503659,0.916384,0.964369,0.454179,0.962123,0.335189,0.40039,0.940626,0.896553,0.338638,0.986044,0.21821
posture(14)_jpg.rf.bDOws052pkfHrAmJUxvg.jpg,bad,0.4576,0.407838,0.999796,0.463421,0.380052,0.999741,0.467892,0.37789,0.999785,0.473012,0.375911,0.999807,0.460618,0.38263,0.999861,0.462625,0.382275,0.999879,0.464896,0.381752,0.99987,0.50388,0.374379,0.999531,0.491092,0.378749,0.999894,0.480921,0.42576,0.999193,0.475158,0.426146,0.999397,0.562365,0.423226,0.999593,0.602799,0.456143,0.998819,0.386089,0.489314,0.903543,0.613438,0.589485,0.033355,0.199947,0.505423,0.8684,0.59026,0.66846,0.057457,0.134199,0.502467,0.862632,0.596241,0.677178,0.087996,0.132644,0.488905,0.85,0.590708,0.675939,0.083799,0.147953,0.496992,0.836823,0.587809,0.673927,0.086479,0.805259,0.641744,0.999625,0.798761,0.638,0.999061,0.528681,0.670774,0.973458,0.519295,0.687398,0.222949,0.371535,0.902532,0.964704,0.378093,0.899796,0.311867,0.389347,0.948466,0.943053,0.40255,0.94598,0.401526,0.259064,0.941429,0.937293,0.285299,0.921179,0.408956
posture(288)_jpg.rf.VzSGi94Okq0kzqZOz24A.jpg,bad,0.758648,0.279492,0.998488,0.781016,0.261473,0.9981,0.787013,0.262942,0.998603,0.793325,0.264279,0.998565,0.773141,0.258707,0.996239,0.773408,0.258637,0.996609,0.773938,0.258472,0.997948,0.834115,0.285833,0.998597,0.810436,0.277639,0.999024,0.767135,0.310501,0.998664,0.757364,0.307178,0.996296,0.847493,0.434764,0.999674,0.773689,0.397757,0.996796,0.566075,0.513106,0.98725,0.577914,0.454396,0.264255,0.327783,0.499132,0.947347,0.372609,0.503482,0.165508,0.256204,0.44789,0.912106,0.342456,0.503591,0.171382,0.256552,0.444029,0.912529,0.336384,0.505794,0.16433,0.29622,0.476796,0.897105,0.349032,0.512875,0.18501,0.605512,0.699451,0.999788,0.589857,0.638344,0.999002,0.214973,0.72263,0.941347,0.250548,0.656572,0.162394,0.31054,0.936612,0.931819,0.297932,0.886161,0.142052,0.346904,0.955466,0.935064,0.343908,0.896359,0.212226,0.210848,0.975127,0.880516,0.212396,0.94033,0.185595
posture(117)_jpg.rf.kbuqe48IRWknGuetqAlb.jpg,bad,0.589059,0.439986,0.999821,0.59195,0.41876,0.999822,0.590994,0.416568,0.999834,0.589926,0.414297,0.999866,0.589159,0.419468,0.999857,0.585938,0.418092,0.99982,0.582719,0.416487,0.999829,0.55661,0.402288,0.999794,0.547041,0.404043,0.999651,0.571675,0.448897,0.999756,0.568735,0.448979,0.999781,0.471247,0.437586,0.99805,0.434279,0.494855,0.99706,0.444593,0.611146,0.03427,0.409912,0.704427,0.879055,0.473715,0.746806,0.044314,0.494671,0.854702,0.832833,0.49146,0.761991,0.048666,0.498843,0.888814,0.783057,0.493031,0.770563,0.051659,0.511886,0.886272,0.781442,0.482165,0.77053,0.059213,0.508109,0.871298,0.738591,0.25778,0.585793,0.992154,0.213185,0.626801,0.989798,0.485381,0.643494,0.157686,0.484364,0.682945,0.827485,0.665321,0.804816,0.236916,0.668448,0.803021,0.765168,0.665623,0.836649,0.292177,0.665654,0.831508,0.68333,0.754602,0.790361,0.327995,0.750822,0.766174,0.767576
posture(216)_jpg.rf.iRw1k2hQnVkUPHvmew36.jpg,bad,0.582696,0.306633,0.99995,0.589015,0.290746,0.999921,0.589353,0.290661,0.999922,0.589671,0.290537,0.999947,0.584053,0.286622,0.999919,0.580327,0.283618,0.999911,0.57613,0.280253,0.999932,0.570998,0.278461,0.999942,0.553131,0.267528,0.999906,0.572367,0.318428,0.999894,0.565495,0.314146,0.999929,0.514478,0.341575,0.999504,0.47165,0.301471,0.999963,0.54966,0.438611,0.572745,0.480979,0.448818,0.989681,0.59958,0.328688,0.606293,0.57232,0.448719,0.939273,0.603801,0.301258,0.534598,0.594911,0.457031,0.895825,0.600472,0.29293,0.517061,0.599699,0.448513,0.894779,0.594257,0.303239,0.500908,0.586232,0.443106,0.871996,0.451738,0.55621,0.998151,0.409624,0.56825,0.998694,0.613487,0.623187,0.606141,0.592959,0.662483,0.990267,0.641948,0.844402,0.59206,0.595378,0.886987,0.982937,0.610523,0.875596,0.619786,0.560527,0.92524,0.96609,0.711797,0.894124,0.67341,0.679404,0.944612,0.970955
posture(780)_jpg.rf.l9nrXofug1r0uH8RMLJT.jpg,good,0.52304,0.243233,0.999833,0.510553,0.217053,0.999876,0.509199,0.216753,0.999878,0.507398,0.216425,0.999921,0.505764,0.215506,0.999844,0.500791,0.214173,0.99981,0.495212,0.213028,0.999881,0.475057,0.222164,0.999932,0.466823,0.220581,0.999847,0.515491,0.262716,0.9997,0.509197,0.260395,0.999805,0.426167,0.333255,0.998941,0.438216,0.324934,0.999837,0.466991,0.514417,0.054871,0.484874,0.503606,0.961933,0.584607,0.594544,0.048355,0.667172,0.50469,0.813924,0.613796,0.608191,0.06652,0.729237,0.508695,0.76274,0.620876,0.599739,0.065532,0.746053,0.494993,0.761233,0.607946,0.596434,0.06852,0.723294,0.49583,0.748468,0.402305,0.624952,0.995133,0.434505,0.638151,0.998056,0.647173,0.6377,0.204422,0.751792,0.67115,0.954087,0.649163,0.846833,0.189703,0.734233,0.928896,0.908493,0.618132,0.87689,0.265092,0.700345,0.962531,0.898591,0.7135,0.897698,0.234928,0.835335,0.957422,0.839007
posture(848)_jpg.rf.hdyVnidKf53Ner5I7Ti3.jpg,bad,0.54875,0.350393,0.999933,0.535968,0.335954,0.999953,0.535055,0.336403,0.999958,0.53379,0.336767,0.999963,0.529031,0.334525,0.999928,0.52341,0.33441,0.999928,0.516737,0.334268,0.999928,0.497061,0.34356,0.99998,0.484592,0.347917,0.999946,0.541845,0.369403,0.999941,0.534979,0.36807,0.999936,0.454302,0.424411,0.999796,0.486384,0.438534,0.999632,0.557392,0.499211,0.256688,0.627001,0.501467,0.876026,0.627327,0.555202,0.326199,0.658834,0.521918,0.772918,0.638904,0.574704,0.342508,0.669294,0.536155,0.769189,0.623694,0.569688,0.346292,0.657898,0.537394,0.761547,0.618822,0.575498,0.350743,0.645126,0.537921,0.77454,0.357846,0.656081,0.999689,0.368723,0.66455,0.999562,0.591721,0.653137,0.3664,0.607694,0.638976,0.964495,0.614184,0.842739,0.448949,0.649539,0.838633,0.940025,0.589164,0.876453,0.606632,0.626989,0.875615,0.941878,0.692329,0.864748,0.571671,0.752349,0.860662,0.909509
posture(146)_jpg.rf.iIhasyMWJZgxUurPGknQ.jpg,good,0.549864,0.331542,0.986614,0.562273,0.309222,0.987331,0.567151,0.308078,0.987438,0.572911,0.306907,0.990757,0.558549,0.309231,0.984495,0.560375,0.308107,0.983054,0.562675,0.306734,0.991352,0.609539,0.312175,0.982625,0.598961,0.309667,0.989422,0.564593,0.351714,0.989065,0.559625,0.351756,0.979354,0.638754,0.413803,0.998132,0.632871,0.406562,0.989386,0.470497,0.522907,0.979198,0.482013,0.516089,0.059327,0.281319,0.554523,0.935241,0.325679,0.559949,0.047408,0.232675,0.552068,0.905746,0.331855,0.593136,0.065419,0.226941,0.544165,0.899365,0.32284,0.591853,0.062596,0.237138,0.550221,0.862129,0.329467,0.595103,0.06841,0.565594,0.691154,0.995923,0.581934,0.675878,0.986242,0.264121,0.720625,0.97195,0.359415,0.749824,0.296762,0.286263,0.943136,0.957275,0.327816,0.946183,0.370554,0.309364,0.97425,0.94812,0.3936,0.996837,0.437999,0.181489,0.96851,0.9028,0.290916,1.010284,0.386699
posture(318)_jpg.rf.knUWfHu5P79vNIf9ru21.jpg,bad,0.45342,0.409509,0.996416,0.444593,0.386194,0.996543,0.444268,0.383761,0.996674,0.443625,0.381296,0.997054,0.449165,0.386153,0.996662,0.453907,0.383089,0.997006,0.45692,0.380569,0.998061,0.465871,0.358525,0.994608,0.480084,0.36227,0.998608,0.467996,0.415514,0.99676,0.476341,0.416464,0.99707,0.512422,0.362061,0.999803,0.590612,0.356665,0.999427,0.315934,0.431922,0.989597,0.440639,0.466981,0.106544,0.126491,0.508908,0.97904,0.28926,0.535317,0.281132,0.075233,0.511067,0.967152,0.257996,0.529603,0.338085,0.078134,0.507227,0.96312,0.256332,0.533308,0.336639,0.090438,0.511073,0.948899,0.256586,0.533711,0.335712,0.611219,0.678145,0.998036,0.664293,0.674257,0.995065,0.301747,0.666438,0.987426,0.428473,0.685849,0.381635,0.264758,0.8938,0.970967,0.390037,0.903843,0.582416,0.290216,0.928612,0.948167,0.368186,0.93741,0.701408,0.153046,0.923499,0.910369,0.300424,0.945183,0.616493
posture(384)_jpg.rf.m9oov6HQUxfD6QX3u5cL.jpg,good,0.524757,0.200212,0.999769,0.519566,0.1857,0.9995,0.519203,0.185366,0.999481,0.518533,0.18503,0.999606,0.515575,0.185335,0.999595,0.512685,0.184926,0.999629,0.509389,0.184618,0.999679,0.500614,0.189381,0.999199,0.489957,0.190975,0.999558,0.520249,0.215598,0.999377,0.515779,0.215492,0.999669,0.480903,0.279592,0.999387,0.469744,0.279453,0.999823,0.509165,0.364706,0.08011,0.529815,0.373334,0.989864,0.578083,0.404685,0.089225,0.626352,0.382051,0.96477,0.589559,0.41022,0.11858,0.650745,0.385565,0.952621,0.594913,0.401238,0.122669,0.652517,0.376398,0.948404,0.590114,0.399664,0.124829,0.643366,0.376071,0.907913,0.478614,0.483315,0.998725,0.461974,0.492479,0.997839,0.572974,0.576429,0.760149,0.582992,0.558233,0.9912,0.584147,0.738473,0.90244,0.564339,0.732217,0.991803,0.573415,0.761894,0.881545,0.5423,0.757012,0.96766,0.627989,0.768237,0.936432,0.60851,0.772342,0.988009
posture(424)_jpg.rf.kXZWvBJiLAFDydKJyv5x.jpg,good,0.689026,0.172373,0.999268,0.711487,0.149031,0.999448,0.716044,0.150279,0.99946,0.721054,0.151462,0.999534,0.706183,0.145908,0.999325,0.707574,0.144964,0.999307,0.709198,0.143944,0.999442,0.763607,0.173651,0.999122,0.744775,0.164447,0.999593,0.698298,0.20129,0.99964,0.689943,0.199219,0.998776,0.797539,0.293781,0.999863,0.745603,0.300765,0.998681,0.691808,0.392738,0.943463,0.669659,0.40645,0.077861,0.505907,0.338903,0.955105,0.534938,0.424478,0.116863,0.459544,0.321674,0.957451,0.499212,0.430168,0.186918,0.460545,0.30015,0.956847,0.497679,0.421186,0.18845,0.471713,0.301505,0.936551,0.504503,0.417991,0.208838,0.748925,0.610261,0.999164,0.712829,0.586108,0.996743,0.510155,0.518072,0.872021,0.480307,0.545245,0.166116,0.474057,0.797506,0.847004,0.459723,0.780655,0.170246,0.507047,0.84252,0.904088,0.486273,0.820234,0.310948,0.371263,0.852059,0.780494,0.36225,0.845694,0.216111
posture(487)_jpg.rf.n3zbxYl1OvNUcvfsJxUj.jpg,good,0.539334,0.076842,0.999943,0.553032,0.056798,0.999954,0.556915,0.057161,0.999944,0.561096,0.057614,0.999946,0.549555,0.054837,0.999949,0.550736,0.053785,0.999951,0.552321,0.052732,0.999968,0.585627,0.066973,0.999968,0.575627,0.062007,0.999966,0.550057,0.101138,0.99996,0.544733,0.100752,0.999949,0.619853,0.198148,0.999851,0.588185,0.198107,0.999953,0.571102,0.371548,0.961187,0.55195,0.35628,0.246894,0.446541,0.341601,0.844092,0.437061,0.347482,0.375666,0.408779,0.355302,0.796888,0.405693,0.362572,0.423854,0.404747,0.341729,0.794057,0.406166,0.352291,0.433375,0.41931,0.335352,0.770899,0.421724,0.347053,0.444714,0.631059,0.525848,0.999782,0.606162,0.515372,0.999826,0.495198,0.711214,0.916201,0.562546,0.670923,0.218905,0.64799,0.841382,0.826694,0.652298,0.828812,0.345637,0.688497,0.838635,0.917066,0.679849,0.847762,0.553069,0.635342,0.926262,0.855041,0.617131,0.894587,0.474337
posture(218)_jpg.rf.axVGafUOt1CuNlC9klTT.jpg,bad,0.363985,0.358186,0.999856,0.362603,0.338344,0.999899,0.364406,0.335275,0.999914,0.366706,0.331037,0.999895,0.359872,0.340264,0.999863,0.359963,0.338678,0.999879,0.359887,0.336541,0.999876,0.386312,0.315476,0.999941,0.376818,0.322228,0.999835,0.377969,0.364312,0.999859,0.375313,0.367106,0.999726,0.469795,0.362387,0.999974,0.427008,0.373962,0.999689,0.461466,0.509116,0.975731,0.404487,0.505726,0.15568,0.367007,0.476575,0.852174,0.360754,0.456961,0.161926,0.344796,0.482148,0.747932,0.344866,0.447904,0.17772,0.346977,0.464524,0.741009,0.344292,0.433916,0.160213,0.354438,0.461236,0.68654,0.354741,0.435679,0.147608,0.533032,0.599465,0.999154,0.497761,0.59638,0.999279,0.346118,0.680812,0.981219,0.345283,0.731809,0.51574,0.339165,0.902553,0.951243,0.321577,0.922363,0.530781,0.367944,0.935299,0.90942,0.33045,0.955005,0.577667,0.250168,0.966543,0.955479,0.220481,0.958641,0.608038
posture(258)_jpg.rf.ohrIuHODWVou3K3pKDMp.jpg,good,0.463129,0.264129,0.999596,0.477737,0.235736,0.999819,0.482971,0.235528,0.99982,0.488729,0.235809,0.999878,0.475445,0.232977,0.999722,0.478249,0.230871,0.999618,0.482622,0.228758,0.999759,0.532005,0.248531,0.999785,0.524246,0.239203,0.999809,0.479939,0.292082,0.999709,0.475345,0.288933,0.999596,0.557164,0.396306,0.999302,0.598541,0.358339,0.999196,0.365958,0.497638,0.936223,0.375532,0.478373,0.55802,0.412205,0.367894,0.944146,0.223421,0.48494,0.654588,0.371485,0.32871,0.942108,0.170681,0.48074,0.679053,0.393742,0.319071,0.941949,0.16586,0.479647,0.70467,0.396667,0.333717,0.941747,0.18158,0.483135,0.706806,0.663386,0.76506,0.999511,0.699988,0.723016,0.999107,0.348629,0.811337,0.93215,0.483524,0.774029,0.169888,0.405042,1.072745,0.719543,0.538267,0.973868,0.104495,0.449556,1.104235,0.794329,0.530408,0.975338,0.176384,0.328839,1.149582,0.602389,0.447393,0.990921,0.142254
posture(22)_jpg.rf.mWtxK4vSOPXEgkc5qTtB.jpg,good,0.39114,0.236487,0.99441,0.411946,0.201615,0.997927,0.418909,0.200749,0.998125,0.426408,0.199782,0.99873,0.40788,0.200848,0.99544,0.411574,0.199435,0.994062,0.415803,0.197732,0.994987,0.477837,0.207148,0.997393,0.466968,0.203873,0.995016,0.415008,0.262828,0.996896,0.410399,0.261999,0.994025,0.512242,0.344285,0.997384,0.561442,0.311073,0.944841,0.210867,0.483079,0.933882,0.430397,0.45967,0.052236,0.095418,0.44226,0.724573,0.29858,0.473978,0.088343,0.057895,0.430174,0.702141,0.27153,0.477837,0.144979,0.089365,0.412394,0.71414,0.247979,0.457386,0.159824,0.1201,0.409794,0.689045,0.285401,0.470561,0.16152,0.636945,0.665718,0.974329,0.643139,0.625369,0.93863,0.219831,0.78868,0.800534,0.322873,0.65663,0.268948,0.225991,1.056679,0.511164,0.41021,0.877426,0.214588,0.273201,1.104296,0.471991,0.449445,0.914233,0.3588,0.093817,1.121346,0.307762,0.341288,0.945536,0.203927
posture(380)_jpg.rf.nvRWl4ei8hoXgdqOa9HY.jpg,good,0.425407,0.230785,0.997602,0.426389,0.215259,0.997009,0.425488,0.21432,0.996472,0.424388,0.21336,0.997696,0.425133,0.21419,0.997481,0.423277,0.212487,0.99725,0.420944,0.210562,0.997981,0.406751,0.206856,0.995804,0.403325,0.204107,0.997086,0.413644,0.238053,0.996154,0.412118,0.236183,0.998039,0.355115,0.274674,0.997569,0.358577,0.267514,0.999885,0.363241,0.390202,0.031761,0.391667,0.382033,0.98616,0.404003,0.439189,0.041586,0.483758,0.382688,0.956813,0.413831,0.453912,0.062899,0.500212,0.388105,0.936987,0.41838,0.44442,0.064167,0.506368,0.379019,0.935772,0.41426,0.438403,0.062871,0.493448,0.377675,0.906787,0.35439,0.474456,0.985629,0.353145,0.476999,0.992541,0.472687,0.549562,0.207815,0.477062,0.548799,0.934891,0.435008,0.695369,0.352592,0.439654,0.718784,0.968493,0.404023,0.713331,0.483802,0.411732,0.74103,0.954715,0.466203,0.744621,0.483359,0.480052,0.763876,0.947556
posture(959)_jpg.rf.rS9QWOlDJK0PBrSi2AUs.jpg,bad,0.726995,0.111389,0.999835,0.755592,0.090227,0.999778,0.765595,0.090319,0.999807,0.777127,0.090813,0.999821,0.743582,0.088591,0.999731,0.744179,0.08743,0.999742,0.745621,0.08619,0.999837,0.817116,0.112336,0.99964,0.7873,0.104701,0.999832,0.741506,0.140663,0.999608,0.727937,0.137448,0.999091,0.825727,0.245279,0.999362,0.743325,0.228371,0.998853,0.633549,0.423517,0.942456,0.584978,0.379927,0.193554,0.412153,0.480715,0.722667,0.392151,0.444295,0.172153,0.357637,0.511593,0.66221,0.346385,0.460078,0.203674,0.353557,0.488254,0.679426,0.34302,0.456578,0.20755,0.369667,0.47966,0.690161,0.359481,0.453329,0.229513,0.638983,0.616589,0.998769,0.610947,0.577357,0.998237,0.198407,0.58905,0.937978,0.269765,0.540169,0.364506,0.319813,0.833379,0.933983,0.384552,0.825616,0.224318,0.384408,0.870047,0.937659,0.436177,0.859306,0.341279,0.188519,0.920335,0.907576,0.322823,0.938797,0.259191
posture(684)_jpg.rf.r2WisbLkeBnO5s04xsb9.jpg,good,0.411095,0.034952,0.999972,0.396698,0.016366,0.999981,0.393892,0.015944,0.999971,0.390798,0.015498,0.999986,0.395007,0.016542,0.999976,0.39154,0.016288,0.999958,0.387682,0.015936,0.999976,0.357638,0.023809,0.999986,0.356488,0.025071,0.999973,0.39998,0.058485,0.999975,0.397795,0.058263,0.999987,0.296789,0.181249,0.999867,0.334459,0.180049,0.999968,0.373756,0.388715,0.102645,0.404935,0.374662,0.98003,0.510568,0.469425,0.171656,0.581472,0.426279,0.939917,0.545852,0.482784,0.186932,0.62748,0.439887,0.907628,0.54914,0.471366,0.191852,0.6471,0.419776,0.904663,0.534458,0.467516,0.1915,0.61037,0.419181,0.888636,0.333073,0.523103,0.999339,0.337157,0.529852,0.999508,0.590877,0.634928,0.213713,0.657094,0.605019,0.852253,0.550735,0.859478,0.316106,0.623315,0.902655,0.90476,0.511899,0.887177,0.469593,0.598525,0.943758,0.879673,0.619539,0.938291,0.366099,0.704696,0.96617,0.862749
posture(431)_jpg.rf.nTBPa2TJWtEEjOxKIcyo.jpg,good,0.342087,0.105189,0.999977,0.332611,0.085353,0.99998,0.331825,0.084983,0.999972,0.330791,0.084547,0.999984,0.327471,0.085157,0.999976,0.323063,0.084634,0.999961,0.318159,0.084299,0.999978,0.307059,0.093349,0.999984,0.287626,0.096199,0.999977,0.336388,0.130435,0.999973,0.329061,0.130113,0.999988,0.285651,0.240149,0.999708,0.249145,0.227807,0.999975,0.30788,0.439406,0.081911,0.277003,0.432674,0.992545,0.426509,0.479941,0.114365,0.45659,0.459249,0.919381,0.469453,0.50288,0.13787,0.500733,0.472242,0.868836,0.47876,0.475007,0.140969,0.518706,0.452702,0.875056,0.458322,0.472532,0.146445,0.503559,0.446365,0.876776,0.303145,0.556911,0.998672,0.271707,0.567244,0.999149,0.548785,0.578349,0.169786,0.554114,0.576149,0.95068,0.591442,0.837405,0.233372,0.576152,0.881897,0.920694,0.551314,0.87954,0.323247,0.55007,0.919154,0.902325,0.70028,0.915984,0.302518,0.71646,0.953243,0.89405
posture(61)_jpg.rf.pbUFNqJQiz9ibyA47Giv.jpg,bad,0.461865,0.440956,0.999962,0.45779,0.423536,0.999968,0.45984,0.42125,0.999965,0.462267,0.418924,0.999975,0.455966,0.424727,0.999976,0.456561,0.423547,0.999973,0.457506,0.422293,0.999974,0.485574,0.408352,0.999951,0.480187,0.412084,0.999963,0.481094,0.447432,0.999967,0.479138,0.449047,0.999968,0.589873,0.451035,0.999943,0.562123,0.470794,0.999785,0.619072,0.583024,0.911462,0.633139,0.587784,0.017906,0.484329,0.560229,0.899036,0.647394,0.646269,0.026387,0.459919,0.575277,0.862059,0.652976,0.667933,0.036554,0.453499,0.559598,0.856102,0.647706,0.662124,0.03459,0.461887,0.545186,0.829478,0.645421,0.652712,0.03761,0.735148,0.623087,0.999893,0.701253,0.622626,0.999789,0.49644,0.649646,0.981328,0.472377,0.628794,0.155113,0.449434,0.813798,0.969533,0.446068,0.814002,0.180408,0.463775,0.844564,0.912749,0.466725,0.844921,0.173501,0.351686,0.851387,0.960312,0.385415,0.853433,0.268959
posture(423)_jpg.rf.ojezJZOHB8WlvU5v51dI.jpg,good,0.301311,0.166763,0.999373,0.279139,0.141108,0.999375,0.2765,0.139923,0.999477,0.273313,0.138422,0.999611,0.273461,0.143591,0.999264,0.266836,0.144493,0.999255,0.258605,0.145835,0.99928,0.23593,0.154115,0.99971,0.220096,0.163958,0.999155,0.295708,0.191466,0.999074,0.285294,0.194759,0.999103,0.249171,0.26831,0.998819,0.184349,0.288827,0.998169,0.354523,0.394534,0.11805,0.305705,0.405486,0.988204,0.47725,0.385931,0.352482,0.496107,0.338498,0.970916,0.531349,0.372648,0.421483,0.540606,0.31949,0.952545,0.547044,0.354978,0.432737,0.530986,0.295805,0.94777,0.526747,0.362784,0.407999,0.522369,0.302641,0.921918,0.277977,0.559975,0.988732,0.214044,0.589997,0.986428,0.516018,0.552379,0.352514,0.444715,0.590321,0.953209,0.510416,0.819122,0.454635,0.478346,0.87855,0.947972,0.467283,0.862148,0.587519,0.445551,0.925382,0.935483,0.626972,0.883533,0.475806,0.600591,0.918537,0.901606
posture(191)_jpg.rf.qDXCJZUkjZzZL1CgKMUq.jpg,good,0.568442,0.405669,0.99998,0.588756,0.391113,0.999969,0.596411,0.391884,0.999972,0.603837,0.392714,0.999972,0.5793,0.389562,0.99997,0.578399,0.389073,0.999973,0.577866,0.388558,0.999979,0.62823,0.404943,0.999964,0.601729,0.400754,0.999988,0.576005,0.425368,0.999973,0.565272,0.42382,0.999944,0.661007,0.488029,0.999976,0.544708,0.487575,0.999845,0.577656,0.595375,0.985588,0.440317,0.549512,0.798953,0.420664,0.634603,0.932158,0.31602,0.573608,0.806381,0.376096,0.655091,0.881916,0.281556,0.570807,0.763748,0.370924,0.643148,0.886196,0.280155,0.569555,0.776646,0.381517,0.633077,0.884166,0.293782,0.573372,0.796855,0.536625,0.706706,0.999826,0.480093,0.691179,0.999629,0.269471,0.724391,0.992253,0.258593,0.695233,0.671083,0.260265,0.913863,0.974931,0.230195,0.860806,0.474707,0.285948,0.952787,0.956742,0.244909,0.890398,0.509672,0.154416,0.97175,0.940318,0.145682,0.907436,0.476161
sipotion_1749658422979_slouch_0_86_jpg.rf.5CIPofbwFYiztDODZefD.jpg,good,0.538832,0.254026,0.998115,0.548915,0.230528,0.997546,0.552238,0.230029,0.996941,0.556144,0.229392,0.998216,0.547128,0.229978,0.998145,0.549428,0.229084,0.998009,0.552085,0.227994,0.998791,0.592376,0.235881,0.996855,0.589129,0.233438,0.997807,0.552888,0.28118,0.998522,0.550629,0.281179,0.997611,0.637046,0.382739,0.99946,0.653046,0.359055,0.996095,0.617512,0.599513,0.954978,0.635874,0.548432,0.03316,0.466808,0.656294,0.868514,0.523382,0.614277,0.0303,0.435386,0.681506,0.813886,0.490942,0.641297,0.03729,0.436951,0.66047,0.806093,0.483269,0.634558,0.036544,0.445743,0.652512,0.761613,0.496849,0.620399,0.040716,0.63792,0.70888,0.996476,0.628341,0.672847,0.991766,0.374132,0.788723,0.905363,0.412943,0.755444,0.25858,0.24514,0.958836,0.763113,0.277037,0.923115,0.245221,0.266205,1.009775,0.720994,0.28228,0.975695,0.364809,0.146434,0.919787,0.746636,0.167497,0.89338,0.347364
posture(213)_jpg.rf.sLNky1yGaClE1BknpBuw.jpg,good,0.606708,0.211679,0.999986,0.601077,0.186905,0.999992,0.599875,0.185901,0.999988,0.598496,0.184896,0.999992,0.597358,0.186675,0.999991,0.593579,0.185556,0.999986,0.589608,0.184558,0.999991,0.576809,0.18636,0.999981,0.567391,0.188512,0.999993,0.599338,0.228332,0.999992,0.594734,0.226592,0.999997,0.560873,0.30318,0.999838,0.515205,0.29812,0.999993,0.586468,0.440955,0.366501,0.551461,0.460704,0.988543,0.615211,0.327919,0.703846,0.676832,0.480006,0.969948,0.622502,0.327035,0.709094,0.706792,0.484765,0.948693,0.610874,0.283381,0.700901,0.713738,0.470154,0.945507,0.607971,0.291594,0.636938,0.702623,0.467987,0.924789,0.565961,0.558343,0.997504,0.542132,0.566127,0.999309,0.70871,0.669615,0.440503,0.727356,0.707515,0.9703,0.710835,0.860402,0.512305,0.788201,0.917047,0.984082,0.687664,0.892182,0.607456,0.771303,0.957457,0.973444,0.786758,0.90456,0.633808,0.886021,0.95103,0.974428
posture(934)_jpg.rf.pXCCGCuNZFJ8oqXHNKgb.jpg,good,0.403449,0.19495,0.99983,0.387816,0.172357,0.999906,0.384838,0.171709,0.999896,0.381317,0.171185,0.999938,0.382892,0.172091,0.999898,0.376978,0.171389,0.999878,0.370639,0.170962,0.999913,0.336166,0.181858,0.999936,0.33044,0.181888,0.999864,0.396206,0.219636,0.999823,0.390424,0.218858,0.999891,0.341821,0.324551,0.999107,0.254371,0.333656,0.999795,0.395197,0.49453,0.053937,0.341718,0.519691,0.97562,0.545596,0.496794,0.153871,0.542813,0.482101,0.953372,0.605311,0.507657,0.200243,0.601577,0.490052,0.935605,0.613697,0.473833,0.203425,0.614563,0.460483,0.931497,0.586761,0.474336,0.196188,0.593609,0.457721,0.910183,0.355136,0.624453,0.996456,0.291227,0.647776,0.997355,0.676216,0.589186,0.249085,0.588986,0.602059,0.951999,0.676972,0.883288,0.370574,0.66949,0.906126,0.959966,0.642691,0.930538,0.51491,0.636607,0.956367,0.957432,0.797331,0.933797,0.411941,0.810434,0.959828,0.923903
sipotion_1749658446733_slouch_0_88_jpg.rf.BcSOwSfwVAkoQD9mzzjg.jpg,good,0.36286,0.265372,0.99999,0.377389,0.239492,0.999985,0.383916,0.239252,0.999983,0.392257,0.238996,0.999984,0.366944,0.238173,0.999979,0.365597,0.236885,0.999977,0.364467,0.235433,0.999982,0.43872,0.249403,0.999984,0.401485,0.246158,0.999988,0.380455,0.292461,0.999997,0.368621,0.290256,0.999992,0.514232,0.412274,0.999938,0.396549,0.369578,0.999724,0.432597,0.631222,0.997761,0.298455,0.497608,0.806374,0.202037,0.635763,0.997347,0.11628,0.568619,0.863607,0.146064,0.64425,0.99326,0.068793,0.581894,0.820152,0.133991,0.622002,0.993439,0.068476,0.573839,0.828849,0.153931,0.611229,0.991586,0.088026,0.573567,0.849131,0.487219,0.710379,0.999809,0.40736,0.645023,0.999306,0.230373,0.803331,0.986314,0.161585,0.697015,0.637033,0.243027,0.929971,0.857845,0.16039,0.848193,0.365164,0.265918,0.945058,0.857103,0.183598,0.87533,0.377398,0.173958,0.992142,0.774205,0.079409,0.898839,0.381242
sipotion_1749658425432_slouch_0_91_jpg.rf.BdYIxisn657bIfPKmAJj.jpg,good,0.520231,0.249568,0.998565,0.534418,0.22449,0.99847,0.538773,0.225125,0.998088,0.543618,0.225678,0.998735,0.53097,0.222236,0.998635,0.53271,0.221198,0.998501,0.534846,0.22007,0.999057,0.578583,0.236959,0.997303,0.568697,0.230319,0.99876,0.534399,0.279702,0.998843,0.528629,0.278794,0.998417,0.626752,0.388865,0.998898,0.623168,0.357124,0.998509,0.517378,0.587414,0.961569,0.533281,0.486116,0.192023,0.340794,0.557135,0.923778,0.397214,0.492154,0.260532,0.290977,0.559926,0.896471,0.365851,0.483756,0.291812,0.28544,0.53538,0.893862,0.347076,0.477957,0.290216,0.304279,0.532401,0.863586,0.362689,0.480961,0.297923,0.624119,0.711124,0.991957,0.60801,0.654879,0.987346,0.339668,0.796948,0.903452,0.367067,0.710752,0.256453,0.183013,0.958216,0.77912,0.225705,0.922618,0.199824,0.200308,1.006536,0.744665,0.224495,0.971129,0.295005,0.072417,0.931797,0.728619,0.114728,0.905627,0.282419
posture(652)_jpg.rf.s2FcZKmG38ufC1tc0L1I.jpg,bad,0.486779,0.328273,0.997988,0.484855,0.292122,0.996217,0.486595,0.290337,0.995132,0.488424,0.28875,0.99419,0.474587,0.294761,0.998344,0.46687,0.293549,0.99806,0.459158,0.292323,0.998597,0.455617,0.281866,0.996605,0.419199,0.292173,0.999524,0.475152,0.345072,0.996052,0.458026,0.345378,0.99931,0.39606,0.37523,0.989488,0.293338,0.390152,0.999198,0.379577,0.420073,0.119081,0.143576,0.537977,0.924745,0.392795,0.344758,0.252714,0.244071,0.658385,0.873778,0.391921,0.311283,0.193623,0.25216,0.717605,0.832342,0.409325,0.312956,0.166293,0.278247,0.716175,0.818199,0.402747,0.329513,0.193901,0.274716,0.687309,0.800821,0.250901,0.677588,0.977907,0.187471,0.686403,0.993206,0.279355,0.845655,0.300567,0.187034,0.858799,0.770914,0.244914,0.966688,0.228541,0.153942,0.995257,0.572332,0.223581,0.978055,0.279085,0.133142,1.002634,0.635754,0.291721,1.036846,0.431359,0.205272,1.088952,0.450234
posture(27)_jpg.rf.t9EQSr48ygOYtaDcZx3q.jpg,bad,0.735594,0.322997,0.999919,0.760355,0.307257,0.999894,0.765131,0.30989,0.99989,0.770589,0.312762,0.999917,0.754936,0.302196,0.999804,0.755485,0.30116,0.999772,0.756643,0.300219,0.999847,0.808937,0.340697,0.999915,0.798717,0.3258,0.999835,0.737424,0.353792,0.999933,0.730206,0.347758,0.999806,0.758458,0.478478,0.999987,0.759532,0.425727,0.999892,0.590616,0.603582,0.995047,0.593084,0.503874,0.202878,0.428882,0.560593,0.969185,0.459798,0.534353,0.144735,0.393707,0.555627,0.940328,0.415851,0.541046,0.142833,0.405519,0.529252,0.940536,0.428747,0.529936,0.141052,0.416504,0.533705,0.922134,0.433653,0.530739,0.154709,0.485898,0.672839,0.999952,0.482787,0.603445,0.999897,0.179306,0.606045,0.968863,0.236847,0.559511,0.491175,0.201838,0.838622,0.903362,0.136455,0.734242,0.430332,0.230666,0.891432,0.888793,0.141501,0.77288,0.439405,0.106239,0.863731,0.897303,0.0372,0.762731,0.477153
posture(931)_jpg.rf.sM2HPm9BtogRcBWeEfQD.jpg,good,0.371857,0.184768,0.999959,0.358296,0.1622,0.999977,0.356208,0.161559,0.999972,0.353364,0.160993,0.999984,0.352617,0.161668,0.999976,0.346146,0.160716,0.999968,0.339131,0.160057,0.999978,0.30601,0.170275,0.999985,0.296318,0.169434,0.999965,0.364167,0.21106,0.999951,0.357497,0.209362,0.999968,0.312988,0.317975,0.999605,0.201377,0.328238,0.999884,0.370579,0.493543,0.057068,0.307385,0.525157,0.97678,0.525168,0.507046,0.157603,0.522826,0.482428,0.955204,0.588002,0.516573,0.198052,0.585444,0.493107,0.933207,0.606846,0.478847,0.19974,0.601574,0.463106,0.927838,0.580377,0.47779,0.187882,0.57954,0.458062,0.903132,0.314689,0.63019,0.998332,0.245326,0.654607,0.998755,0.645096,0.601629,0.202407,0.58366,0.612378,0.94094,0.661097,0.895953,0.324497,0.651899,0.91658,0.952206,0.629078,0.94069,0.509058,0.612913,0.962205,0.950663,0.778909,0.947529,0.378327,0.77129,0.979769,0.917962
posture(636)_jpg.rf.eAZIEbEj5gI0D9ngtT4x.jpg,bad,0.439987,0.46501,0.999956,0.436256,0.447685,0.999961,0.438931,0.445619,0.999962,0.44191,0.443388,0.999966,0.433295,0.449245,0.999967,0.433765,0.448443,0.999969,0.434417,0.44748,0.999966,0.466101,0.433998,0.999957,0.458255,0.436522,0.999958,0.45992,0.473185,0.999959,0.457122,0.475898,0.999955,0.571599,0.481212,0.999938,0.544584,0.50086,0.999784,0.609064,0.61531,0.906702,0.617052,0.624758,0.032352,0.49168,0.611632,0.899316,0.634813,0.685999,0.053069,0.459745,0.617866,0.858944,0.641618,0.707377,0.070109,0.45057,0.593459,0.853,0.636157,0.699608,0.066543,0.462994,0.590601,0.828297,0.633665,0.689719,0.066778,0.728961,0.643801,0.999864,0.695512,0.648288,0.999735,0.492589,0.702345,0.974064,0.464629,0.655377,0.114951,0.432308,0.860879,0.957586,0.443924,0.851349,0.122045,0.45591,0.897449,0.892678,0.464652,0.880853,0.110671,0.376313,0.904925,0.941211,0.377461,0.888729,0.207517
sipotion_1749658412228_good_posture_0_74_jpg.rf.K9o2RurkXmxPAcfoUUZZ.jpg,bad,0.542792,0.225834,0.998787,0.556039,0.203187,0.998345,0.55961,0.20317,0.998182,0.563819,0.203204,0.998811,0.553255,0.201921,0.998639,0.554623,0.201083,0.998626,0.556269,0.200192,0.999091,0.596762,0.213483,0.997913,0.588286,0.209769,0.998247,0.552426,0.251752,0.998995,0.548786,0.25132,0.997975,0.631089,0.355272,0.999453,0.619041,0.340214,0.996733,0.573263,0.550805,0.967903,0.564365,0.51448,0.056093,0.422241,0.597098,0.868903,0.455456,0.568668,0.051274,0.388327,0.623967,0.809195,0.420548,0.590791,0.057018,0.382482,0.597293,0.802119,0.416355,0.584088,0.056129,0.392014,0.589262,0.767498,0.426144,0.578353,0.06138,0.575952,0.646029,0.997244,0.547111,0.609102,0.994525,0.314045,0.715539,0.91233,0.33975,0.687697,0.277782,0.136321,0.871231,0.820889,0.173898,0.854015,0.257622,0.121676,0.911381,0.769453,0.156483,0.896781,0.32492,0.028269,0.839975,0.794816,0.058146,0.829323,0.348889
sipotion_1749658430249_slouch_0_70_jpg.rf.aru7XwzSFjjeYgEvIjPr.jpg,bad,0.535319,0.270619,0.999785,0.549487,0.244616,0.99957,0.555502,0.244467,0.999557,0.563152,0.244,0.999607,0.541802,0.243416,0.999536,0.54168,0.242592,0.999512,0.541823,0.24163,0.999607,0.609151,0.253514,0.999625,0.582516,0.251928,0.999608,0.552518,0.297885,0.999866,0.543135,0.297771,0.999697,0.671599,0.411802,0.999746,0.567024,0.378612,0.999242,0.5024,0.593056,0.986108,0.45534,0.503009,0.587727,0.287897,0.576689,0.952572,0.274767,0.534555,0.539404,0.232948,0.592023,0.921478,0.216381,0.546967,0.517209,0.225958,0.567468,0.924234,0.208849,0.537234,0.526335,0.249056,0.56342,0.918384,0.233422,0.536507,0.543418,0.596923,0.72678,0.997819,0.527885,0.658775,0.995586,0.275852,0.80653,0.978668,0.272846,0.679846,0.554878,0.137471,1.013647,0.862925,0.116502,0.935742,0.30226,0.154123,1.045232,0.79735,0.128422,0.963588,0.307461,-0.011081,1.080777,0.778029,-0.011674,0.970166,0.276362
sipotion_1749658418267_slouch_0_79_jpg.rf.uRqviqpSGhmDHBXG0gtO.jpg,bad,0.563646,0.267334,0.999109,0.575545,0.243083,0.99876,0.579374,0.242799,0.998667,0.58373,0.242519,0.999089,0.573077,0.242367,0.999049,0.574889,0.241617,0.999042,0.577191,0.240721,0.99934,0.617994,0.250362,0.998103,0.611653,0.247122,0.99839,0.575167,0.293199,0.99907,0.57191,0.293239,0.998178,0.66001,0.387866,0.999362,0.641752,0.373948,0.99721,0.611171,0.589388,0.956924,0.593015,0.545239,0.082725,0.455326,0.634037,0.804895,0.484608,0.600236,0.075079,0.421416,0.658277,0.738283,0.450975,0.62689,0.087654,0.414704,0.639084,0.732743,0.443744,0.612572,0.087628,0.425491,0.629989,0.695194,0.45898,0.604532,0.092929,0.612223,0.691201,0.996653,0.580066,0.650721,0.994085,0.352202,0.763335,0.919365,0.370424,0.729331,0.363562,0.166976,0.924576,0.859332,0.20069,0.900473,0.345827,0.156828,0.966021,0.815179,0.187721,0.944486,0.42328,0.059687,0.898088,0.832907,0.083395,0.885708,0.423151
sitting-position-for-good-posture - Copy (2)_jpg.rf.0nkDWSeY0YrYylUfIaLS.jpg,good,0.584887,0.167804,0.999863,0.592832,0.148771,0.999901,0.595553,0.148469,0.999865,0.598676,0.148068,0.999925,0.58994,0.148307,0.999915,0.590554,0.147673,0.999872,0.59134,0.146961,0.999929,0.618155,0.155406,0.999846,0.609815,0.153435,0.999869,0.592438,0.186342,0.999899,0.588524,0.18527,0.999756,0.642054,0.260621,0.999831,0.625509,0.274164,0.998203,0.647054,0.427688,0.959787,0.624471,0.435203,0.024895,0.550114,0.429989,0.904182,0.581168,0.527302,0.017536,0.520751,0.436667,0.863314,0.572873,0.548889,0.025319,0.514264,0.421402,0.863647,0.56991,0.536944,0.025187,0.522241,0.417804,0.82371,0.573593,0.528726,0.028831,0.648731,0.534851,0.999441,0.637149,0.533633,0.998515,0.480453,0.574989,0.951919,0.498966,0.584669,0.383362,0.468132,0.796004,0.980912,0.572178,0.746579,0.499452,0.471229,0.830195,0.979124,0.593866,0.763963,0.615029,0.394545,0.837823,0.972804,0.535858,0.805992,0.555681
sipotion_1749658420718_slouch_0_86_jpg.rf.fgwvirW5wIMQYHn3DDIA.jpg,good,0.486449,0.242855,0.999265,0.494844,0.218735,0.999031,0.498798,0.217532,0.998919,0.502988,0.21625,0.999308,0.492446,0.218858,0.999209,0.494387,0.217751,0.999202,0.496815,0.216438,0.999457,0.540904,0.217627,0.999019,0.5355,0.217649,0.999073,0.505328,0.268648,0.999484,0.50233,0.268389,0.998968,0.602843,0.354587,0.999688,0.602904,0.344411,0.996695,0.589473,0.57071,0.965191,0.589195,0.528824,0.038365,0.470217,0.648594,0.887445,0.492188,0.601989,0.035619,0.444634,0.671668,0.846805,0.462699,0.628664,0.045232,0.440196,0.647028,0.841924,0.463136,0.611163,0.045092,0.449633,0.639579,0.814914,0.468149,0.605163,0.050745,0.614115,0.688568,0.997936,0.592079,0.653812,0.994949,0.364575,0.771401,0.916916,0.388804,0.726735,0.255108,0.226113,0.939945,0.82163,0.246419,0.912768,0.276014,0.254062,0.983064,0.812934,0.263716,0.96069,0.41721,0.122839,0.919884,0.819596,0.143969,0.897087,0.385683
posture(92)_jpg.rf.02H4eXTtQuQGi7dYQ07u.jpg,good,0.574992,0.123281,0.999115,0.592465,0.099225,0.9991,0.597237,0.098458,0.999053,0.602251,0.097611,0.999345,0.58927,0.098882,0.999129,0.591357,0.097906,0.999107,0.594359,0.096613,0.999504,0.637188,0.106001,0.998672,0.628774,0.103676,0.999488,0.588343,0.143281,0.998961,0.5829,0.143548,0.99809,0.661482,0.247139,0.998572,0.659029,0.24194,0.997778,0.583893,0.450629,0.938354,0.557596,0.407064,0.113896,0.438907,0.476417,0.854477,0.414947,0.447999,0.096136,0.381511,0.480594,0.828123,0.370393,0.455247,0.113706,0.37408,0.458483,0.824219,0.355888,0.444454,0.114606,0.403066,0.460558,0.799609,0.378476,0.445824,0.125473,0.623783,0.617307,0.996997,0.613588,0.590718,0.995838,0.298717,0.634953,0.933941,0.341522,0.627049,0.266876,0.35181,0.927166,0.927358,0.374249,0.897332,0.247429,0.384733,0.960753,0.945315,0.413256,0.937852,0.353311,0.225005,0.979974,0.898638,0.332893,0.978089,0.2859
posture(362)_jpg.rf.2dMskFLY7Y90COMjsEdB.jpg,good,0.391983,0.233032,0.998354,0.387495,0.213834,0.998155,0.385441,0.212689,0.998184,0.383059,0.211306,0.998715,0.386635,0.214077,0.99796,0.384359,0.213361,0.997871,0.381787,0.212426,0.998335,0.36126,0.209454,0.997861,0.361771,0.211004,0.997953,0.379763,0.244081,0.997215,0.378064,0.243874,0.998726,0.320659,0.288632,0.998722,0.32733,0.288185,0.999845,0.313367,0.426342,0.037002,0.346409,0.426443,0.976078,0.372261,0.458993,0.061677,0.439437,0.406494,0.924951,0.387993,0.46919,0.093798,0.463617,0.40991,0.906865,0.394027,0.457726,0.096142,0.465641,0.399,0.905678,0.387338,0.453336,0.097966,0.455339,0.395957,0.873643,0.3244,0.510867,0.995303,0.317624,0.524962,0.996293,0.462099,0.550324,0.231314,0.474523,0.556863,0.939427,0.440983,0.722397,0.374261,0.457099,0.753269,0.946045,0.420926,0.759327,0.502014,0.423128,0.782449,0.933588,0.4998,0.768194,0.52277,0.51094,0.79117,0.933294
posture(129)_jpg.rf.1Ds0leaAFoT8v4HVTAfq.jpg,bad,0.615717,0.363226,0.999848,0.615738,0.340521,0.999958,0.614264,0.339689,0.999949,0.61247,0.338703,0.999965,0.612144,0.338799,0.999945,0.608361,0.336942,0.999923,0.604014,0.334718,0.999954,0.581109,0.333467,0.999962,0.575682,0.330267,0.999948,0.598857,0.376958,0.999885,0.594607,0.374454,0.999925,0.512392,0.414552,0.999566,0.491482,0.399684,0.999943,0.489851,0.547524,0.034424,0.478067,0.555409,0.896031,0.576888,0.611431,0.031373,0.585168,0.601024,0.591931,0.596692,0.628483,0.036688,0.618572,0.619471,0.530645,0.604666,0.616522,0.037097,0.623866,0.608892,0.531053,0.600563,0.613147,0.040198,0.611221,0.603109,0.504034,0.443334,0.605826,0.999329,0.423638,0.611662,0.999511,0.675616,0.679242,0.26232,0.679035,0.652761,0.935225,0.747133,0.853854,0.271792,0.750536,0.867216,0.888574,0.728135,0.898304,0.32603,0.727305,0.908834,0.856465,0.834737,0.884627,0.327991,0.840903,0.89777,0.849241
posture(510)_jpg.rf.099ODhWLof8VZseBzT88.jpg,good,0.343721,0.132299,0.999799,0.33748,0.114309,0.999579,0.33764,0.114333,0.999423,0.33754,0.11445,0.999572,0.331227,0.113072,0.999703,0.326931,0.112318,0.999661,0.322635,0.111763,0.99977,0.321126,0.121162,0.998917,0.299386,0.119277,0.999653,0.340715,0.150745,0.999118,0.333983,0.148607,0.999719,0.306416,0.234957,0.99796,0.263676,0.223957,0.999891,0.323787,0.386765,0.049366,0.280107,0.392039,0.970176,0.402577,0.451561,0.058747,0.386302,0.433417,0.832439,0.414621,0.462182,0.076835,0.418476,0.443213,0.775055,0.426445,0.465154,0.078315,0.42753,0.431967,0.772967,0.414467,0.455616,0.079541,0.415942,0.427894,0.732671,0.346007,0.49342,0.986879,0.321353,0.506872,0.990921,0.4946,0.603985,0.255867,0.504934,0.610571,0.911118,0.4805,0.823215,0.284442,0.498126,0.844796,0.860066,0.448793,0.852006,0.360584,0.460829,0.877443,0.770114,0.550658,0.895288,0.353864,0.572149,0.917891,0.819047
posture(969)_jpg.rf.1BnwiKolPIsIzdUmDHTh.jpg,bad,0.333503,0.232511,0.998062,0.335002,0.200394,0.998938,0.339887,0.197403,0.998677,0.346036,0.194119,0.999191,0.331589,0.20293,0.999102,0.333758,0.201757,0.998923,0.336651,0.200451,0.999334,0.385254,0.190151,0.997703,0.372728,0.194708,0.99887,0.366631,0.246358,0.997132,0.362937,0.248124,0.997276,0.470958,0.295096,0.99843,0.481486,0.266301,0.994665,0.477409,0.502777,0.689108,0.474782,0.47103,0.016364,0.308527,0.545288,0.246118,0.341297,0.492554,0.017255,0.27104,0.573469,0.215842,0.320962,0.500156,0.030689,0.275005,0.54015,0.207342,0.308535,0.491129,0.029539,0.28148,0.537668,0.212168,0.315587,0.505056,0.032743,0.62311,0.601551,0.998555,0.63595,0.570047,0.997307,0.218144,0.613688,0.91794,0.293615,0.547475,0.161995,0.348806,0.890883,0.912778,0.373841,0.876595,0.255093,0.411208,0.922534,0.884389,0.428387,0.909658,0.326602,0.241104,0.969391,0.858822,0.261575,0.954238,0.31683
posture(280)_jpg.rf.2pdssbHRuuXz2ExOXdPU.jpg,bad,0.780366,0.37148,0.999967,0.782162,0.333288,0.999978,0.778132,0.326567,0.999968,0.773711,0.319875,0.999977,0.781329,0.343227,0.999981,0.777458,0.343872,0.999978,0.773271,0.344417,0.999985,0.72356,0.297164,0.999982,0.727188,0.325272,0.999976,0.744717,0.380752,0.999962,0.741499,0.390284,0.999965,0.570334,0.325197,0.99895,0.594334,0.474347,0.99961,0.674751,0.43057,0.091347,0.664886,0.638526,0.904978,0.766885,0.421083,0.087892,0.743043,0.471705,0.608954,0.791318,0.410526,0.113596,0.791701,0.471763,0.533813,0.791169,0.415933,0.124225,0.776334,0.433149,0.553692,0.774596,0.422605,0.120793,0.757689,0.440034,0.57611,0.212078,0.631167,0.999776,0.21751,0.726521,0.999866,0.545772,0.632758,0.244215,0.624681,0.754299,0.958797,0.39757,0.821382,0.184062,0.425668,0.88775,0.891714,0.33817,0.833933,0.212272,0.373834,0.892822,0.859595,0.418892,0.884108,0.291001,0.505966,0.922296,0.882235
posture(593)_jpg.rf.3HXDmZICZCblCxITNkMR.jpg,good,0.556283,0.205903,0.996943,0.570892,0.186623,0.996311,0.577985,0.187362,0.996655,0.585616,0.188106,0.997232,0.564534,0.184712,0.995987,0.56575,0.184252,0.996302,0.567666,0.183625,0.997512,0.630373,0.204067,0.994344,0.609011,0.196073,0.998006,0.573921,0.23471,0.997145,0.565763,0.231999,0.994436,0.677398,0.346276,0.993421,0.637703,0.313445,0.993312,0.480182,0.466145,0.971616,0.484528,0.421771,0.320357,0.289052,0.464652,0.964806,0.332266,0.433742,0.31268,0.238104,0.460009,0.958677,0.297413,0.43094,0.361853,0.23489,0.43869,0.958798,0.281328,0.424811,0.373253,0.252488,0.436946,0.950079,0.299509,0.426993,0.393423,0.693856,0.683412,0.996712,0.654025,0.635106,0.993103,0.354621,0.721262,0.913797,0.382491,0.687034,0.301307,0.430934,0.920778,0.74678,0.450184,0.882445,0.1579,0.476445,0.946502,0.803386,0.485296,0.904496,0.217339,0.341997,0.966375,0.660573,0.402387,0.948005,0.216102
posture(199)_jpg.rf.43C7igZIyk4CsNM6WPQi.jpg,bad,0.35507,0.607492,0.99759,0.333885,0.591798,0.998391,0.334231,0.585937,0.998333,0.334695,0.579869,0.998553,0.334006,0.599377,0.998814,0.333912,0.598377,0.99868,0.33383,0.597124,0.998747,0.344634,0.553233,0.997217,0.342006,0.563141,0.998407,0.377027,0.59266,0.995951,0.376224,0.598334,0.995916,0.457838,0.544943,0.997765,0.41156,0.49709,0.997878,0.550146,0.677706,0.534284,0.523444,0.559903,0.020032,0.523964,0.688796,0.362816,0.591213,0.625706,0.032681,0.523648,0.691296,0.351881,0.612999,0.637704,0.060592,0.518942,0.678054,0.348085,0.615007,0.636667,0.061532,0.519548,0.672614,0.378416,0.61046,0.633364,0.072143,0.68574,0.407754,0.999177,0.654835,0.383062,0.999294,0.617766,0.654493,0.933021,0.61618,0.601674,0.188957,0.8158,0.686529,0.94709,0.836985,0.638371,0.465729,0.863301,0.664938,0.907572,0.880264,0.61401,0.487733,0.829185,0.781834,0.919025,0.872733,0.713032,0.51757
posture(199)_jpg.rf.MG40JzlPXqHyoCLnSt3P.jpg,bad,0.38147,0.353075,0.99886,0.397443,0.332049,0.999289,0.403267,0.332014,0.999255,0.409426,0.332229,0.999373,0.390951,0.331761,0.9995,0.39208,0.331404,0.999436,0.393833,0.331012,0.999468,0.439711,0.34313,0.998702,0.426794,0.337965,0.999341,0.395753,0.374077,0.997653,0.390034,0.373548,0.998162,0.444615,0.450864,0.998413,0.480242,0.40997,0.99823,0.325788,0.555653,0.565146,0.405521,0.514682,0.023681,0.314806,0.527038,0.325916,0.34745,0.575904,0.03492,0.313028,0.524628,0.321707,0.322114,0.587951,0.059976,0.326713,0.519585,0.318776,0.326782,0.584825,0.061445,0.330772,0.52093,0.349877,0.336045,0.577376,0.070593,0.602754,0.672975,0.999406,0.601666,0.631772,0.999406,0.353414,0.637616,0.919689,0.371319,0.609405,0.123507,0.325002,0.841993,0.94231,0.347492,0.822296,0.356131,0.347837,0.885979,0.906968,0.367169,0.85307,0.39089,0.220411,0.880553,0.920632,0.274536,0.861294,0.417869
posture(364)_jpg.rf.O4w8wJZw2U8U4jVIUcCm.jpg,good,0.610786,0.203223,0.999077,0.617827,0.19065,0.999342,0.62023,0.1905,0.99931,0.622464,0.190333,0.999499,0.616796,0.190584,0.998991,0.618313,0.190364,0.998874,0.619853,0.190025,0.999275,0.641346,0.196331,0.999499,0.640567,0.194765,0.999094,0.619327,0.218904,0.999512,0.617516,0.219627,0.998722,0.664182,0.283978,0.999976,0.668961,0.285529,0.999666,0.635201,0.403356,0.984774,0.654713,0.403573,0.026745,0.531768,0.396909,0.972538,0.610044,0.443142,0.049212,0.507897,0.408166,0.960057,0.601128,0.451247,0.076341,0.503351,0.397794,0.959017,0.597069,0.444272,0.076741,0.512888,0.393814,0.926021,0.59882,0.441582,0.084779,0.665649,0.512221,0.999915,0.661028,0.506964,0.999787,0.531391,0.574281,0.987648,0.548699,0.573171,0.526605,0.627585,0.703932,0.992435,0.634731,0.697959,0.77035,0.656719,0.705871,0.980363,0.661954,0.706152,0.811967,0.610673,0.785864,0.991038,0.622769,0.754908,0.833712
posture(254)_jpg.rf.NKJClcWQRr6OB9mlEbNq.jpg,bad,0.37989,0.243927,0.996026,0.409628,0.20813,0.99812,0.417824,0.208195,0.998479,0.427091,0.20833,0.998729,0.402204,0.207094,0.996411,0.404296,0.206529,0.996063,0.407062,0.20616,0.996029,0.476092,0.222843,0.998147,0.457599,0.219599,0.996484,0.399588,0.27837,0.997021,0.391885,0.276598,0.994609,0.511272,0.373222,0.996525,0.532552,0.352493,0.96236,0.23372,0.514261,0.974399,0.379575,0.485061,0.131635,0.046904,0.445767,0.823669,0.220355,0.494545,0.188443,0.026076,0.441424,0.781231,0.190202,0.496654,0.23471,0.036659,0.414378,0.788708,0.182056,0.487781,0.263556,0.052448,0.437133,0.766041,0.197599,0.49252,0.273708,0.58144,0.714339,0.972515,0.576239,0.673754,0.933426,0.262338,0.822424,0.798585,0.304445,0.759133,0.327612,0.205843,1.12052,0.457991,0.315625,1.013125,0.233162,0.234759,1.172037,0.428329,0.343488,1.058428,0.379298,0.083642,1.177618,0.342956,0.243594,1.082445,0.262103
posture(62)_jpg.rf.PuaH9sSCNtJMAlko4AwM.jpg,bad,0.538243,0.452961,0.999129,0.54602,0.43833,0.99961,0.545089,0.437335,0.999632,0.543793,0.436048,0.999626,0.543713,0.436136,0.999433,0.541624,0.433892,0.999398,0.53904,0.431209,0.999381,0.519338,0.421899,0.999667,0.512903,0.416631,0.999258,0.520828,0.458313,0.99967,0.518072,0.455699,0.999636,0.443876,0.469303,0.99926,0.419409,0.455373,0.999718,0.433844,0.589093,0.053874,0.395872,0.581415,0.952609,0.478494,0.65336,0.052087,0.51725,0.592707,0.855172,0.489744,0.674241,0.066989,0.543204,0.601381,0.805113,0.495444,0.665292,0.06927,0.551032,0.584948,0.798105,0.488461,0.657368,0.072479,0.54096,0.582886,0.764446,0.330493,0.614518,0.999271,0.298867,0.614109,0.999009,0.522502,0.658867,0.203005,0.513348,0.635793,0.953422,0.563082,0.817383,0.402993,0.558224,0.83004,0.972229,0.544951,0.849306,0.504995,0.533278,0.862593,0.968007,0.63463,0.842679,0.477982,0.645726,0.853812,0.957704
posture(399)_jpg.rf.51isJVQojXPtuQ4wXHCL.jpg,good,0.645157,0.308612,0.999169,0.652687,0.291675,0.999251,0.655902,0.290824,0.999216,0.659376,0.289975,0.999568,0.650636,0.291815,0.998959,0.652334,0.290993,0.998721,0.654237,0.289987,0.999269,0.68766,0.294463,0.998964,0.680097,0.292535,0.998994,0.656965,0.322015,0.999358,0.653901,0.321249,0.998339,0.720855,0.383048,0.999924,0.707932,0.381035,0.995167,0.606828,0.471665,0.990344,0.614486,0.461882,0.044084,0.45416,0.491136,0.98588,0.526162,0.527997,0.042939,0.417492,0.492886,0.980788,0.515154,0.528038,0.065515,0.412832,0.487199,0.979046,0.507664,0.525822,0.063638,0.425064,0.487497,0.965779,0.510603,0.527414,0.060675,0.722874,0.597299,0.999158,0.71362,0.588721,0.994214,0.484199,0.593437,0.895167,0.490742,0.595626,0.127376,0.479395,0.772088,0.932614,0.475805,0.759489,0.114847,0.498434,0.803431,0.86518,0.493577,0.786699,0.199243,0.392684,0.826146,0.887942,0.422924,0.816605,0.183538
posture(777)_jpg.rf.5AoBLEO1VnrV7i3huifW.jpg,good,0.526534,0.2605,0.999682,0.514647,0.234195,0.99973,0.512893,0.233888,0.999703,0.510623,0.233642,0.999829,0.509584,0.233024,0.999658,0.504795,0.2322,0.999523,0.499208,0.231391,0.999709,0.479538,0.24011,0.99986,0.467693,0.238524,0.9996,0.518569,0.280982,0.999521,0.512027,0.278369,0.999659,0.427761,0.347598,0.998987,0.436065,0.34168,0.999824,0.463905,0.549428,0.059024,0.489998,0.527814,0.963923,0.579406,0.646201,0.048138,0.692631,0.523751,0.824096,0.61133,0.666906,0.068419,0.749442,0.530068,0.770756,0.615967,0.659135,0.067532,0.762871,0.515506,0.771398,0.60078,0.65272,0.070753,0.740175,0.51649,0.749088,0.410444,0.649591,0.993663,0.450673,0.661174,0.997496,0.648546,0.662068,0.154034,0.769592,0.696052,0.928304,0.616859,0.863429,0.115031,0.74104,0.962583,0.844773,0.5811,0.885196,0.190302,0.699943,0.976276,0.836925,0.668986,0.928337,0.14893,0.840186,0.994063,0.752559
posture(808)_jpg.rf.3Ng1pPQKyxyTGC6fPbOo.jpg,good,0.58879,0.357606,0.998053,0.575326,0.333309,0.998372,0.573434,0.332506,0.998447,0.571139,0.331673,0.999037,0.570648,0.332443,0.998014,0.565476,0.331213,0.997735,0.55975,0.330053,0.998381,0.537815,0.33654,0.999396,0.52746,0.336006,0.997877,0.579955,0.378846,0.996679,0.574562,0.378237,0.997396,0.473707,0.433678,0.998067,0.516577,0.440498,0.999226,0.547538,0.588391,0.033778,0.630786,0.583536,0.943761,0.642209,0.645674,0.021926,0.813165,0.585895,0.837375,0.657607,0.650443,0.031311,0.860745,0.588984,0.799343,0.666248,0.638748,0.029441,0.866648,0.570754,0.793407,0.660442,0.638858,0.030672,0.844976,0.572925,0.751767,0.476177,0.706904,0.993333,0.489409,0.717506,0.994923,0.69589,0.742195,0.072515,0.77142,0.743487,0.682727,0.686011,0.920657,0.086109,0.714514,0.943804,0.557963,0.647758,0.932184,0.176987,0.676413,0.956956,0.64071,0.743757,0.980025,0.112313,0.788445,1.012455,0.488439
posture(616)_jpg.rf.Y7CbAEjEFaRRPyTvpIwf.jpg,good,0.563693,0.257121,0.999702,0.576805,0.241319,0.999787,0.581429,0.241053,0.999793,0.586192,0.240611,0.999884,0.571857,0.240794,0.999636,0.572505,0.240264,0.999533,0.573545,0.239594,0.999721,0.615402,0.247349,0.999816,0.6034,0.246139,0.999624,0.576281,0.277665,0.9998,0.569906,0.276762,0.999152,0.65223,0.354487,0.999988,0.614231,0.356557,0.99824,0.610433,0.530265,0.995554,0.533692,0.504892,0.165868,0.449144,0.563361,0.993992,0.433044,0.547806,0.226486,0.412991,0.59715,0.987991,0.402961,0.562599,0.221406,0.401927,0.580434,0.987961,0.407627,0.556797,0.223962,0.412503,0.564517,0.978798,0.414128,0.547164,0.22939,0.554539,0.619194,0.999911,0.522038,0.596867,0.99962,0.288214,0.663884,0.966477,0.29436,0.641902,0.58458,0.300777,0.867436,0.984893,0.331675,0.821678,0.509879,0.321729,0.909646,0.965517,0.398008,0.869784,0.596312,0.179025,0.907595,0.978805,0.303683,0.914552,0.560131
e25b7f05698b5236f71476766c37a1f9 - Copy_jpg.rf.ZZ8tgBDAo6EgVUswg9BQ.jpg,good,0.360276,0.113447,0.999753,0.344734,0.093026,0.999448,0.343241,0.092589,0.999357,0.34112,0.091972,0.999589,0.337495,0.09373,0.999571,0.32975,0.093841,0.999528,0.320864,0.093852,0.999636,0.297425,0.098972,0.999455,0.274177,0.102488,0.999543,0.348525,0.134309,0.999637,0.340549,0.133602,0.999818,0.263372,0.222001,0.999065,0.208552,0.218573,0.999915,0.337996,0.362745,0.180806,0.332374,0.359065,0.994707,0.559659,0.373834,0.278573,0.579867,0.365779,0.992008,0.621276,0.378598,0.32247,0.65043,0.367687,0.987169,0.633514,0.363236,0.329525,0.66454,0.354836,0.986111,0.600005,0.364728,0.327968,0.634347,0.354409,0.97567,0.311393,0.483414,0.983415,0.250896,0.496765,0.989475,0.574056,0.592878,0.383561,0.562908,0.63198,0.963706,0.503383,0.766836,0.438184,0.475047,0.876197,0.97053,0.44058,0.790224,0.525618,0.414885,0.905296,0.950731,0.617091,0.83234,0.521923,0.635776,0.949694,0.940458
sipotion_1749658319239_slouch_0_84_jpg.rf.0QTI0wcQ0lvO5q5pRlFs.jpg,bad,0.289138,0.32131,0.998481,0.305866,0.282007,0.998762,0.312104,0.282019,0.998752,0.318257,0.282176,0.998948,0.302294,0.279842,0.998723,0.305945,0.278414,0.998665,0.310064,0.276811,0.998825,0.369381,0.299063,0.99876,0.361899,0.293045,0.999248,0.31142,0.363383,0.999195,0.307189,0.360797,0.998857,0.436294,0.514855,0.996548,0.469061,0.449592,0.996293,0.367175,0.847157,0.845347,0.3816,0.643587,0.086107,0.229834,0.91714,0.59519,0.226034,0.603596,0.122505,0.214408,0.924011,0.550353,0.192905,0.596216,0.156436,0.220083,0.889197,0.567265,0.172123,0.591009,0.165449,0.232678,0.879363,0.563747,0.209119,0.619828,0.174364,0.516457,1.026662,0.900166,0.495435,0.947557,0.881718,0.21047,1.004788,0.75278,0.195006,0.865275,0.350569,0.191821,1.251235,0.244943,0.192663,1.191077,0.074777,0.228732,1.308313,0.213139,0.224081,1.251375,0.138451,0.040605,1.246658,0.174572,0.066422,1.240426,0.08495
posture(281)_jpg.rf.oC5FkxNC3z35SRvElbvC.jpg,bad,0.297457,0.378591,0.998474,0.285056,0.352944,0.999439,0.287036,0.353289,0.99943,0.288912,0.35397,0.999547,0.284326,0.345612,0.999117,0.287195,0.33889,0.998959,0.289097,0.334252,0.999128,0.319784,0.34391,0.999256,0.324097,0.308978,0.999484,0.330789,0.393195,0.998972,0.332512,0.386909,0.999181,0.431518,0.458872,0.999166,0.482291,0.311935,0.998251,0.217309,0.567616,0.614578,0.404552,0.439304,0.046915,0.246116,0.452751,0.722854,0.293573,0.477937,0.164901,0.246251,0.422108,0.767492,0.267541,0.47198,0.27945,0.258008,0.405084,0.77448,0.261112,0.469887,0.314007,0.259092,0.408313,0.799409,0.281471,0.479331,0.322923,0.765101,0.702244,0.999852,0.760331,0.60043,0.999759,0.417144,0.719929,0.711991,0.497799,0.542239,0.080645,0.579468,0.829898,0.292751,0.59541,0.748161,0.10462,0.621764,0.844564,0.319141,0.648309,0.766807,0.200235,0.494727,0.901152,0.274292,0.53106,0.82064,0.167323
posture(631)_jpg.rf.AeqVJbgpdhSAid0wQgyP.jpg,bad,0.572642,0.342448,0.999809,0.575719,0.3012,0.99976,0.575018,0.297704,0.999773,0.574055,0.293733,0.999807,0.570129,0.299449,0.99973,0.565149,0.294634,0.999678,0.559863,0.289384,0.999692,0.53406,0.274127,0.999858,0.5146,0.26962,0.999733,0.549848,0.362608,0.999709,0.543196,0.359642,0.999788,0.375335,0.366242,0.999603,0.345191,0.38434,0.999823,0.324047,0.625442,0.179565,0.276151,0.723505,0.955168,0.476695,0.58819,0.383895,0.4908,0.614531,0.914072,0.524038,0.605946,0.419531,0.56113,0.622187,0.86819,0.555647,0.568175,0.425823,0.57072,0.576215,0.870436,0.531855,0.553889,0.388432,0.547842,0.568807,0.836178,0.219773,0.780051,0.980092,0.177023,0.845833,0.982139,0.522544,0.850461,0.288918,0.490927,1.002077,0.842378,0.314789,1.02387,0.091986,0.289481,1.130694,0.408278,0.252235,1.029183,0.132566,0.22069,1.12185,0.533719,0.351644,1.141081,0.115135,0.344659,1.243488,0.432355
images - Copy (2)_jpg.rf.CaBUXiVDQYG8dcQfVkQV.jpg,good,0.513824,0.306227,0.998178,0.523135,0.275325,0.999197,0.526556,0.274916,0.999439,0.531101,0.274166,0.999497,0.519155,0.272606,0.998758,0.519928,0.270584,0.99874,0.520761,0.268163,0.998821,0.569356,0.278352,0.999764,0.558767,0.271968,0.999432,0.527155,0.338575,0.99922,0.521333,0.336903,0.998102,0.610831,0.493203,0.99851,0.592335,0.421137,0.988745,0.57968,0.8157,0.990518,0.571185,0.647942,0.047903,0.41438,0.798591,0.993431,0.46472,0.676269,0.058505,0.374959,0.79992,0.988987,0.446886,0.650481,0.069275,0.367841,0.77141,0.989198,0.431884,0.647061,0.073775,0.38152,0.764624,0.979887,0.416202,0.705354,0.080122,0.651281,0.874117,0.973232,0.619094,0.830218,0.94439,0.539358,1.004747,0.753037,0.560388,1.003822,0.373461,0.582694,1.262929,0.301822,0.62021,1.279609,0.186207,0.608871,1.298358,0.416764,0.645276,1.319059,0.277586,0.521684,1.340221,0.270017,0.581262,1.372295,0.20345
posture(253)_jpg.rf.zrZwjMZ0aBWDsgBUq1oi.jpg,bad,0.372031,0.213096,0.993791,0.406154,0.176585,0.997466,0.414722,0.176762,0.997896,0.424173,0.177134,0.998349,0.400266,0.175486,0.995107,0.403868,0.174885,0.994416,0.408107,0.174238,0.994854,0.477686,0.195772,0.997773,0.458142,0.19139,0.995826,0.390474,0.248574,0.994391,0.38436,0.246157,0.990903,0.495747,0.349026,0.996283,0.518204,0.329005,0.968455,0.162381,0.476609,0.961334,0.332759,0.465837,0.162952,0.041591,0.412595,0.690335,0.12438,0.447502,0.236114,0.00878,0.411308,0.632479,0.152002,0.459315,0.269988,0.029009,0.379749,0.637105,0.145127,0.444231,0.296796,0.039734,0.386727,0.621367,0.1334,0.44516,0.298716,0.564766,0.743932,0.967661,0.568693,0.707146,0.939208,0.213307,0.828447,0.793461,0.301612,0.785586,0.292682,0.238841,1.188156,0.337013,0.318038,1.087958,0.170077,0.277257,1.244739,0.301201,0.350733,1.14271,0.301545,0.107572,1.25617,0.237656,0.226597,1.168535,0.203134
64728be89f9d6d4acac08119e5c062e6 - Copy_jpg.rf.9D1hoW5flAbFm7b0Avtw.jpg,bad,0.442443,0.178112,0.987854,0.439885,0.14923,0.984719,0.439083,0.147783,0.983435,0.43806,0.146041,0.990681,0.436868,0.148823,0.983964,0.434173,0.147299,0.980048,0.430901,0.145013,0.985423,0.417215,0.14409,0.996094,0.410631,0.143705,0.985368,0.435495,0.2057,0.987467,0.431568,0.202924,0.988888,0.388033,0.316444,0.982807,0.349397,0.281225,0.992008,0.422805,0.453426,0.173457,0.400306,0.480683,0.971155,0.50353,0.473982,0.277967,0.498413,0.470519,0.947906,0.53366,0.478447,0.361521,0.524618,0.48115,0.918255,0.539458,0.457096,0.373038,0.526592,0.446265,0.914014,0.524682,0.449968,0.376824,0.519289,0.436126,0.888793,0.32417,0.693604,0.947672,0.300411,0.730104,0.96387,0.449548,0.738087,0.120554,0.444411,0.867381,0.91513,0.394503,0.932455,0.036137,0.39902,1.032356,0.448667,0.368809,0.949784,0.055009,0.369214,1.041618,0.618244,0.421656,1.022437,0.044977,0.438838,1.132107,0.315519
posture(590)_jpg.rf.ynRkgM8ElcJEFXba7fOS.jpg,bad,0.518771,0.345086,0.992692,0.529158,0.320586,0.992142,0.528771,0.319487,0.991612,0.528361,0.318071,0.994782,0.522935,0.314273,0.991865,0.518121,0.308954,0.989249,0.512873,0.302887,0.990015,0.495807,0.296171,0.996325,0.481303,0.284291,0.9894,0.497887,0.352624,0.9925,0.489993,0.347599,0.991105,0.42086,0.377442,0.996216,0.336871,0.322771,0.98711,0.559821,0.473762,0.255554,0.464387,0.510819,0.685099,0.752949,0.463603,0.28993,0.632652,0.468946,0.505061,0.802938,0.452312,0.285291,0.685302,0.474273,0.389153,0.837424,0.437612,0.286579,0.680057,0.447459,0.371926,0.804973,0.439222,0.310707,0.673297,0.444617,0.35098,0.254408,0.601684,0.971752,0.193867,0.614343,0.955506,0.436526,0.67655,0.178545,0.337639,0.740418,0.566601,0.324456,0.757204,0.028425,0.205704,0.840014,0.133745,0.288775,0.759186,0.038247,0.160677,0.833478,0.155082,0.354052,0.813139,0.031843,0.254743,0.928558,0.115813
sipotion_1749660914798_leaning_forward_0_92_jpg.rf.1TRqLcrX4YoF2atiYSIT.jpg,bad,0.743236,0.281519,0.999857,0.743274,0.240803,0.999868,0.739714,0.236446,0.999829,0.735367,0.23239,0.999881,0.745265,0.244458,0.999884,0.74353,0.242636,0.99983,0.741308,0.241131,0.999888,0.689542,0.217204,0.999923,0.706749,0.234005,0.999857,0.713943,0.295784,0.99982,0.714249,0.298984,0.999808,0.539066,0.30265,0.999648,0.599742,0.359437,0.999819,0.618813,0.52297,0.051971,0.713664,0.600893,0.808314,0.721594,0.617768,0.092412,0.803237,0.695311,0.617335,0.74345,0.634499,0.122887,0.831746,0.714706,0.582553,0.753988,0.626374,0.126471,0.833489,0.688615,0.584761,0.743724,0.628743,0.117715,0.813938,0.683645,0.543868,0.361593,0.705954,0.999281,0.334497,0.789639,0.999317,0.696679,0.702442,0.307853,0.729521,0.87141,0.886008,0.708364,0.937702,0.195615,0.681812,0.986674,0.366127,0.672634,0.966879,0.198574,0.649506,0.983844,0.32047,0.795003,1.00485,0.241467,0.742459,1.053918,0.374828
posture(224)_jpg.rf.ynZXbE27vegpbPLFOx96.jpg,bad,0.526408,0.336708,0.997975,0.541936,0.306634,0.998305,0.548442,0.304636,0.998145,0.552173,0.305725,0.998717,0.539733,0.30339,0.997781,0.544748,0.298807,0.997688,0.546948,0.297292,0.998499,0.582546,0.312759,0.998579,0.577514,0.302129,0.999162,0.537912,0.362017,0.999326,0.532562,0.361915,0.99875,0.648908,0.447063,0.999335,0.625707,0.408984,0.998684,0.630238,0.67176,0.947575,0.586227,0.581828,0.154224,0.449602,0.725443,0.982099,0.473558,0.64666,0.337961,0.401338,0.739095,0.977459,0.449001,0.638799,0.365692,0.391687,0.714375,0.978323,0.430355,0.635593,0.381149,0.400912,0.707366,0.964654,0.440951,0.642769,0.372253,0.756278,0.750093,0.997656,0.735796,0.703818,0.994958,0.626944,0.820469,0.871482,0.634014,0.797661,0.440889,0.601916,0.837456,0.446125,0.634575,0.894256,0.214102,0.611057,0.848666,0.480091,0.650369,0.913042,0.32971,0.538629,0.808198,0.338313,0.574312,0.912336,0.268896
posture(627)_jpg.rf.GxYgJGhMhCdm69izFKnf.jpg,bad,0.57723,0.355974,0.999632,0.58043,0.312051,0.999592,0.578504,0.308379,0.999676,0.576339,0.304131,0.999693,0.575305,0.309901,0.9995,0.569646,0.304745,0.999421,0.563525,0.298931,0.999372,0.532306,0.284992,0.999834,0.513852,0.279465,0.999654,0.546454,0.37817,0.99967,0.538316,0.376238,0.999728,0.394917,0.409827,0.999732,0.312172,0.381231,0.999754,0.348743,0.709395,0.461635,0.231216,0.781104,0.963359,0.507433,0.622284,0.751943,0.473836,0.666153,0.939944,0.563678,0.638826,0.758915,0.553415,0.664135,0.906631,0.595785,0.583245,0.759247,0.56529,0.616806,0.906088,0.5561,0.581376,0.718928,0.534313,0.609763,0.878454,0.234769,0.827874,0.973769,0.149662,0.871951,0.973685,0.585785,0.938165,0.448342,0.45701,1.030778,0.919672,0.362746,1.100087,0.096815,0.344274,1.206281,0.432401,0.29843,1.1022,0.134394,0.284911,1.20037,0.591234,0.388847,1.223929,0.100815,0.423899,1.344447,0.41772
posture(325)_jpg.rf.zKIKAObwtB5b2BpdgOVo.jpg,bad,0.494624,0.289508,0.999421,0.496067,0.253638,0.99944,0.493584,0.251709,0.999542,0.490371,0.249421,0.999503,0.491234,0.254063,0.99924,0.4855,0.252256,0.999253,0.478655,0.24985,0.999022,0.441844,0.243201,0.999602,0.425842,0.241323,0.999424,0.4678,0.313563,0.9996,0.460106,0.312432,0.999554,0.364248,0.363536,0.999605,0.278881,0.39749,0.999758,0.407665,0.586578,0.376479,0.33236,0.681387,0.956671,0.502517,0.538106,0.87235,0.493978,0.550055,0.978945,0.553142,0.534348,0.833403,0.547263,0.545997,0.969186,0.562262,0.516915,0.834464,0.542291,0.506345,0.969506,0.534606,0.522416,0.828176,0.525053,0.507408,0.957624,0.335958,0.721828,0.790991,0.286689,0.791189,0.893415,0.386561,0.913386,0.041686,0.321943,0.982193,0.525395,0.382155,1.0917,0.014644,0.323577,1.171634,0.263951,0.358178,1.121907,0.024119,0.294819,1.202946,0.309119,0.482453,1.139945,0.118915,0.431613,1.215494,0.245601
posture(99)_jpg.rf.GcOf1880zyV1gMlw6tGd.jpg,good,0.585561,0.228612,0.999909,0.608204,0.195954,0.999868,0.61823,0.195146,0.999881,0.627986,0.194707,0.99987,0.590074,0.195505,0.999886,0.587224,0.193931,0.999858,0.584584,0.192521,0.999818,0.660931,0.205823,0.999926,0.605749,0.203239,0.99987,0.608698,0.26387,0.99992,0.586663,0.262196,0.999827,0.706767,0.396766,0.999366,0.6105,0.386992,0.998845,0.623515,0.648155,0.989493,0.537532,0.583076,0.239343,0.427834,0.587406,0.976402,0.376871,0.5884,0.462974,0.359996,0.600867,0.954888,0.314397,0.603907,0.481437,0.361025,0.568402,0.957408,0.300114,0.578687,0.501598,0.378237,0.565398,0.949931,0.328333,0.574833,0.520144,0.662096,0.87473,0.946034,0.608084,0.827578,0.938723,0.537308,1.089749,0.797126,0.497687,1.063594,0.364428,0.560816,1.360772,0.25994,0.516737,1.33587,0.099936,0.600321,1.40144,0.450249,0.541833,1.38507,0.258854,0.472865,1.449762,0.151958,0.420709,1.407607,0.059859
sipotion_1749658638019_good_posture_0_45_jpg.rf.GGebyQ4oaZx30lEJ0Lsz.jpg,good,0.478792,0.398187,0.999771,0.4938,0.367927,0.999809,0.498275,0.368001,0.999856,0.501891,0.368003,0.999826,0.487301,0.364882,0.999732,0.487622,0.362766,0.999754,0.487702,0.360362,0.999773,0.541356,0.374935,0.999854,0.516584,0.365975,0.999935,0.496996,0.423555,0.99978,0.491089,0.421614,0.999783,0.571246,0.513226,0.999711,0.577983,0.466401,0.999796,0.454224,0.632834,0.97798,0.49123,0.62174,0.239627,0.455544,0.453112,0.956038,0.395717,0.710942,0.274907,0.450452,0.408401,0.929354,0.374861,0.752514,0.293132,0.474143,0.395576,0.935836,0.377498,0.755869,0.307407,0.479865,0.410735,0.929531,0.392041,0.736333,0.308378,0.549985,0.847529,0.996784,0.568224,0.800613,0.997113,0.305065,0.874291,0.831447,0.357593,0.852373,0.379108,0.360046,0.983219,0.264579,0.41262,1.005763,0.094197,0.393304,1.002688,0.326711,0.438238,1.028546,0.148878,0.288398,0.992331,0.254306,0.361248,1.044557,0.103718
posture(140)_jpg.rf.UWZQf1WOTwNQdO9AWhJW.jpg,bad,0.554603,0.351148,0.9888,0.571018,0.335481,0.99043,0.576179,0.335914,0.990727,0.583638,0.336798,0.991922,0.56494,0.333443,0.98467,0.565555,0.332507,0.98171,0.566425,0.331503,0.987128,0.61858,0.347564,0.992882,0.595387,0.339492,0.988689,0.565079,0.37087,0.993975,0.557105,0.366248,0.988321,0.616714,0.430912,0.999292,0.60945,0.393077,0.998885,0.421731,0.469212,0.97395,0.52408,0.478672,0.097119,0.242019,0.495553,0.855756,0.448143,0.500889,0.065429,0.186847,0.498369,0.811919,0.440228,0.508418,0.099176,0.178635,0.489311,0.824935,0.437736,0.494525,0.10441,0.208894,0.468357,0.78854,0.440904,0.496745,0.108841,0.491736,0.654305,0.991517,0.467894,0.607667,0.989219,0.405913,0.793954,0.469409,0.251269,0.686277,0.476417,0.453565,0.947878,0.360803,0.196409,0.852433,0.235927,0.471758,0.967391,0.41966,0.213131,0.876791,0.200083,0.438908,1.010105,0.28612,0.14063,0.92271,0.128564
posture(260)_jpg.rf.IVSvqdXiGSLiJIhYeftM.jpg,good,0.453292,0.260661,0.999081,0.470101,0.230734,0.999552,0.475421,0.230477,0.999572,0.481128,0.230657,0.999687,0.467503,0.228346,0.999343,0.470926,0.226266,0.999178,0.474619,0.224429,0.99951,0.527713,0.245589,0.99951,0.518348,0.236332,0.999698,0.467727,0.291896,0.999457,0.463303,0.289413,0.999349,0.562891,0.407954,0.997927,0.595745,0.371179,0.999104,0.341164,0.519523,0.914648,0.349389,0.503395,0.57821,0.317593,0.398112,0.918166,0.17709,0.513821,0.637969,0.311835,0.36169,0.918682,0.122706,0.508438,0.660902,0.334793,0.35252,0.918591,0.115056,0.506798,0.688617,0.338849,0.368341,0.919937,0.130977,0.510223,0.699682,0.679274,0.82017,0.997255,0.698613,0.772159,0.997595,0.322237,0.864412,0.859369,0.461244,0.850109,0.243254,0.374975,1.080363,0.333862,0.542304,1.043898,0.08293,0.419865,1.106466,0.458457,0.579843,1.071947,0.135756,0.290818,1.146204,0.271161,0.486141,1.095489,0.103428
sipotion_1749660918279_leaning_forward_0_93_jpg.rf.40x5klgom5CDl4GDuK3C.jpg,bad,0.755965,0.310028,0.999859,0.754712,0.268287,0.999897,0.750483,0.263937,0.999851,0.745098,0.259471,0.999898,0.754644,0.269038,0.999913,0.751045,0.265783,0.99988,0.74685,0.262808,0.999924,0.696385,0.247457,0.999905,0.706269,0.257024,0.999882,0.727806,0.328895,0.999756,0.726165,0.329787,0.999802,0.552856,0.334295,0.999049,0.60769,0.407178,0.999638,0.609185,0.530989,0.046516,0.713448,0.621776,0.876348,0.704393,0.574922,0.063672,0.786539,0.673742,0.621319,0.725823,0.586329,0.091056,0.81471,0.682101,0.544889,0.734959,0.572806,0.092672,0.814928,0.653313,0.540241,0.725231,0.573968,0.08428,0.796376,0.651561,0.506323,0.346724,0.721292,0.999377,0.323794,0.792313,0.999165,0.69365,0.746468,0.216255,0.702037,0.883601,0.757577,0.612254,0.936213,0.131994,0.653285,0.976439,0.194881,0.566501,0.950737,0.158436,0.618949,0.97328,0.210546,0.676798,1.005371,0.220421,0.729166,1.034503,0.261688
posture(321)_jpg.rf.9zqRTIfycllLuSbFPOuF.jpg,bad,0.489274,0.281969,0.999968,0.491009,0.243388,0.99997,0.489104,0.24165,0.999975,0.486601,0.239574,0.999971,0.484632,0.24347,0.999964,0.478331,0.241643,0.999961,0.470711,0.238867,0.999946,0.440046,0.233789,0.999984,0.417734,0.230578,0.999979,0.465008,0.308731,0.999983,0.455478,0.30698,0.999983,0.361923,0.36542,0.999925,0.254457,0.397765,0.999961,0.390576,0.614249,0.526903,0.307961,0.709554,0.97538,0.500974,0.545012,0.869544,0.486738,0.570047,0.987138,0.556484,0.539563,0.834468,0.543027,0.556914,0.977256,0.554726,0.519358,0.83536,0.537378,0.522112,0.977029,0.53199,0.526285,0.832716,0.515673,0.523309,0.972028,0.309548,0.79035,0.937842,0.265261,0.836812,0.957985,0.317872,1.081115,0.42903,0.292664,1.131903,0.871961,0.329917,1.312384,0.103468,0.254389,1.396735,0.464886,0.307126,1.353269,0.127721,0.215226,1.444491,0.603726,0.432643,1.366325,0.22564,0.351545,1.44856,0.2917
posture(249)_jpg.rf.XWYpW9RzUcgWvUr8pZh8.jpg,bad,0.573683,0.280139,0.998286,0.600337,0.244808,0.998704,0.609547,0.243686,0.998726,0.619689,0.242233,0.999027,0.591307,0.244886,0.998321,0.593394,0.243588,0.998064,0.595863,0.241858,0.998446,0.673313,0.252986,0.998903,0.644015,0.252469,0.999061,0.596187,0.310992,0.998768,0.58655,0.310089,0.997364,0.758636,0.420661,0.99902,0.692291,0.403074,0.995832,0.742528,0.718101,0.966171,0.632253,0.64811,0.087481,0.480265,0.701645,0.852484,0.488938,0.702328,0.09179,0.423354,0.716191,0.78952,0.437067,0.708919,0.106591,0.428413,0.679822,0.792513,0.431774,0.700645,0.108526,0.442999,0.678924,0.76275,0.443515,0.70158,0.116816,0.725244,0.846595,0.952844,0.683678,0.820963,0.932705,0.319082,0.890027,0.639771,0.360366,0.879348,0.220923,0.387068,1.186815,0.184561,0.442002,1.163449,0.055022,0.437719,1.230122,0.248007,0.484908,1.19753,0.110805,0.277714,1.238108,0.117846,0.353667,1.251622,0.049657
posture(57)_jpg.rf.VJZuqbEGbSpgHPeBoglS.jpg,good,0.435549,0.232498,0.997691,0.412319,0.198254,0.997035,0.406684,0.195409,0.99658,0.401743,0.192758,0.997964,0.418495,0.204312,0.997318,0.417556,0.205971,0.996723,0.41701,0.207695,0.997418,0.355793,0.209881,0.997065,0.384144,0.232918,0.993952,0.419213,0.26009,0.99646,0.419281,0.267764,0.995986,0.290198,0.336453,0.997459,0.337876,0.440343,0.996546,0.520386,0.440962,0.167857,0.62711,0.503529,0.926492,0.784916,0.44423,0.362494,0.888438,0.468447,0.931714,0.839047,0.420285,0.363448,0.952269,0.45177,0.895353,0.841659,0.411482,0.389466,0.949484,0.432361,0.894756,0.837248,0.429614,0.406355,0.932348,0.438032,0.86097,0.224607,0.77599,0.997492,0.265952,0.865178,0.997321,0.44647,0.701059,0.088413,0.543853,0.76711,0.577684,0.434578,0.849249,0.103042,0.42938,0.89662,0.462563,0.411556,0.86261,0.118235,0.40643,0.915855,0.423164,0.504691,0.83552,0.194571,0.506273,0.890152,0.515503
posture(791)_jpg.rf.B44nVomL10uulVkyd9mP.jpg,bad,0.447984,0.390321,0.998764,0.455265,0.370385,0.999032,0.458828,0.369141,0.998945,0.465104,0.366669,0.999343,0.45239,0.37172,0.998441,0.454026,0.371329,0.997996,0.455971,0.370974,0.99875,0.507677,0.368041,0.998936,0.490779,0.372893,0.998933,0.467703,0.409079,0.999142,0.463836,0.411168,0.998309,0.5942,0.449679,0.997774,0.539199,0.468661,0.993178,0.668609,0.656504,0.825655,0.618312,0.607959,0.113263,0.638644,0.81881,0.715304,0.643655,0.706876,0.08129,0.664461,0.846829,0.675368,0.648873,0.729871,0.078683,0.646171,0.84471,0.702921,0.648766,0.729945,0.081756,0.642654,0.828564,0.684722,0.652154,0.722238,0.088052,0.728258,0.655857,0.999453,0.679983,0.635822,0.999102,0.596798,0.783873,0.699298,0.578773,0.7395,0.33428,0.695026,0.815274,0.220717,0.702302,0.816729,0.117003,0.724618,0.81314,0.246284,0.731131,0.816728,0.129849,0.669588,0.842693,0.236264,0.695043,0.873791,0.139844
sipotion_1749658634338_good_posture_0_84_jpg.rf.PlAHgkDsdnfUtBxHXAYq.jpg,good,0.398436,0.258384,0.994503,0.424236,0.237874,0.994319,0.428301,0.240778,0.99443,0.43288,0.244115,0.995708,0.423234,0.23434,0.992733,0.426721,0.234655,0.992898,0.430327,0.235389,0.99561,0.466846,0.27247,0.995601,0.466715,0.264959,0.996811,0.405155,0.294594,0.997156,0.403278,0.289675,0.995301,0.439866,0.473286,0.99619,0.490802,0.410014,0.995164,0.3437,0.691106,0.857812,0.402944,0.610598,0.111537,0.22784,0.779846,0.758519,0.286604,0.720596,0.089951,0.21473,0.824259,0.72588,0.263196,0.741755,0.0963,0.205535,0.787352,0.731419,0.260986,0.738557,0.102148,0.22067,0.779555,0.706684,0.269954,0.734933,0.114024,0.424682,0.844173,0.981803,0.463985,0.802513,0.965733,0.187617,0.868148,0.719736,0.249481,0.892504,0.151276,0.138454,1.086306,0.260024,0.205157,1.062928,0.051779,0.159145,1.138756,0.282388,0.218965,1.102101,0.132351,0.014467,1.072223,0.170637,0.109082,1.065768,0.067005
posture(870)_jpg.rf.HXAdf87aV428boUJzXxt.jpg,bad,0.527992,0.276903,0.99485,0.542591,0.246065,0.995318,0.545856,0.245538,0.995081,0.548808,0.245422,0.996088,0.539909,0.245363,0.994197,0.541546,0.243929,0.993901,0.542981,0.242713,0.996204,0.579026,0.248675,0.996593,0.570311,0.245028,0.997823,0.538655,0.307481,0.997454,0.532854,0.310059,0.995932,0.644817,0.356823,0.998901,0.631963,0.350505,0.998812,0.626707,0.600269,0.930755,0.58492,0.531543,0.171575,0.447934,0.654462,0.934829,0.470271,0.594017,0.352599,0.402515,0.669941,0.928275,0.447135,0.586582,0.383057,0.389379,0.64401,0.928859,0.403446,0.5822,0.396121,0.406329,0.634878,0.902486,0.431753,0.586312,0.39182,0.74803,0.685166,0.997126,0.735152,0.650095,0.994941,0.706792,0.837909,0.738142,0.729945,0.819859,0.142041,0.785716,0.936645,0.299193,0.785643,0.945373,0.085429,0.82021,0.947994,0.553539,0.812064,0.964574,0.241798,0.727908,0.967003,0.255864,0.72039,0.988489,0.131862
sipotion_1749660905991_leaning_forward_0_88_jpg.rf.TN6J8ER14O0zkubbmYAH.jpg,bad,0.699019,0.33341,0.996204,0.697852,0.293408,0.996011,0.69533,0.290174,0.99585,0.692,0.2867,0.997181,0.693794,0.296956,0.99592,0.689545,0.294846,0.995326,0.68459,0.293059,0.996394,0.641155,0.273606,0.998915,0.641579,0.284713,0.995904,0.676541,0.361577,0.995162,0.66925,0.35743,0.99446,0.515421,0.356725,0.997404,0.532833,0.393757,0.997189,0.604219,0.51014,0.089856,0.699625,0.580301,0.912508,0.711227,0.511907,0.146264,0.827152,0.548576,0.821314,0.731959,0.4995,0.188399,0.87611,0.52904,0.758278,0.739356,0.489662,0.187253,0.843374,0.511757,0.752633,0.727978,0.500711,0.165429,0.825998,0.506934,0.700628,0.323444,0.747849,0.997203,0.315819,0.811169,0.9976,0.583904,0.806241,0.189834,0.6446,0.932613,0.871134,0.501206,0.983241,0.062653,0.530926,1.025997,0.208103,0.454939,0.997018,0.086821,0.482841,1.015588,0.274643,0.566236,1.070761,0.084977,0.591246,1.111904,0.20827
posture(253)_jpg.rf.jiVGs4J0IdJcYxm4TEBW.jpg,bad,0.372031,0.213096,0.993791,0.406154,0.176585,0.997466,0.414722,0.176762,0.997896,0.424173,0.177134,0.998349,0.400266,0.175486,0.995107,0.403868,0.174885,0.994416,0.408107,0.174238,0.994854,0.477686,0.195772,0.997773,0.458142,0.19139,0.995826,0.390474,0.248574,0.994391,0.38436,0.246157,0.990903,0.495747,0.349026,0.996283,0.518204,0.329005,0.968455,0.162381,0.476609,0.961334,0.332759,0.465837,0.162952,0.041591,0.412595,0.690335,0.12438,0.447502,0.236114,0.00878,0.411308,0.632479,0.152002,0.459315,0.269988,0.029009,0.379749,0.637105,0.145127,0.444231,0.296796,0.039734,0.386727,0.621367,0.1334,0.44516,0.298716,0.564766,0.743932,0.967661,0.568693,0.707146,0.939208,0.213307,0.828447,0.793461,0.301612,0.785586,0.292682,0.238841,1.188156,0.337013,0.318038,1.087958,0.170077,0.277257,1.244739,0.301201,0.350733,1.14271,0.301545,0.107572,1.25617,0.237656,0.226597,1.168535,0.203134
sipotion_1749660936500_leaning_forward_0_85_jpg.rf.N5NH8liI66nt8bk3hp3C.jpg,bad,0.37727,0.417411,0.999598,0.380325,0.385172,0.999681,0.38425,0.38198,0.999684,0.388306,0.378823,0.999737,0.376935,0.385752,0.999579,0.378395,0.383026,0.999507,0.380199,0.380113,0.999616,0.427625,0.366502,0.999619,0.414591,0.368808,0.999705,0.407963,0.434654,0.999724,0.403664,0.434348,0.999571,0.559601,0.44882,0.999565,0.505744,0.437645,0.999077,0.47733,0.656333,0.952596,0.457452,0.63093,0.211303,0.368998,0.551901,0.800782,0.376976,0.614483,0.259177,0.335924,0.544499,0.729343,0.353532,0.613426,0.285012,0.352102,0.530596,0.734671,0.358164,0.601146,0.274015,0.36244,0.532063,0.713096,0.378467,0.600093,0.27773,0.726621,0.789014,0.993379,0.660376,0.755864,0.993291,0.420325,0.928415,0.888631,0.391015,0.801196,0.334879,0.507019,1.039326,0.323019,0.47593,0.994857,0.100846,0.547885,1.039701,0.355092,0.516159,1.014298,0.167994,0.45309,1.109482,0.274536,0.427804,1.084073,0.133038
ec9c1402586471c07a8e6f58355d2787 - Copy_jpg.rf.Gpxg25FP1LbhY8oFPomE.jpg,good,0.551108,0.151961,0.999483,0.571258,0.134334,0.999714,0.576235,0.135501,0.999637,0.582513,0.137153,0.9998,0.565628,0.131586,0.999627,0.56666,0.130614,0.999516,0.5682,0.129838,0.999707,0.611894,0.156617,0.999798,0.6032,0.148107,0.999797,0.559539,0.177832,0.99982,0.553901,0.175376,0.999732,0.644025,0.325549,0.999318,0.626678,0.288233,0.997817,0.588563,0.537708,0.969199,0.566205,0.439803,0.083237,0.433284,0.537547,0.987111,0.453055,0.513276,0.11532,0.391263,0.546774,0.981578,0.429664,0.513882,0.118939,0.380217,0.531773,0.981877,0.401951,0.517716,0.12355,0.398188,0.527143,0.970372,0.43262,0.513372,0.131843,0.633037,0.611415,0.999319,0.612429,0.569357,0.9986,0.45472,0.744792,0.713199,0.47501,0.677202,0.280246,0.470068,0.91592,0.138874,0.51343,0.864205,0.098828,0.511787,0.921243,0.242353,0.532281,0.891278,0.128825,0.433449,0.932003,0.156483,0.474896,0.907522,0.106575
sipotion_1749660912234_leaning_forward_0_72_jpg.rf.KN3yPYdDHlz70cZPMoeg.jpg,bad,0.665186,0.247309,0.999016,0.663783,0.207952,0.998612,0.660844,0.205022,0.998403,0.657431,0.202083,0.999025,0.660002,0.208456,0.998712,0.654016,0.205835,0.998522,0.648364,0.203311,0.998954,0.605259,0.193302,0.999475,0.599618,0.196325,0.998961,0.638761,0.270584,0.997676,0.632011,0.269293,0.998123,0.472693,0.305853,0.998648,0.497309,0.302648,0.999488,0.610895,0.466562,0.081289,0.680195,0.503492,0.938054,0.766638,0.509552,0.128126,0.849087,0.536023,0.83783,0.814749,0.520766,0.178859,0.903871,0.526643,0.769972,0.821789,0.506354,0.180767,0.8957,0.498362,0.764538,0.803191,0.499414,0.178906,0.870916,0.508239,0.731994,0.304089,0.70704,0.998188,0.287677,0.766405,0.998807,0.585727,0.743646,0.165214,0.634945,0.872931,0.897095,0.470008,0.902294,0.066433,0.443513,0.956594,0.416856,0.419086,0.912245,0.099133,0.380379,0.93909,0.553011,0.523215,0.977031,0.100214,0.478955,1.039093,0.407375
posture(585)_jpg.rf.0pvlwR1rNDlfSr6c9SxY.jpg,bad,0.489205,0.387649,0.992657,0.48818,0.361337,0.995405,0.493269,0.357106,0.995355,0.499731,0.351605,0.995885,0.481884,0.365969,0.993168,0.482277,0.365424,0.99189,0.482847,0.364485,0.9927,0.540462,0.333227,0.994699,0.518551,0.347698,0.995661,0.51804,0.39462,0.996859,0.510435,0.400041,0.992986,0.668577,0.388689,0.99286,0.569892,0.434012,0.982462,0.601724,0.573014,0.864067,0.502087,0.535332,0.247754,0.399488,0.531483,0.750494,0.330699,0.516467,0.339078,0.333879,0.531695,0.71145,0.281487,0.509824,0.388627,0.330865,0.50718,0.712658,0.265191,0.492245,0.388402,0.351739,0.506156,0.709131,0.302042,0.501453,0.410222,0.832786,0.672094,0.983229,0.749177,0.667559,0.970186,0.682614,0.782391,0.746252,0.556265,0.745171,0.227267,0.713943,0.988811,0.29736,0.6734,0.941986,0.05796,0.742023,1.013267,0.415446,0.716616,0.961305,0.111038,0.66152,1.059396,0.200823,0.637576,1.038194,0.051284
sipotion_1749660922587_leaning_forward_0_88_jpg.rf.Y6sDEmsUorpIzujWbK7v.jpg,bad,0.661619,0.32262,0.998402,0.659483,0.285121,0.998285,0.656921,0.2826,0.998066,0.654044,0.279986,0.998605,0.655748,0.284128,0.998482,0.650772,0.281028,0.998243,0.645209,0.277814,0.998679,0.610628,0.266407,0.998979,0.602951,0.268725,0.998288,0.634161,0.341488,0.995711,0.628415,0.340068,0.996644,0.47454,0.342775,0.997042,0.495763,0.366625,0.998402,0.533853,0.514603,0.038214,0.620636,0.583671,0.874645,0.66225,0.540299,0.071798,0.722302,0.541294,0.630439,0.699814,0.551593,0.108566,0.762725,0.53067,0.575337,0.709084,0.5363,0.112238,0.753216,0.493147,0.580616,0.692373,0.535742,0.107367,0.73176,0.498736,0.536681,0.297023,0.731577,0.98871,0.287724,0.806954,0.988492,0.577419,0.748627,0.11318,0.631313,0.866633,0.741835,0.445586,0.960399,0.05488,0.417601,1.002115,0.275481,0.392734,0.978058,0.078902,0.348691,0.993669,0.328538,0.499016,1.048781,0.092184,0.463717,1.097579,0.305686
sipotion_1749660928120_leaning_forward_0_61_jpg.rf.UFQmKc5ICC9uZooRoIAU.jpg,bad,0.41367,0.413215,0.999426,0.417717,0.373381,0.99968,0.42293,0.369145,0.999594,0.428508,0.364965,0.999715,0.41275,0.374895,0.999572,0.414287,0.371974,0.999408,0.416386,0.369132,0.999592,0.469515,0.352577,0.999181,0.456393,0.357724,0.999603,0.442151,0.432206,0.999303,0.435787,0.434036,0.999294,0.543118,0.461842,0.999372,0.575238,0.412582,0.998214,0.343598,0.633793,0.975177,0.523611,0.544382,0.151304,0.110674,0.634194,0.93628,0.370789,0.573129,0.236503,0.063205,0.623247,0.917029,0.335919,0.570799,0.273473,0.067664,0.597117,0.919692,0.334457,0.566518,0.2742,0.079141,0.617182,0.902372,0.351275,0.57219,0.27325,0.772039,0.847781,0.999409,0.730381,0.788315,0.998473,0.446128,0.960642,0.887363,0.45953,0.750466,0.189639,0.677566,0.967163,0.329223,0.627519,0.901743,0.084509,0.727242,0.935668,0.350206,0.670337,0.912458,0.135521,0.677617,0.988759,0.325845,0.620924,0.975929,0.135558
sipotion_1749660937848_leaning_forward_0_92_jpg.rf.LgQC2EbVrJXgphrShu3L.jpg,bad,0.367152,0.439521,0.999915,0.36862,0.408182,0.99993,0.372599,0.405246,0.999931,0.376875,0.402273,0.999936,0.364908,0.408942,0.999902,0.366307,0.406336,0.999882,0.369836,0.402877,0.999906,0.418983,0.389314,0.999911,0.404493,0.389458,0.99994,0.401066,0.458559,0.999936,0.397453,0.457997,0.999896,0.553426,0.470534,0.999764,0.48265,0.449823,0.999687,0.436307,0.681608,0.974741,0.382855,0.610468,0.459055,0.344111,0.576374,0.937549,0.324716,0.574347,0.494594,0.306564,0.563666,0.900516,0.301629,0.566116,0.491134,0.32047,0.548793,0.902957,0.297465,0.548817,0.472866,0.339715,0.547214,0.888205,0.322574,0.54774,0.479731,0.717389,0.803806,0.996387,0.639356,0.770899,0.997492,0.413627,0.946061,0.90898,0.362135,0.823147,0.440167,0.567922,1.020338,0.457853,0.473898,1.012031,0.11808,0.619505,1.012105,0.541978,0.520996,1.025955,0.209416,0.538857,1.092626,0.426417,0.436795,1.110305,0.140446
sipotion_1749660938394_leaning_forward_0_76_jpg.rf.aSlNCE5daWF1lvcHSnqE.jpg,bad,0.376482,0.439177,0.999862,0.379943,0.40707,0.999903,0.384308,0.403847,0.999897,0.388838,0.400778,0.999912,0.375927,0.408296,0.999854,0.377295,0.40593,0.999817,0.378969,0.403555,0.999846,0.430068,0.390159,0.999893,0.41398,0.394467,0.999872,0.40942,0.457113,0.999953,0.403074,0.458233,0.999921,0.568335,0.470125,0.99976,0.485538,0.471145,0.999354,0.424881,0.66912,0.981733,0.403519,0.651101,0.404738,0.326889,0.582514,0.930626,0.331633,0.629478,0.49589,0.301866,0.576243,0.883577,0.307505,0.627659,0.484913,0.302309,0.555961,0.8876,0.315438,0.612828,0.481367,0.329852,0.560387,0.86663,0.338194,0.613327,0.480396,0.737254,0.829801,0.995164,0.618257,0.785251,0.993604,0.469768,0.959392,0.916736,0.375167,0.810833,0.47852,0.507549,1.026137,0.159069,0.436763,0.959424,0.118447,0.535324,1.023718,0.194694,0.467166,0.980385,0.186482,0.444675,1.083204,0.144277,0.381706,1.028014,0.154679
sipotion_1749658575353_slouch_0_55_jpg.rf.ZBKg68bGrtTzNg5I9mMj.jpg,good,0.564176,0.288433,0.999973,0.550324,0.259772,0.999951,0.548736,0.258579,0.999929,0.546754,0.257535,0.999948,0.542296,0.262097,0.999971,0.535056,0.262334,0.999964,0.526056,0.262577,0.999978,0.503854,0.268764,0.999966,0.479044,0.275865,0.999991,0.554884,0.318511,0.99997,0.543517,0.319396,0.999992,0.496264,0.428879,0.999417,0.41749,0.477424,0.999866,0.588485,0.553473,0.452882,0.480352,0.743428,0.989167,0.573006,0.387772,0.450032,0.660479,0.840952,0.922533,0.575464,0.342712,0.356896,0.703452,0.870502,0.850755,0.556603,0.331408,0.347454,0.713379,0.84905,0.860268,0.551685,0.3508,0.330308,0.702965,0.834267,0.85225,0.546803,0.831107,0.992963,0.472201,0.889931,0.992908,0.805562,0.862016,0.389389,0.817152,0.960469,0.74997,0.782553,1.033288,0.059248,0.769627,1.041676,0.104026,0.750911,1.062194,0.107595,0.731067,1.048073,0.207928,0.86192,1.08527,0.065902,0.857848,1.087491,0.121716
posture(251)_jpg.rf.ifj3An86fHeEKn6iemXj.jpg,bad,0.522673,0.301744,0.996832,0.545609,0.267627,0.997357,0.552907,0.265827,0.99733,0.561212,0.263864,0.997947,0.539451,0.267587,0.996879,0.542119,0.265933,0.996596,0.545273,0.264306,0.997292,0.611307,0.27376,0.997404,0.591433,0.273561,0.997951,0.543189,0.329857,0.997377,0.536326,0.329121,0.994439,0.688732,0.427002,0.99815,0.647582,0.411398,0.990143,0.676099,0.704591,0.965699,0.585421,0.624852,0.058007,0.448244,0.687325,0.874555,0.454202,0.675824,0.052755,0.393052,0.692977,0.805548,0.400812,0.676478,0.06552,0.395574,0.663912,0.802053,0.396028,0.665992,0.067625,0.413077,0.662059,0.764654,0.407769,0.668104,0.074177,0.665337,0.845556,0.896286,0.633247,0.817688,0.840642,0.298666,0.870629,0.555768,0.338146,0.82582,0.170463,0.319471,1.138412,0.157369,0.383638,1.087119,0.043327,0.35579,1.185697,0.210033,0.418169,1.12322,0.107264,0.20287,1.160331,0.115085,0.292148,1.14744,0.046893
sipotion_1749658572805_leaning_backward_0_69_jpg.rf.ciusA7O7xxdXdn17sQqB.jpg,good,0.564522,0.246318,0.999509,0.54163,0.217409,0.998869,0.539502,0.216665,0.998797,0.536809,0.216055,0.999126,0.532945,0.218081,0.999057,0.524574,0.217819,0.999027,0.516134,0.217938,0.999236,0.494726,0.229715,0.999359,0.475992,0.23458,0.999491,0.559065,0.27573,0.999273,0.548687,0.277642,0.9997,0.486807,0.401083,0.99831,0.455541,0.434339,0.999666,0.552056,0.621943,0.062035,0.56475,0.701508,0.986341,0.682512,0.72883,0.055062,0.731933,0.809433,0.868333,0.721598,0.764336,0.065071,0.768672,0.8427,0.814414,0.730625,0.75711,0.067436,0.780945,0.82438,0.821105,0.702865,0.772967,0.070828,0.762347,0.820197,0.82097,0.557162,0.822805,0.95903,0.535969,0.858192,0.966426,0.792166,0.965917,0.205671,0.834486,0.993565,0.8055,0.701779,1.142205,0.062336,0.715085,1.197528,0.385007,0.671021,1.159707,0.108561,0.672311,1.216006,0.502681,0.738911,1.220873,0.087104,0.778583,1.272741,0.376153
posture(881)_jpg.rf.wJ0AlAIBLP4WkqOE6zjb.jpg,bad,0.542706,0.228206,0.998035,0.549892,0.197848,0.998812,0.5562,0.196847,0.998904,0.562695,0.195587,0.999108,0.543165,0.195393,0.998353,0.544877,0.192659,0.998076,0.547384,0.189519,0.998328,0.615395,0.190805,0.999234,0.599144,0.184463,0.998581,0.575202,0.261371,0.999309,0.56687,0.259679,0.998579,0.758655,0.362694,0.996846,0.673378,0.306249,0.99276,0.714477,0.676219,0.956448,0.638009,0.494321,0.161535,0.537386,0.552223,0.957517,0.520823,0.49096,0.313376,0.478588,0.555386,0.924621,0.467388,0.499041,0.333655,0.477547,0.505215,0.930946,0.463682,0.470498,0.344173,0.49895,0.498009,0.908384,0.479869,0.472369,0.345295,0.795876,0.721373,0.988284,0.715077,0.643988,0.976885,0.639117,0.86769,0.852636,0.560786,0.717121,0.297672,0.636474,0.982398,0.271274,0.626824,0.944826,0.048926,0.664849,0.996041,0.269363,0.66583,0.977983,0.062305,0.530724,1.032473,0.204513,0.54866,1.032361,0.05196
posture(795)_jpg.rf.xnMDzBGB7skKGjUZLwwi.jpg,bad,0.451834,0.420379,0.997679,0.458813,0.396416,0.997483,0.463591,0.395353,0.997389,0.46973,0.393812,0.998189,0.455492,0.396222,0.996816,0.457669,0.395005,0.996459,0.46039,0.393564,0.997665,0.512276,0.393287,0.997047,0.501946,0.391433,0.998371,0.475599,0.439733,0.997908,0.471048,0.439732,0.996687,0.578463,0.508088,0.998973,0.556996,0.471881,0.997226,0.644692,0.689304,0.897643,0.627609,0.631303,0.133891,0.650842,0.85709,0.826326,0.644686,0.766585,0.116896,0.672848,0.882088,0.792879,0.647888,0.800709,0.118353,0.661771,0.887209,0.806195,0.648878,0.803471,0.122017,0.649951,0.873717,0.780572,0.653028,0.792094,0.128595,0.745666,0.75876,0.998709,0.713217,0.709071,0.997024,0.640602,0.916413,0.739903,0.588519,0.825311,0.179039,0.768777,0.947944,0.21348,0.735927,0.910573,0.039315,0.80369,0.941811,0.273489,0.768731,0.910527,0.084333,0.750816,0.982477,0.190056,0.730095,0.976503,0.056192
sipotion_1749660908457_leaning_forward_0_83_jpg.rf.mmErqokfadSxDRmPu7i5.jpg,bad,0.674495,0.306468,0.999178,0.674526,0.271357,0.999051,0.672145,0.269458,0.998905,0.669302,0.267358,0.999308,0.669766,0.268948,0.999011,0.664189,0.265618,0.998737,0.658052,0.262085,0.999171,0.620279,0.253545,0.999714,0.615165,0.252346,0.999124,0.648778,0.329006,0.998774,0.64083,0.326143,0.998931,0.457857,0.352978,0.999217,0.539925,0.374668,0.999694,0.530136,0.477767,0.029995,0.693883,0.568817,0.968439,0.669864,0.495999,0.051652,0.80838,0.534251,0.84686,0.702215,0.495499,0.090581,0.896139,0.545612,0.79016,0.712676,0.483001,0.089242,0.853789,0.501641,0.792707,0.699251,0.490307,0.084691,0.846744,0.501195,0.764466,0.33979,0.77071,0.996566,0.356004,0.823191,0.997724,0.656733,0.758347,0.094653,0.693328,0.923477,0.897138,0.515778,0.968008,0.037154,0.472622,1.044006,0.438757,0.455576,0.985294,0.066184,0.400718,1.035745,0.594328,0.564527,1.059006,0.059112,0.503941,1.139131,0.444213
posture(387)_jpg.rf.LmGSqFzbnhRdZXjsaVqj.jpg,good,0.484346,0.23055,0.999408,0.489208,0.220036,0.999844,0.491005,0.219559,0.999845,0.49288,0.219158,0.999858,0.487708,0.219787,0.999719,0.488353,0.219141,0.999605,0.489067,0.218502,0.999556,0.508594,0.22228,0.999903,0.504675,0.221508,0.999831,0.492766,0.241554,0.999841,0.49069,0.240958,0.999693,0.543855,0.276664,0.999884,0.523233,0.278978,0.998752,0.552599,0.314424,0.949762,0.513253,0.296377,0.02333,0.534303,0.273856,0.936496,0.492592,0.273009,0.039318,0.531937,0.263314,0.921699,0.487909,0.268397,0.056565,0.532777,0.259489,0.909535,0.48834,0.268557,0.059308,0.531987,0.26559,0.852916,0.489016,0.270805,0.073728,0.556153,0.453425,0.999943,0.52902,0.449295,0.999815,0.545213,0.588821,0.673238,0.531065,0.569116,0.350076,0.547955,0.587927,0.06148,0.544999,0.572431,0.047614,0.547151,0.58621,0.148851,0.546549,0.570858,0.097943,0.539996,0.596021,0.085474,0.541348,0.586409,0.074568
posture(255)_jpg.rf.xe0Rg4x4A7DTbK4QUjcw.jpg,bad,0.410123,0.241487,0.991876,0.429028,0.200372,0.996942,0.435699,0.19779,0.996989,0.442996,0.195313,0.998053,0.426097,0.202442,0.994518,0.430345,0.201256,0.993427,0.435249,0.200106,0.994529,0.49615,0.202654,0.995633,0.486511,0.208897,0.993438,0.433358,0.267896,0.994855,0.430872,0.26999,0.990723,0.525425,0.325339,0.998247,0.619765,0.32291,0.965067,0.29216,0.478356,0.91924,0.486013,0.503556,0.022928,0.109194,0.442945,0.666402,0.259114,0.496678,0.039795,0.073455,0.430348,0.622769,0.271122,0.524605,0.066144,0.073566,0.41536,0.621949,0.215512,0.496196,0.06936,0.093816,0.420657,0.594281,0.257285,0.497803,0.075207,0.641031,0.68915,0.992593,0.676391,0.685234,0.976711,0.27781,0.760702,0.769428,0.38067,0.692314,0.226215,0.237819,1.123894,0.455766,0.403436,1.01219,0.168555,0.276125,1.192696,0.463757,0.439759,1.06588,0.333002,0.103655,1.198666,0.308534,0.322331,1.102003,0.188976
sipotion_1749660941511_slouch_0_84_jpg.rf.pJPLPJXCDOL3aMdILpnl.jpg,bad,0.356847,0.415325,0.997018,0.351334,0.389399,0.998069,0.35058,0.388639,0.99771,0.349586,0.388112,0.998255,0.356568,0.388244,0.998007,0.359609,0.38658,0.997687,0.362224,0.385196,0.99849,0.365073,0.38805,0.997623,0.385304,0.379101,0.999194,0.372874,0.429911,0.99839,0.376306,0.428519,0.99867,0.401542,0.485344,0.999361,0.5129,0.450579,0.998857,0.2316,0.615005,0.979435,0.473015,0.584378,0.028611,0.061773,0.614508,0.948174,0.34217,0.632161,0.070025,0.04387,0.624798,0.930854,0.321308,0.638136,0.116992,0.052616,0.604165,0.932731,0.311376,0.630079,0.122739,0.0722,0.607183,0.919255,0.318652,0.630312,0.120915,0.596993,0.848625,0.999401,0.633357,0.791763,0.998981,0.313647,0.903498,0.901686,0.383654,0.765126,0.286694,0.40916,0.964626,0.242187,0.424029,0.928972,0.134681,0.449566,0.972352,0.260605,0.459087,0.953111,0.198928,0.34538,0.980741,0.189633,0.362655,0.973791,0.17461
sipotion_1749660935080_leaning_forward_0_91_jpg.rf.wkRjVjcGT5Rsw4GRT1MV.jpg,bad,0.284181,0.450846,0.999006,0.283584,0.420452,0.999118,0.286948,0.417472,0.999078,0.290468,0.414606,0.999138,0.28168,0.421479,0.999089,0.283357,0.419302,0.998973,0.285282,0.417063,0.99921,0.324376,0.40457,0.999147,0.314975,0.406303,0.999587,0.310819,0.467309,0.999436,0.306937,0.468657,0.999429,0.400626,0.492549,0.999344,0.415401,0.458544,0.999262,0.287705,0.630606,0.946441,0.363398,0.591056,0.201697,0.212336,0.578191,0.746375,0.270027,0.613752,0.222584,0.194952,0.573243,0.681336,0.246851,0.624897,0.289296,0.204307,0.558416,0.686204,0.253227,0.617243,0.294616,0.216079,0.561751,0.697725,0.267577,0.61574,0.301276,0.569688,0.812894,0.996001,0.544177,0.767029,0.996285,0.301188,0.950611,0.908118,0.287277,0.797733,0.330067,0.367111,1.034818,0.314589,0.331648,0.9816,0.10617,0.407717,1.037058,0.364471,0.367227,1.029788,0.186775,0.307455,1.102648,0.279673,0.267417,1.080101,0.124407
sipotion_1749660902542_leaning_forward_0_85_jpg.rf.tyflXmcdegepH4yWx4RW.jpg,bad,0.633614,0.340126,0.999149,0.629825,0.304586,0.999026,0.626471,0.300755,0.998984,0.622398,0.296769,0.999298,0.62684,0.303847,0.998942,0.621751,0.299931,0.998837,0.615742,0.29599,0.999183,0.572567,0.285117,0.999686,0.568163,0.287363,0.999314,0.60332,0.361285,0.998523,0.598562,0.360143,0.998645,0.418608,0.389078,0.998345,0.481676,0.405052,0.999244,0.528683,0.533101,0.070626,0.651299,0.612424,0.940397,0.68747,0.556392,0.096345,0.75984,0.574088,0.740513,0.735677,0.554473,0.137255,0.819669,0.572618,0.684539,0.744711,0.542335,0.13907,0.799501,0.548369,0.686091,0.726363,0.548871,0.140425,0.770926,0.558936,0.662739,0.247786,0.822041,0.988469,0.254395,0.872678,0.990362,0.527876,0.813792,0.082457,0.606683,0.935772,0.884626,0.445636,1.017165,0.041786,0.477971,1.111966,0.407916,0.394397,1.038791,0.075561,0.417163,1.109118,0.507707,0.515453,1.095278,0.065234,0.549277,1.217713,0.387853
posture(63)_jpg.rf.ZP0L4hmtqbolZRV0waMi.jpg,bad,0.465937,0.358413,0.992105,0.486842,0.310541,0.991825,0.487023,0.308196,0.989628,0.487354,0.306045,0.987643,0.479508,0.312883,0.996308,0.472206,0.311009,0.996317,0.464867,0.309151,0.997299,0.44963,0.295715,0.994443,0.413534,0.302886,0.99939,0.447791,0.378539,0.992871,0.439784,0.373479,0.999035,0.389776,0.409108,0.9935,0.290009,0.403146,0.999726,0.360993,0.52953,0.067294,0.137357,0.536003,0.969653,0.388001,0.513195,0.132782,0.258244,0.666827,0.939557,0.391324,0.507632,0.115673,0.260326,0.72163,0.901691,0.403905,0.496209,0.104457,0.298087,0.709645,0.894244,0.39635,0.502032,0.122468,0.291753,0.693845,0.865547,0.263656,0.766598,0.96833,0.212511,0.773264,0.986866,0.24521,0.974658,0.336547,0.174375,0.996488,0.710824,0.191381,1.145788,0.149732,0.12436,1.165992,0.382159,0.162014,1.172029,0.164218,0.091423,1.182899,0.451602,0.249542,1.217141,0.275257,0.196244,1.259589,0.296693
sipotion_1749660919964_leaning_forward_0_85_jpg.rf.rPKtcSG8XqYqKOdLMHPi.jpg,bad,0.631418,0.215194,0.999605,0.631986,0.175652,0.999494,0.629483,0.172556,0.99935,0.626504,0.169598,0.999563,0.628121,0.172499,0.999615,0.623402,0.167587,0.999494,0.61857,0.1631,0.99965,0.579818,0.153588,0.999712,0.577992,0.150663,0.999515,0.604222,0.231128,0.998978,0.598933,0.229042,0.999283,0.427723,0.240852,0.999008,0.479728,0.265719,0.999619,0.498443,0.425323,0.032682,0.595218,0.474295,0.906544,0.610823,0.500795,0.041257,0.683675,0.488851,0.634797,0.642675,0.524628,0.064721,0.720719,0.491436,0.572572,0.649342,0.51193,0.066565,0.710814,0.463644,0.57416,0.632273,0.508378,0.06314,0.69082,0.467292,0.548612,0.260276,0.646024,0.997355,0.254502,0.708203,0.997888,0.554311,0.681636,0.132195,0.613656,0.805973,0.788758,0.423632,0.862607,0.072677,0.394327,0.928994,0.417334,0.373618,0.871898,0.107848,0.332865,0.921315,0.485234,0.454882,0.953063,0.112578,0.411917,1.021586,0.426027
posture(886)_jpg.rf.xJFghplDvlVi9i7wC2Ap.jpg,bad,0.484827,0.284697,0.999773,0.487607,0.252724,0.999784,0.485278,0.251366,0.999825,0.482373,0.24957,0.999799,0.48308,0.25281,0.999705,0.47783,0.251403,0.999706,0.471412,0.249202,0.999595,0.437685,0.244387,0.999881,0.423475,0.240889,0.999811,0.459259,0.310777,0.999891,0.451013,0.309271,0.999887,0.362599,0.368935,0.999871,0.274713,0.393954,0.999903,0.407945,0.60544,0.445092,0.332315,0.682591,0.952378,0.506368,0.544843,0.900721,0.493867,0.54977,0.985207,0.557907,0.546108,0.860208,0.550219,0.550642,0.974267,0.565073,0.523109,0.862459,0.547006,0.508404,0.974306,0.538993,0.519913,0.851239,0.527711,0.508346,0.967431,0.334713,0.74678,0.886856,0.278232,0.782824,0.933086,0.352514,1.000254,0.173361,0.32811,1.033201,0.731682,0.36329,1.198877,0.038325,0.292033,1.264853,0.342974,0.34464,1.233868,0.047044,0.258648,1.307859,0.404563,0.461721,1.246885,0.182912,0.386021,1.309639,0.274313
posture(340)_jpg.rf.NQgspC3njc0WfHm4rMDP.jpg,good,0.40362,0.187299,0.999045,0.383929,0.157023,0.998895,0.380871,0.155154,0.998833,0.377519,0.153308,0.99938,0.381125,0.160246,0.998929,0.375542,0.161055,0.998504,0.370999,0.162564,0.998879,0.335569,0.170411,0.999537,0.330782,0.181754,0.999002,0.393307,0.221451,0.999244,0.385408,0.22726,0.999485,0.310864,0.372687,0.997829,0.286515,0.412161,0.999002,0.351158,0.632318,0.096411,0.328924,0.72879,0.952433,0.507797,0.737759,0.220063,0.546766,0.751527,0.888494,0.550253,0.745843,0.245123,0.602915,0.77614,0.850284,0.573535,0.739893,0.272799,0.619927,0.744135,0.853849,0.56285,0.727849,0.265788,0.600894,0.730545,0.819663,0.330904,0.766053,0.963431,0.293401,0.798096,0.983179,0.488398,0.879999,0.131933,0.527694,0.900091,0.605857,0.455107,1.035276,0.046256,0.418554,1.106477,0.17956,0.434236,1.05481,0.078981,0.367624,1.130082,0.272456,0.509403,1.083728,0.06905,0.505038,1.175262,0.165985
sipotion_1749658643366_slouch_0_75_jpg.rf.vWALCdfhV19VhMaYx8TS.jpg,bad,0.528666,0.232432,0.927131,0.531032,0.213218,0.944712,0.528564,0.214371,0.949762,0.525533,0.216935,0.952305,0.544284,0.210123,0.920926,0.54943,0.209697,0.928082,0.553811,0.210192,0.934129,0.536622,0.230391,0.963112,0.585812,0.228807,0.957925,0.529102,0.25893,0.965335,0.539061,0.256016,0.940959,0.511588,0.367972,0.997703,0.656108,0.357215,0.988934,0.398678,0.543654,0.818395,0.630077,0.525647,0.032278,0.359666,0.579715,0.455669,0.52845,0.596032,0.014403,0.344035,0.594232,0.416003,0.512153,0.610675,0.019631,0.358022,0.583792,0.427084,0.500432,0.606504,0.019781,0.369173,0.583446,0.411002,0.50276,0.604689,0.023032,0.518963,0.677797,0.998303,0.600139,0.663909,0.993797,0.34279,0.71092,0.689525,0.402546,0.725602,0.097994,0.254642,0.910825,0.399878,0.297702,0.879498,0.095499,0.26689,0.956772,0.449853,0.29651,0.918089,0.194716,0.16641,0.893379,0.26801,0.211011,0.871554,0.111931
posture(211)_jpg.rf.HBszBnKxO6oOjuKqH6WH.jpg,good,0.45597,0.357183,0.995253,0.442492,0.319736,0.992421,0.441046,0.317391,0.991466,0.439091,0.31487,0.99447,0.431872,0.323273,0.99369,0.42347,0.32351,0.992581,0.414691,0.323569,0.993847,0.389112,0.321289,0.995254,0.37087,0.333314,0.993179,0.446993,0.384405,0.994663,0.43546,0.38746,0.996179,0.332247,0.461993,0.997133,0.334717,0.501155,0.998791,0.509003,0.635238,0.173395,0.594375,0.659726,0.986779,0.718489,0.699419,0.187958,0.846163,0.679337,0.962382,0.771748,0.708613,0.191099,0.921884,0.699825,0.937826,0.784283,0.701154,0.195597,0.904255,0.653008,0.940558,0.758585,0.707995,0.19736,0.879286,0.658088,0.918242,0.43934,0.835843,0.960707,0.420986,0.906964,0.971155,0.71925,0.878136,0.113193,0.798092,1.009354,0.568544,0.663583,1.01814,0.018389,0.660098,1.079248,0.087742,0.632578,1.032461,0.0325,0.608122,1.082533,0.192844,0.717358,1.07755,0.032584,0.71241,1.120965,0.114418
posture(137)_jpg.rf.Sy78C6GyHY4ARsQR32Ic.jpg,bad,0.550672,0.385803,0.997355,0.567084,0.368057,0.997553,0.572477,0.369168,0.997244,0.577832,0.370239,0.997811,0.559328,0.365257,0.996966,0.559283,0.364453,0.996422,0.559512,0.363596,0.997344,0.612664,0.37923,0.996974,0.590586,0.37032,0.998388,0.561583,0.409902,0.998866,0.551252,0.404793,0.998187,0.596928,0.466388,0.999691,0.615052,0.445784,0.998728,0.407906,0.507704,0.981632,0.562689,0.532504,0.146748,0.220851,0.527649,0.8411,0.501772,0.571506,0.093401,0.160528,0.526627,0.753743,0.492164,0.588327,0.123358,0.152901,0.517127,0.763771,0.4943,0.577965,0.123921,0.175202,0.522198,0.732377,0.496026,0.577119,0.126728,0.501325,0.689128,0.997303,0.502186,0.662561,0.992652,0.248229,0.73052,0.691678,0.271041,0.689554,0.150897,0.202647,0.823769,0.277702,0.235015,0.805645,0.061483,0.213466,0.850425,0.342893,0.246434,0.831935,0.101275,0.137217,0.814728,0.219471,0.177324,0.829116,0.083453
posture(142)_jpg.rf.JNJiEjOrDE0sjUvP6qSb.jpg,bad,0.555939,0.333891,0.998856,0.574288,0.314665,0.998442,0.581156,0.316217,0.998266,0.587981,0.317711,0.998537,0.564348,0.311028,0.998257,0.563828,0.310043,0.99805,0.563594,0.308999,0.998581,0.630518,0.328629,0.997546,0.599131,0.316975,0.998933,0.569205,0.360697,0.999406,0.556666,0.354552,0.999022,0.612443,0.422336,0.999551,0.618855,0.39184,0.999024,0.396617,0.465066,0.979162,0.541321,0.489116,0.210358,0.185556,0.489059,0.829548,0.4565,0.538955,0.14472,0.120849,0.489976,0.734966,0.440122,0.558898,0.183491,0.113889,0.480149,0.745365,0.445715,0.551558,0.181553,0.139385,0.486496,0.724346,0.451051,0.55079,0.190732,0.511486,0.675371,0.995912,0.510975,0.634586,0.990912,0.218848,0.694138,0.74547,0.247617,0.667653,0.191406,0.156251,0.807563,0.365728,0.196616,0.808574,0.090482,0.167498,0.831969,0.400538,0.208612,0.839817,0.120327,0.079478,0.805314,0.278993,0.128371,0.843164,0.11131
posture(219)_jpg.rf.Q7iJ6iwPZJJo2VZVDmX0.jpg,bad,0.266498,0.456486,0.997253,0.241258,0.442999,0.997983,0.24074,0.439816,0.997808,0.240765,0.436981,0.998653,0.240671,0.44614,0.997125,0.239215,0.444773,0.99656,0.237927,0.443487,0.997932,0.246621,0.407032,0.998577,0.242619,0.416381,0.998713,0.290305,0.446364,0.998918,0.290308,0.451638,0.997658,0.381171,0.340532,0.999428,0.34941,0.35899,0.996825,0.600562,0.354585,0.964668,0.521958,0.401522,0.097998,0.656094,0.537201,0.977157,0.602866,0.508079,0.16355,0.667233,0.580169,0.967133,0.601566,0.529581,0.179327,0.648782,0.589926,0.967711,0.594979,0.5715,0.186205,0.642983,0.574,0.949607,0.605947,0.536481,0.194612,0.669064,0.271922,0.998082,0.627881,0.284905,0.993539,0.780639,0.39775,0.835657,0.732338,0.360211,0.202302,0.887504,0.30318,0.48703,0.857389,0.301063,0.112426,0.902693,0.265178,0.627085,0.877397,0.274685,0.226087,0.911593,0.358951,0.428904,0.895775,0.359935,0.17709
posture(230)_jpg.rf.QG5tSumgbnPYfoPz3zWj.jpg,bad,0.300876,0.275054,0.988924,0.302047,0.232758,0.994318,0.305093,0.229921,0.994189,0.308155,0.227635,0.995736,0.301983,0.232288,0.989473,0.305329,0.22877,0.987988,0.308792,0.225798,0.991814,0.347919,0.219933,0.991009,0.346681,0.217891,0.993001,0.323373,0.290903,0.991524,0.32344,0.291811,0.988367,0.410327,0.339169,0.997593,0.482338,0.292533,0.985493,0.233414,0.540728,0.932289,0.390512,0.440725,0.063197,0.080009,0.480244,0.784023,0.20294,0.439385,0.123901,0.048867,0.48259,0.754892,0.166067,0.443041,0.195094,0.047474,0.457328,0.773517,0.165211,0.433376,0.204631,0.061341,0.457775,0.761994,0.171221,0.439324,0.196897,0.553556,0.75171,0.960553,0.565404,0.680261,0.919496,0.119313,0.803036,0.774234,0.20551,0.693733,0.189851,0.272331,1.077928,0.454731,0.311145,0.953827,0.10815,0.325751,1.002001,0.498886,0.354759,0.983013,0.189782,0.212149,1.19289,0.344648,0.279204,1.052462,0.124437
22d97eb7ab5211a7dab979a1ca9e5220 - Copy (2)_jpg.rf.4GJzTkozh62Dp9dNYILe.jpg,bad,0.488942,0.343054,0.999249,0.495097,0.309416,0.999709,0.500106,0.306231,0.99968,0.505409,0.302949,0.999733,0.48846,0.309484,0.999482,0.488633,0.307358,0.999421,0.489169,0.304755,0.999573,0.542937,0.298318,0.999585,0.524565,0.294521,0.999638,0.515019,0.371344,0.999603,0.504912,0.367851,0.999514,0.627563,0.484747,0.998305,0.585366,0.384379,0.998186,0.538874,0.674489,0.973389,0.468324,0.528251,0.363352,0.371443,0.589323,0.94669,0.354629,0.567936,0.465881,0.324879,0.596189,0.918525,0.322953,0.570279,0.50128,0.328733,0.572134,0.918495,0.321948,0.56487,0.540335,0.343136,0.568521,0.914344,0.334545,0.568008,0.574836,0.810936,0.777282,0.999984,0.758823,0.685596,0.999886,0.681032,0.958309,0.926788,0.560339,0.660204,0.073118,0.842739,0.900263,0.36291,0.663407,0.781065,0.032431,0.882801,0.867401,0.506841,0.70084,0.792896,0.076039,0.832875,0.92771,0.305141,0.633216,0.851835,0.05396
posture(901)_jpg.rf.NY859LTlbElPk96jOjAq.jpg,good,0.405098,0.187432,0.999341,0.388479,0.153807,0.999104,0.386219,0.152386,0.999122,0.38357,0.151035,0.999474,0.38251,0.158068,0.999123,0.376205,0.1599,0.998896,0.36957,0.162018,0.999157,0.341517,0.164727,0.999633,0.323894,0.180091,0.999348,0.395072,0.22445,0.999482,0.385788,0.229656,0.999627,0.311052,0.382727,0.998551,0.284553,0.415511,0.999542,0.353989,0.651238,0.125978,0.325647,0.746916,0.963003,0.508005,0.742371,0.251789,0.557633,0.753007,0.905899,0.564402,0.757529,0.273601,0.616424,0.78691,0.874148,0.58478,0.740149,0.302214,0.631191,0.751566,0.875878,0.571193,0.73011,0.294327,0.612072,0.735741,0.844674,0.325003,0.816138,0.955905,0.285574,0.84562,0.980363,0.481442,0.91547,0.124754,0.542931,0.943404,0.682352,0.46991,1.110133,0.050743,0.423375,1.178747,0.182241,0.448245,1.140555,0.091484,0.365046,1.204386,0.288233,0.547544,1.162361,0.074528,0.525221,1.262783,0.16762
posture(455)_jpg.rf.PbcD1ybtbShE5Fynxz5k.jpg,good,0.487328,0.313353,0.999604,0.476273,0.279684,0.999625,0.474683,0.279025,0.999675,0.472608,0.278258,0.999727,0.468733,0.280176,0.999586,0.462347,0.280125,0.999533,0.455548,0.280053,0.999502,0.428189,0.288636,0.999827,0.41542,0.291377,0.999578,0.47527,0.348478,0.999589,0.466104,0.347149,0.999662,0.34835,0.467271,0.997603,0.381508,0.516263,0.99908,0.36867,0.745117,0.100965,0.398774,0.851792,0.838718,0.516683,0.803368,0.294302,0.583884,0.823068,0.671849,0.555196,0.811787,0.303947,0.631742,0.824723,0.670213,0.593293,0.77454,0.308269,0.630367,0.785484,0.670067,0.561869,0.784112,0.305794,0.613521,0.783633,0.631331,0.358049,0.94457,0.845066,0.366978,0.972837,0.917551,0.380706,1.220568,0.084012,0.397055,1.270895,0.589665,0.406601,1.475146,0.039089,0.350141,1.559865,0.324888,0.385993,1.520656,0.05176,0.306254,1.612667,0.370619,0.507286,1.522882,0.16972,0.467517,1.60092,0.268554
posture(904)_jpg.rf.Ra1DCXSwxWDpXQwD3exz.jpg,good,0.493691,0.238183,0.999181,0.478245,0.198304,0.998962,0.476595,0.195481,0.999112,0.474767,0.19236,0.999373,0.47278,0.201336,0.999105,0.467452,0.201294,0.999005,0.461362,0.201544,0.999089,0.43731,0.196745,0.999572,0.418919,0.212361,0.999296,0.483186,0.268023,0.99911,0.471319,0.274511,0.999248,0.384854,0.393616,0.997247,0.34454,0.449862,0.998564,0.429717,0.627338,0.13649,0.371919,0.757117,0.950063,0.549774,0.704422,0.363078,0.591989,0.779297,0.861927,0.581111,0.721131,0.392414,0.645812,0.800554,0.857189,0.600445,0.700769,0.415126,0.667634,0.769385,0.861155,0.582762,0.69917,0.407436,0.650501,0.749497,0.824379,0.35701,0.841689,0.857858,0.323711,0.881455,0.917051,0.421887,1.077371,0.152282,0.443048,1.119704,0.790878,0.40009,1.309939,0.053598,0.338865,1.359598,0.251446,0.375096,1.345524,0.075359,0.29122,1.384968,0.312468,0.478364,1.37541,0.099719,0.423534,1.450138,0.177208
posture(212)_jpg.rf.67HPrP0DmVW70REKMr20.jpg,good,0.467488,0.334663,0.996423,0.44736,0.295845,0.993048,0.444039,0.293547,0.993638,0.439902,0.291176,0.994991,0.439797,0.29755,0.993532,0.431513,0.296653,0.993275,0.422855,0.295679,0.99327,0.386069,0.299942,0.996374,0.3743,0.306923,0.994249,0.457453,0.363702,0.994853,0.447683,0.367466,0.995829,0.316668,0.457887,0.998272,0.328629,0.467158,0.998696,0.496768,0.637202,0.168499,0.608759,0.652211,0.972152,0.720137,0.670455,0.176702,0.877017,0.652988,0.919169,0.776082,0.666144,0.180583,0.935634,0.666285,0.874209,0.789899,0.655887,0.189973,0.933238,0.634924,0.876131,0.776522,0.668011,0.195007,0.911029,0.639108,0.846404,0.404524,0.84473,0.776331,0.398461,0.890212,0.760651,0.711064,0.813433,0.078517,0.811719,0.94766,0.548986,0.671302,1.053334,0.019385,0.64959,1.158406,0.137766,0.634104,1.090143,0.030309,0.578879,1.180447,0.21361,0.753908,1.117869,0.025196,0.721967,1.224089,0.145189
posture(737)_jpg.rf.OveZkfiLfs7GQ9AQZhss.jpg,bad,0.554878,0.345934,0.998548,0.572876,0.329642,0.998688,0.579464,0.330796,0.998707,0.58683,0.332196,0.998921,0.565508,0.326801,0.998149,0.565764,0.325742,0.997794,0.566267,0.32467,0.998297,0.622559,0.346189,0.998779,0.594177,0.334657,0.998767,0.56409,0.366448,0.999259,0.555131,0.361233,0.998405,0.618902,0.425336,0.999777,0.61005,0.392419,0.999008,0.428534,0.463647,0.981565,0.546749,0.485009,0.100858,0.253013,0.491522,0.822715,0.506623,0.50921,0.07649,0.191433,0.481067,0.72265,0.505237,0.521101,0.111543,0.198457,0.460304,0.734797,0.506178,0.50763,0.109743,0.215032,0.463209,0.707726,0.506859,0.509548,0.113447,0.504666,0.64219,0.996821,0.481247,0.60143,0.993904,0.306033,0.731754,0.673212,0.256257,0.666352,0.364186,0.24579,0.8339,0.39758,0.199615,0.830732,0.134508,0.254626,0.856747,0.502246,0.213053,0.855821,0.162904,0.176489,0.851733,0.288297,0.131685,0.886535,0.10675
sipotion_1749658254428_slouch_0_70_jpg.rf.UKTq2dxAmnViNQcVAjcj.jpg,bad,0.377217,0.021447,0.998502,0.4022,-0.017105,0.998419,0.414107,-0.015337,0.998305,0.425931,-0.013662,0.998754,0.387205,-0.019255,0.998506,0.387648,-0.018795,0.998256,0.388479,-0.018327,0.998622,0.492075,0.002662,0.998984,0.4508,-0.004984,0.998991,0.407874,0.061721,0.999363,0.391217,0.060191,0.998933,0.545195,0.214732,0.998238,0.546297,0.183053,0.996655,0.502414,0.586102,0.922626,0.469454,0.499885,0.038412,0.249547,0.605017,0.755007,0.311845,0.561666,0.06519,0.193406,0.624966,0.702378,0.26185,0.569155,0.094486,0.207425,0.5753,0.706936,0.239104,0.558948,0.098577,0.219382,0.568387,0.681999,0.264959,0.524085,0.101694,0.481496,0.797963,0.978036,0.480767,0.71737,0.962453,0.066993,0.852645,0.767091,0.19526,0.691215,0.272081,0.059611,1.025636,0.113257,0.165489,0.94621,0.061381,0.106918,1.063714,0.146959,0.193174,1.001494,0.11522,-0.092441,1.020403,0.072606,0.032837,0.984656,0.056071
posture(535)_jpg.rf.7JCQgI6PBp0eKa3R85iK.jpg,good,0.341857,0.253146,0.999729,0.334385,0.212395,0.999592,0.330722,0.210059,0.999608,0.326573,0.207689,0.999733,0.334493,0.213451,0.999557,0.331423,0.212607,0.9995,0.328077,0.211331,0.999577,0.288788,0.213366,0.999766,0.29086,0.21687,0.999602,0.320733,0.283403,0.999572,0.318498,0.286441,0.999684,0.220048,0.414838,0.999317,0.21929,0.432142,0.999846,0.275623,0.682836,0.109949,0.312374,0.750588,0.936338,0.466617,0.755249,0.269177,0.535584,0.771619,0.867968,0.513483,0.765571,0.287614,0.584682,0.79484,0.844176,0.541852,0.755635,0.2959,0.59084,0.76193,0.840804,0.509935,0.753162,0.279811,0.572529,0.755936,0.796286,0.257249,0.910318,0.983409,0.268836,0.927278,0.991236,0.455163,1.006008,0.107381,0.511568,1.071391,0.760712,0.446718,1.205167,0.047983,0.433039,1.283474,0.28285,0.414553,1.239126,0.077128,0.377515,1.305348,0.318283,0.550368,1.255038,0.097543,0.553446,1.360081,0.267799
sipotion_1749658258832_slouch_0_91_jpg.rf.LBcHmKsd5mWlAzlGrJbp.jpg,bad,0.418129,0.38719,0.993153,0.434723,0.345982,0.996111,0.439616,0.345876,0.995788,0.444629,0.345558,0.99663,0.435263,0.344044,0.995102,0.44061,0.342584,0.99483,0.44652,0.340715,0.996023,0.489368,0.362727,0.996789,0.496069,0.356714,0.997793,0.437618,0.42188,0.996484,0.437958,0.422414,0.995646,0.538729,0.565592,0.995367,0.616198,0.505954,0.988004,0.451102,0.86265,0.867384,0.556316,0.697639,0.026727,0.27454,0.909574,0.573929,0.348404,0.71276,0.033914,0.227192,0.904929,0.519291,0.315195,0.726113,0.05402,0.232445,0.864991,0.533331,0.318801,0.720169,0.057745,0.246827,0.87947,0.515194,0.325376,0.715423,0.057367,0.596854,1.062242,0.846681,0.623243,0.992202,0.728296,0.311834,1.07051,0.597512,0.349949,0.988006,0.123496,0.273565,1.372611,0.168601,0.296521,1.30206,0.04231,0.311204,1.434873,0.171971,0.319421,1.362652,0.095702,0.124208,1.373139,0.115745,0.173575,1.343343,0.04886
79f4e495baca26738beef86cb33185c7 - Copy_jpg.rf.U7SbLa9lPsiBvzuSxOhL.jpg,bad,0.25583,0.400166,0.995881,0.253333,0.346374,0.997678,0.257384,0.341276,0.997796,0.262397,0.335098,0.997974,0.250497,0.345605,0.99701,0.252449,0.340131,0.99706,0.255152,0.333406,0.997285,0.307299,0.309391,0.998348,0.300279,0.306264,0.998325,0.287693,0.424271,0.998187,0.281416,0.423999,0.997655,0.405157,0.477961,0.99606,0.40676,0.359658,0.995737,0.404681,0.807716,0.848721,0.396048,0.599091,0.037803,0.235869,0.7072,0.815733,0.256584,0.650017,0.066643,0.195845,0.72054,0.768655,0.237121,0.59808,0.105594,0.193311,0.670971,0.778568,0.206002,0.615801,0.109907,0.208419,0.665407,0.75352,0.220688,0.629194,0.112925,0.576108,0.898464,0.947134,0.553451,0.821191,0.936096,0.377479,0.946595,0.709261,0.367776,0.790103,0.255613,0.380621,1.149642,0.231331,0.424466,1.101279,0.073286,0.405898,1.18962,0.242843,0.451192,1.14573,0.085215,0.299042,1.164698,0.212658,0.383916,1.184194,0.08622
c9491ad49cea73d453803358b2508f57 - Copy_jpg.rf.FsrZJfq3FoiTfbP3kyc8.jpg,bad,0.44614,0.451215,0.999021,0.44634,0.413016,0.999498,0.4493,0.409908,0.9995,0.452809,0.406249,0.999456,0.445579,0.414538,0.999417,0.448042,0.412436,0.999483,0.450399,0.409931,0.999563,0.489234,0.394605,0.999723,0.485867,0.394598,0.999753,0.474944,0.466701,0.999666,0.474712,0.471816,0.999568,0.623881,0.515534,0.997927,0.580018,0.512132,0.997583,0.61881,0.8144,0.78808,0.591167,0.750877,0.034992,0.453249,0.802324,0.655054,0.49168,0.799389,0.048464,0.413655,0.82335,0.592253,0.465053,0.821059,0.068972,0.415976,0.794643,0.60306,0.475973,0.810497,0.073262,0.423509,0.787513,0.561531,0.486077,0.804565,0.076811,0.727951,0.929596,0.987417,0.670483,0.900944,0.994286,0.474166,1.011301,0.847389,0.475669,0.923618,0.539292,0.561207,1.133994,0.103937,0.589906,1.122002,0.215813,0.59043,1.134659,0.127849,0.623996,1.134829,0.200085,0.510792,1.214369,0.115838,0.572189,1.22326,0.226247
898eec2b4ad9d4dba72f74f4007e644b - Copy_jpg.rf.LGLnbvdQGy15FVHVnjyD.jpg,bad,0.410899,0.459164,0.999742,0.406606,0.436412,0.999833,0.409107,0.434346,0.999854,0.41176,0.432212,0.999824,0.404281,0.436809,0.999763,0.405252,0.435053,0.999801,0.406565,0.432966,0.999843,0.437871,0.420108,0.999926,0.431522,0.420112,0.999934,0.432219,0.468069,0.999909,0.430334,0.469136,0.999894,0.527997,0.469026,0.999928,0.545447,0.457042,0.999928,0.544156,0.64937,0.926299,0.543421,0.605825,0.311228,0.432455,0.62616,0.922125,0.433819,0.621467,0.568815,0.397545,0.624456,0.904159,0.400989,0.621383,0.616335,0.389559,0.607441,0.903051,0.389983,0.613588,0.61942,0.407271,0.607135,0.889138,0.401742,0.612621,0.607025,0.717214,0.708865,0.999751,0.705145,0.675764,0.999764,0.578705,0.871872,0.86057,0.61225,0.765637,0.199571,0.677915,0.850047,0.160925,0.683054,0.842561,0.090552,0.708222,0.837687,0.274529,0.711314,0.849831,0.186659,0.649541,0.866544,0.197796,0.646439,0.881041,0.166083
sipotion_1749658241945_slouch_0_57_jpg.rf.LaAh5TzSImAgtzpEQKpI.jpg,bad,0.639372,0.441652,0.999749,0.639476,0.412952,0.999784,0.636819,0.411331,0.999752,0.633459,0.409528,0.999819,0.637035,0.412422,0.999748,0.632867,0.410528,0.999671,0.627971,0.408345,0.999754,0.586824,0.401954,0.999889,0.582833,0.402937,0.999786,0.61598,0.460969,0.999797,0.611614,0.460182,0.999803,0.49877,0.488682,0.999552,0.50057,0.524387,0.999846,0.535239,0.656366,0.063048,0.582954,0.74281,0.951447,0.651201,0.70406,0.132349,0.715261,0.751701,0.939221,0.693877,0.707136,0.182623,0.752907,0.764117,0.915855,0.707692,0.699956,0.200015,0.75275,0.734181,0.921783,0.691039,0.707167,0.192798,0.738787,0.729566,0.892217,0.44021,0.786428,0.997937,0.439603,0.828148,0.998325,0.650792,0.715156,0.217978,0.691295,0.802831,0.754317,0.65234,0.852604,0.079204,0.664491,0.862302,0.085175,0.620901,0.875163,0.115453,0.631395,0.86456,0.134839,0.73813,0.885309,0.099255,0.739373,0.892304,0.112731
581cacc03b45e71bd4c2568986682ecf - Copy_jpg.rf.vJTaf34oLydstoWBNA9Y.jpg,good,0.51741,0.257211,0.999809,0.532656,0.228995,0.999764,0.539572,0.229229,0.999803,0.547449,0.229614,0.999823,0.521885,0.227853,0.999767,0.52084,0.226959,0.999744,0.519952,0.225786,0.999759,0.578063,0.242185,0.999897,0.549516,0.240324,0.999862,0.532369,0.29382,0.999847,0.519845,0.291285,0.999675,0.636439,0.445065,0.998538,0.560818,0.41701,0.998312,0.563611,0.72824,0.99386,0.505692,0.637631,0.489488,0.397146,0.701404,0.994533,0.365433,0.665383,0.55279,0.337204,0.71617,0.988918,0.318448,0.686508,0.505572,0.325327,0.678828,0.98963,0.315233,0.66851,0.530722,0.34318,0.67604,0.984088,0.330117,0.664692,0.537372,0.621544,0.884386,0.935365,0.558988,0.842684,0.960196,0.508232,1.097564,0.853177,0.451335,1.05504,0.617294,0.547456,1.349662,0.453348,0.510285,1.368363,0.221267,0.577549,1.382837,0.601177,0.5357,1.41102,0.296894,0.482387,1.440392,0.350023,0.459525,1.475842,0.146121
sipotion_1749658252268_slouch_0_77_jpg.rf.mbZDjcdAB7K1N95twLOP.jpg,good,0.474998,0.321106,0.999131,0.502732,0.288271,0.998872,0.511491,0.289584,0.99897,0.521165,0.291001,0.999009,0.494089,0.285322,0.999041,0.495959,0.284635,0.999026,0.49858,0.283918,0.999079,0.570843,0.316945,0.999127,0.549093,0.308344,0.999461,0.493538,0.367902,0.999122,0.482545,0.364632,0.998291,0.620039,0.515831,0.995072,0.586006,0.484566,0.996035,0.580878,0.834509,0.936883,0.501745,0.711811,0.130516,0.320813,0.845252,0.793883,0.306462,0.69612,0.147359,0.262323,0.854706,0.725954,0.287747,0.734757,0.161964,0.270155,0.820071,0.735801,0.275798,0.718418,0.165249,0.293736,0.811195,0.711151,0.298249,0.721393,0.166738,0.588425,1.002454,0.83118,0.544818,0.987898,0.877647,0.257268,1.086415,0.771583,0.198761,1.060532,0.470766,0.245738,1.435275,0.555577,0.238755,1.450159,0.18317,0.291112,1.491174,0.553671,0.280846,1.501567,0.260167,0.108935,1.50671,0.454256,0.115206,1.56943,0.155675
posture(885)_jpg.rf.lGVq8kJ47P1dS9Kbnfq7.jpg,bad,0.475953,0.298707,0.999644,0.481919,0.269021,0.999907,0.487311,0.268253,0.999901,0.493003,0.267073,0.999926,0.476471,0.266953,0.99987,0.478162,0.264737,0.999835,0.480253,0.262025,0.999869,0.550354,0.260032,0.99992,0.531988,0.255879,0.999856,0.506681,0.331844,0.999938,0.499262,0.331096,0.999916,0.676902,0.446295,0.999408,0.585106,0.357688,0.999395,0.633292,0.75095,0.928307,0.564136,0.550017,0.137412,0.456523,0.588455,0.930173,0.454851,0.561498,0.226608,0.39661,0.594152,0.901207,0.404984,0.572408,0.273327,0.39924,0.552087,0.9096,0.395646,0.546107,0.303918,0.416545,0.54787,0.884239,0.421144,0.548401,0.3132,0.726751,0.79453,0.998661,0.666642,0.708867,0.996217,0.615338,0.712814,0.858,0.510683,0.53221,0.224638,0.521075,0.657491,0.201737,0.555559,0.648282,0.028354,0.554305,0.693771,0.17844,0.579918,0.676368,0.033214,0.421646,0.640238,0.2166,0.515731,0.63798,0.050285
posture(2)_jpg.rf.SeSUPcpUITysNDarNGfM.jpg,bad,0.561154,0.364327,0.999203,0.562376,0.324535,0.999003,0.560619,0.321708,0.999159,0.558444,0.318481,0.999169,0.556847,0.322084,0.99866,0.551484,0.317583,0.998511,0.545231,0.312458,0.998398,0.519002,0.301908,0.99951,0.499123,0.296565,0.999086,0.536122,0.383388,0.999425,0.527356,0.382498,0.999535,0.398691,0.403564,0.999521,0.326164,0.389542,0.999739,0.357693,0.65421,0.256235,0.259801,0.738563,0.94487,0.512039,0.598285,0.553025,0.471062,0.630181,0.917707,0.564448,0.612953,0.604077,0.541409,0.629938,0.883953,0.5713,0.573509,0.612658,0.547954,0.589623,0.887204,0.555423,0.564183,0.578368,0.521893,0.582583,0.86005,0.257004,0.774227,0.953069,0.197033,0.855068,0.959963,0.542094,0.816303,0.241378,0.471048,0.9896,0.824684,0.367785,0.97708,0.046644,0.341251,1.125655,0.307685,0.30778,0.987884,0.08065,0.277726,1.125023,0.499447,0.42607,1.080308,0.050957,0.428582,1.229696,0.313063
posture(252)_jpg.rf.qMBBVf9u6LAU1TtO5twm.jpg,bad,0.676784,0.166505,0.990986,0.658086,0.132339,0.990055,0.656798,0.132598,0.991026,0.654877,0.133348,0.993624,0.647543,0.13245,0.989778,0.638986,0.133169,0.987755,0.629066,0.134398,0.988896,0.610955,0.14981,0.994107,0.580778,0.153215,0.985337,0.66525,0.203197,0.99414,0.6551,0.204292,0.992797,0.552273,0.256268,0.99071,0.527343,0.316039,0.987609,0.691008,0.368585,0.103066,0.757627,0.464096,0.959616,0.83086,0.409011,0.075767,0.972806,0.409104,0.812586,0.835861,0.412298,0.087675,1.038617,0.401406,0.722248,0.833722,0.407735,0.09389,1.016126,0.354541,0.732268,0.825509,0.41179,0.104777,0.988719,0.358974,0.685647,0.452049,0.560575,0.912195,0.397773,0.685987,0.905823,0.825067,0.626629,0.323471,0.71326,0.816005,0.833594,0.783321,0.881313,0.135234,0.717747,1.043361,0.555967,0.737232,0.916495,0.174836,0.681195,1.063105,0.505862,0.891983,0.969828,0.128525,0.838745,1.137848,0.498778
posture(208)_jpg.rf.mDWXh9MuDTE6XNtLt0Ir.jpg,good,0.450193,0.227623,0.999915,0.425158,0.193501,0.999886,0.419966,0.192858,0.999899,0.413008,0.191953,0.999911,0.419209,0.195308,0.999843,0.410911,0.196224,0.999813,0.40123,0.197105,0.999809,0.351665,0.210818,0.999895,0.347397,0.216529,0.999868,0.434228,0.27153,0.999952,0.427184,0.273101,0.999935,0.36161,0.372437,0.999824,0.24896,0.461905,0.999827,0.578734,0.547028,0.475061,0.5523,0.712986,0.97481,0.855554,0.551454,0.537154,0.866812,0.636792,0.922022,0.910616,0.545097,0.496375,0.954063,0.628765,0.882052,0.912805,0.535384,0.529592,0.9531,0.578136,0.886823,0.894991,0.538865,0.537048,0.919313,0.583554,0.865655,0.535541,0.821968,0.953765,0.510223,0.936371,0.957044,0.707243,0.497036,0.177317,0.747196,0.851062,0.771518,0.842458,0.415333,0.086384,0.944775,0.825384,0.416183,0.850271,0.436084,0.119691,0.949183,0.838285,0.400954,0.897524,0.281852,0.133724,1.075825,0.757497,0.459166
posture(865)_jpg.rf.UMEEUMT3Q6c2GO26XJzo.jpg,bad,0.529579,0.313217,0.994347,0.543708,0.28013,0.995839,0.547111,0.279589,0.996338,0.55039,0.279574,0.997354,0.540397,0.279316,0.993062,0.541757,0.277925,0.993002,0.543105,0.276848,0.995339,0.582309,0.282677,0.997743,0.570997,0.279732,0.997538,0.541192,0.338774,0.997947,0.534974,0.339801,0.995539,0.639558,0.421809,0.999318,0.621633,0.394773,0.995635,0.629205,0.61823,0.973262,0.575269,0.553674,0.22945,0.452393,0.694511,0.986573,0.444394,0.5851,0.463304,0.412326,0.717345,0.983424,0.437353,0.585902,0.48697,0.391652,0.679627,0.98378,0.394915,0.57414,0.507586,0.40868,0.673195,0.974086,0.42478,0.592203,0.495661,0.740477,0.690949,0.997512,0.72134,0.654163,0.989912,0.654412,0.838804,0.855687,0.675455,0.790523,0.229048,0.768616,0.936625,0.385135,0.766681,0.898828,0.119455,0.806778,0.946317,0.600621,0.794028,0.913499,0.255156,0.72287,0.969469,0.336219,0.728759,0.940623,0.174554
posture(903)_jpg.rf.l99BvVcGhCaogVylWJRh.jpg,good,0.61058,0.191126,0.998238,0.627126,0.160809,0.997843,0.631862,0.160784,0.998219,0.636742,0.160919,0.998592,0.623603,0.158803,0.99745,0.625834,0.157244,0.997453,0.628414,0.155485,0.997823,0.678602,0.174541,0.999214,0.671227,0.167605,0.99841,0.624666,0.227983,0.998813,0.618919,0.226936,0.997796,0.722389,0.399021,0.998928,0.719494,0.369588,0.995703,0.692005,0.767667,0.985852,0.679958,0.622173,0.085545,0.455838,0.747384,0.98698,0.534785,0.710686,0.101106,0.390232,0.771628,0.976028,0.510392,0.723292,0.104801,0.37837,0.742276,0.975512,0.489785,0.707044,0.114119,0.394836,0.731181,0.960252,0.496947,0.704782,0.122884,0.707001,0.87882,0.926765,0.682397,0.843816,0.889944,0.548766,1.146719,0.707909,0.574442,1.110655,0.259575,0.602019,1.405054,0.280434,0.591176,1.394751,0.089864,0.638039,1.43563,0.359933,0.610473,1.440206,0.201386,0.527521,1.480855,0.170766,0.527968,1.464412,0.069271
posture(141)_jpg.rf.XPGsjoN4kNwbxQZZtorh.jpg,bad,0.257478,0.334253,0.998882,0.247147,0.315291,0.998755,0.246123,0.315441,0.998573,0.244513,0.315588,0.998885,0.240424,0.31657,0.99905,0.234914,0.317877,0.998922,0.228196,0.319459,0.999112,0.209902,0.324867,0.998685,0.195867,0.330852,0.999052,0.253117,0.354771,0.99775,0.245454,0.357562,0.998395,0.154342,0.419149,0.99861,0.205152,0.407463,0.999782,0.181995,0.49633,0.072688,0.366599,0.454061,0.994968,0.222836,0.543978,0.033812,0.554223,0.49211,0.927192,0.233231,0.560236,0.039941,0.605437,0.50141,0.891704,0.236927,0.550646,0.041191,0.615687,0.499474,0.897593,0.235735,0.547709,0.044176,0.592842,0.496771,0.863589,0.291656,0.596175,0.963344,0.306697,0.598907,0.97996,0.48372,0.675378,0.091559,0.521013,0.65228,0.615608,0.59588,0.820533,0.084253,0.611208,0.83118,0.350001,0.596274,0.850202,0.169687,0.598791,0.866067,0.410332,0.685304,0.842033,0.146593,0.696249,0.854936,0.395091
posture(250)_jpg.rf.rcjVe8zvsJiWFNw3tMGk.jpg,bad,0.510514,0.282253,0.999878,0.491723,0.246588,0.999866,0.487879,0.245238,0.999862,0.483394,0.244028,0.999902,0.48584,0.246834,0.999855,0.478618,0.245712,0.999802,0.470087,0.244548,0.999828,0.428924,0.252776,0.99994,0.412908,0.253968,0.999868,0.494018,0.317364,0.999858,0.484065,0.316432,0.999902,0.390779,0.395863,0.999948,0.320176,0.437519,0.999912,0.427587,0.613089,0.394129,0.355156,0.74438,0.981086,0.593846,0.682654,0.579311,0.598826,0.721845,0.947237,0.649821,0.699289,0.587222,0.660363,0.737041,0.912539,0.65182,0.68141,0.596817,0.660931,0.704634,0.917701,0.622379,0.673299,0.569404,0.634352,0.699043,0.906154,0.412619,0.784559,0.998106,0.379274,0.854646,0.997325,0.835585,0.783561,0.306207,0.862816,0.931552,0.790398,0.737707,1.043996,0.066403,0.720663,1.093085,0.228819,0.679596,1.073833,0.103278,0.653165,1.107628,0.40979,0.815277,1.143502,0.064408,0.785008,1.174551,0.227773
posture(223)_jpg.rf.sK4XUFBsJk7KVCFC7lFh.jpg,bad,0.540885,0.321118,0.998029,0.553527,0.294149,0.998601,0.556515,0.294303,0.998567,0.562124,0.292825,0.998971,0.551507,0.291797,0.997886,0.553228,0.290093,0.997861,0.554971,0.288845,0.998641,0.591379,0.296873,0.999019,0.588017,0.28858,0.999284,0.551733,0.346074,0.99914,0.547446,0.34492,0.998566,0.646801,0.429809,0.999545,0.637379,0.39592,0.99893,0.637329,0.620117,0.963804,0.590701,0.543064,0.184112,0.463547,0.675803,0.982406,0.469374,0.589619,0.414168,0.424103,0.690498,0.977702,0.461288,0.587585,0.43734,0.41072,0.665792,0.978227,0.439644,0.584536,0.455322,0.427409,0.658996,0.964216,0.448742,0.592512,0.443395,0.742723,0.695244,0.998589,0.738451,0.651798,0.996563,0.659182,0.795559,0.799827,0.707273,0.755503,0.211136,0.737809,0.869088,0.416653,0.766122,0.851373,0.143072,0.768901,0.876516,0.606922,0.788861,0.864683,0.304799,0.689697,0.884886,0.377496,0.717522,0.883962,0.225588
posture(30)_jpg.rf.aAZQjvJheXSPTmWF19xS.jpg,bad,0.287607,0.281895,0.999898,0.295105,0.2516,0.999962,0.299672,0.250711,0.999966,0.304818,0.249675,0.99997,0.290872,0.249803,0.999931,0.292323,0.24758,0.99992,0.294099,0.244984,0.999915,0.356541,0.24819,0.999975,0.342804,0.241441,0.999931,0.313928,0.310675,0.999965,0.305545,0.30984,0.999917,0.501566,0.412554,0.999595,0.372731,0.338559,0.998472,0.457474,0.721314,0.959559,0.374457,0.530168,0.133968,0.286077,0.582942,0.979817,0.274891,0.529736,0.290857,0.235857,0.574804,0.964344,0.220939,0.531184,0.347791,0.240519,0.523009,0.967833,0.221747,0.512505,0.356869,0.260229,0.521592,0.956306,0.244457,0.508593,0.352902,0.527117,0.714146,0.998225,0.438452,0.647697,0.996694,0.357901,0.802034,0.766499,0.244382,0.650345,0.378229,0.343965,0.936719,0.288018,0.328754,0.906644,0.077133,0.367622,0.951981,0.347074,0.367988,0.935908,0.083681,0.261036,0.983375,0.306451,0.27698,1.005156,0.095108
posture(187)_jpg.rf.v6AnNKvRd5KZMaAodQHT.jpg,bad,0.416351,0.334777,0.999377,0.396489,0.315654,0.999089,0.394223,0.314947,0.998806,0.39148,0.314345,0.99938,0.394201,0.318497,0.999149,0.390363,0.31986,0.998697,0.385998,0.321438,0.99903,0.360095,0.328604,0.99954,0.354197,0.337279,0.998776,0.416058,0.355849,0.999412,0.411527,0.35934,0.999666,0.342367,0.447146,0.999403,0.373796,0.462472,0.999763,0.470472,0.583549,0.139362,0.518529,0.620144,0.971444,0.632059,0.647002,0.12316,0.670863,0.660916,0.925014,0.679548,0.660267,0.133126,0.709845,0.683081,0.874175,0.691163,0.651949,0.140328,0.712125,0.656647,0.878822,0.663984,0.649337,0.14394,0.702781,0.650255,0.858623,0.443027,0.694758,0.994912,0.472897,0.723151,0.996787,0.698982,0.681854,0.106843,0.769601,0.743691,0.754589,0.640199,0.824085,0.036567,0.688881,0.870072,0.280039,0.611522,0.843738,0.059383,0.653135,0.899942,0.444068,0.680933,0.867993,0.041611,0.751974,0.891498,0.231541
posture(344)_jpg.rf.th0mpx7QZTwOZR0Hrkug.jpg,good,0.47473,0.245074,0.999059,0.457869,0.211955,0.998901,0.455602,0.209669,0.998947,0.452871,0.206948,0.999302,0.451927,0.21414,0.998811,0.44584,0.21394,0.998474,0.439285,0.213822,0.998854,0.410424,0.212709,0.999588,0.396724,0.22395,0.999292,0.459001,0.277178,0.999255,0.449259,0.282146,0.999523,0.351345,0.416138,0.997341,0.328683,0.45185,0.999164,0.358084,0.6732,0.060386,0.33299,0.765266,0.960857,0.495529,0.737897,0.16295,0.555859,0.772081,0.88504,0.536879,0.759157,0.215568,0.616408,0.793627,0.869992,0.55216,0.735145,0.236085,0.633352,0.758547,0.874704,0.531161,0.729496,0.233316,0.618829,0.746391,0.849529,0.374341,0.869898,0.854959,0.330782,0.894274,0.914231,0.554617,1.031421,0.222034,0.544549,1.1011,0.749517,0.489009,1.268075,0.045066,0.460735,1.335177,0.154052,0.456042,1.300106,0.072683,0.413466,1.359629,0.250065,0.557786,1.342957,0.047587,0.565955,1.427219,0.112909
posture(887)_jpg.rf.aubDbiLkztbVAAYmQQeX.jpg,bad,0.287482,0.268383,0.999876,0.294823,0.237144,0.999954,0.299793,0.236085,0.999954,0.305416,0.234661,0.999962,0.289366,0.235521,0.99993,0.290448,0.232683,0.999915,0.291589,0.229963,0.99991,0.355077,0.228264,0.999962,0.338229,0.223718,0.999917,0.316153,0.296752,0.99997,0.306775,0.295896,0.999943,0.488239,0.418954,0.99975,0.376086,0.319644,0.999158,0.455576,0.734306,0.955542,0.37751,0.513574,0.132428,0.285958,0.57638,0.981542,0.273427,0.520613,0.313242,0.232176,0.560833,0.967792,0.217806,0.533813,0.392253,0.232502,0.515711,0.970173,0.214794,0.511289,0.408126,0.254414,0.51605,0.961366,0.239907,0.510669,0.41517,0.530466,0.726732,0.999327,0.446049,0.632935,0.998036,0.330135,0.771452,0.811346,0.206894,0.499375,0.251574,0.311143,0.826915,0.232759,0.284563,0.745995,0.040393,0.340612,0.82829,0.302923,0.325428,0.775612,0.061691,0.206812,0.853222,0.273519,0.224164,0.834609,0.061867
posture(221)_jpg.rf.vQcSfmvBBinqwYDly1CO.jpg,bad,0.535209,0.324138,0.994941,0.551714,0.292405,0.995004,0.555751,0.292406,0.995128,0.55962,0.292935,0.996032,0.544919,0.292465,0.993768,0.549374,0.288301,0.993441,0.550797,0.286871,0.995311,0.590748,0.296223,0.997084,0.579305,0.290541,0.997057,0.545519,0.35312,0.997994,0.538462,0.35367,0.995949,0.658144,0.419256,0.998874,0.632189,0.406265,0.998057,0.637225,0.659216,0.971774,0.584276,0.578506,0.206713,0.454866,0.713161,0.972343,0.444753,0.624535,0.41423,0.408436,0.730274,0.96397,0.412413,0.618128,0.444842,0.394135,0.707975,0.963907,0.403961,0.619013,0.462185,0.412991,0.699161,0.947429,0.409298,0.619424,0.461698,0.76217,0.754232,0.991383,0.720737,0.721767,0.984572,0.740696,0.957293,0.832044,0.69828,0.903232,0.266918,0.836716,1.065861,0.402652,0.790816,1.043466,0.122001,0.870713,1.075641,0.665462,0.822267,1.062865,0.299374,0.802151,1.118383,0.346858,0.740903,1.10772,0.166796
posture(906)_jpg.rf.miN9o3O7XDXzmpTL5ofS.jpg,good,0.457116,0.230434,0.998997,0.43887,0.192897,0.998894,0.436917,0.18991,0.998952,0.434551,0.186575,0.999364,0.43213,0.196623,0.998706,0.425684,0.196805,0.998252,0.418734,0.197314,0.998565,0.393132,0.194622,0.999567,0.376884,0.209164,0.998894,0.447198,0.258185,0.999277,0.435606,0.263824,0.999395,0.344377,0.398027,0.997092,0.315273,0.435632,0.997245,0.383376,0.648681,0.101309,0.325753,0.75484,0.945266,0.527867,0.742144,0.220132,0.549922,0.763272,0.849644,0.547882,0.761872,0.259359,0.606124,0.791106,0.823441,0.559677,0.740777,0.289385,0.624777,0.75765,0.830237,0.567537,0.736403,0.281591,0.605921,0.744595,0.792544,0.351614,0.808234,0.879925,0.306043,0.843817,0.922763,0.506647,0.978268,0.177251,0.501047,1.031229,0.694072,0.484799,1.163262,0.043877,0.441968,1.226835,0.158625,0.460819,1.189031,0.076084,0.399482,1.246889,0.230551,0.556268,1.226275,0.052008,0.543648,1.307285,0.123747
posture(587)_jpg.rf.qCHN2fZWDaaEmN8QILS0.jpg,bad,0.515329,0.304677,0.999857,0.519744,0.277454,0.999794,0.518578,0.277218,0.999763,0.516746,0.276727,0.999872,0.514406,0.273267,0.99979,0.509405,0.270188,0.999669,0.503403,0.266634,0.999717,0.475125,0.263165,0.999916,0.460597,0.251671,0.999669,0.493973,0.319716,0.999796,0.48707,0.314471,0.999796,0.409833,0.341164,0.99991,0.324814,0.321272,0.999913,0.49754,0.47661,0.265413,0.420417,0.519936,0.958885,0.668325,0.466936,0.363164,0.636553,0.465884,0.95685,0.731559,0.457537,0.398683,0.705141,0.470982,0.914667,0.731115,0.44209,0.417085,0.69271,0.443377,0.915404,0.699506,0.450708,0.413261,0.672332,0.443649,0.89863,0.349106,0.648522,0.999157,0.30635,0.672092,0.999216,0.643629,0.678139,0.15797,0.693736,0.687173,0.850423,0.555959,0.863329,0.054019,0.528496,0.912473,0.454884,0.504748,0.879693,0.084632,0.458817,0.933338,0.550236,0.623948,0.946117,0.046957,0.586159,1.006178,0.326241
sipotion_1749658565923_leaning_backward_0_48_jpg.rf.4uKociu2Yu3NGs9E6XXm.jpg,good,0.535895,0.23256,0.999604,0.516317,0.203125,0.999305,0.513602,0.202356,0.999182,0.510556,0.201824,0.99949,0.510792,0.202624,0.999274,0.504818,0.201591,0.999024,0.498108,0.200853,0.999281,0.47113,0.213364,0.999565,0.45902,0.212682,0.999341,0.523012,0.262192,0.999564,0.516436,0.261015,0.999756,0.451785,0.373726,0.99969,0.414667,0.394873,0.999825,0.528389,0.576767,0.198692,0.490899,0.63795,0.960438,0.652808,0.713396,0.205732,0.667082,0.770915,0.847417,0.691033,0.747116,0.193413,0.706813,0.7993,0.788765,0.69199,0.746624,0.19967,0.717514,0.780265,0.798019,0.671904,0.744686,0.200188,0.697199,0.772921,0.790169,0.516582,0.758132,0.994009,0.499309,0.807265,0.992841,0.788823,0.843474,0.102809,0.833803,0.889381,0.594651,0.828411,0.998842,0.033466,0.84605,1.025554,0.10014,0.805056,1.028096,0.063023,0.815683,1.046266,0.181146,0.921701,1.041074,0.039998,0.943631,1.079587,0.110751
sipotion_1749658304298_leaning_backward_0_52_jpg.rf.1zJDNKIk8wfXBN6Isqm8.jpg,bad,0.743237,0.374581,0.989568,0.7718,0.37469,0.990739,0.775032,0.378245,0.990151,0.778506,0.382132,0.99314,0.768654,0.372082,0.98917,0.769654,0.373778,0.987239,0.771129,0.37562,0.99141,0.787157,0.4179,0.992906,0.783299,0.410109,0.995164,0.725385,0.402107,0.995162,0.723125,0.399325,0.990665,0.696017,0.562053,0.99175,0.725116,0.539761,0.97965,0.541971,0.722153,0.809871,0.574268,0.656758,0.053919,0.376687,0.666167,0.762221,0.434026,0.654332,0.044193,0.342657,0.660489,0.709763,0.406897,0.652333,0.052587,0.350062,0.633615,0.713622,0.390922,0.641552,0.053976,0.364453,0.636933,0.676654,0.393896,0.64056,0.063455,0.520888,0.860747,0.966299,0.535596,0.834532,0.958366,0.296983,0.817428,0.821482,0.304154,0.851157,0.487568,0.159734,0.908965,0.336288,0.207386,1.020136,0.136192,0.150005,0.948535,0.303048,0.209572,1.058226,0.215276,0.06678,0.841632,0.214419,0.120601,1.016993,0.110095
sipotion_1749658387145_good_posture_0_65_jpg.rf.9HGpQicJc997yVEbAsFM.jpg,good,0.544521,0.26548,0.999754,0.567875,0.239782,0.99959,0.573999,0.240765,0.999553,0.580482,0.242122,0.999641,0.562047,0.236651,0.999638,0.564042,0.235398,0.999613,0.56644,0.234263,0.999724,0.625189,0.265135,0.999535,0.607468,0.256591,0.999799,0.558832,0.304479,0.999851,0.551179,0.299553,0.999781,0.673798,0.467596,0.99887,0.597268,0.412879,0.999592,0.644596,0.730491,0.970697,0.425897,0.506379,0.763609,0.409809,0.714082,0.945034,0.239095,0.528152,0.775086,0.353115,0.728683,0.910586,0.179161,0.540641,0.729021,0.35462,0.700795,0.913607,0.178984,0.541597,0.754297,0.376563,0.693162,0.900445,0.200783,0.541563,0.768677,0.594917,0.861538,0.996118,0.538779,0.781689,0.997616,0.21664,0.874838,0.855709,0.25109,0.699303,0.39717,0.217946,0.93062,0.093211,0.271861,0.924243,0.055289,0.253294,0.939053,0.149124,0.300633,0.959119,0.071007,0.114449,0.968451,0.087108,0.183761,0.992465,0.071576
sipotion_1749658458320_slouch_0_78_jpg.rf.M1FBkBBuOPVY60PWFOUR.jpg,good,0.456793,0.3502,0.998909,0.471761,0.322647,0.999294,0.477427,0.3236,0.999206,0.481605,0.324556,0.999431,0.469387,0.319248,0.999007,0.471824,0.318019,0.998751,0.476396,0.31667,0.999264,0.523077,0.337693,0.998916,0.518833,0.330478,0.999238,0.474448,0.386482,0.999427,0.46868,0.3829,0.99931,0.54629,0.52005,0.999406,0.574609,0.444638,0.999173,0.365945,0.704715,0.964044,0.396329,0.526871,0.432207,0.236501,0.615381,0.943284,0.264006,0.560862,0.526029,0.207068,0.595256,0.915143,0.23482,0.551292,0.519838,0.223958,0.573906,0.920196,0.233017,0.544982,0.547935,0.237922,0.576537,0.893282,0.244625,0.55569,0.546992,0.525373,0.87864,0.995485,0.550977,0.818895,0.990555,0.264214,0.788097,0.674565,0.35401,0.710786,0.109006,0.235535,0.9244,0.480593,0.286327,0.859394,0.063159,0.255875,0.964135,0.43424,0.298259,0.900138,0.127573,0.132537,0.883815,0.420678,0.18524,0.843783,0.122374
sipotion_1749658433630_good_posture_0_77_jpg.rf.4yZBCFNIRWuBDzX1cseD.jpg,bad,0.512389,0.330168,0.999856,0.528396,0.306782,0.999821,0.533744,0.307147,0.99979,0.540093,0.307557,0.999818,0.522577,0.304364,0.99981,0.523747,0.3031,0.999811,0.525385,0.30188,0.999879,0.580421,0.320315,0.999828,0.565083,0.314448,0.999946,0.528478,0.364316,0.999955,0.520792,0.362104,0.999942,0.606726,0.481168,0.999837,0.588399,0.438199,0.999912,0.430089,0.667768,0.983659,0.460658,0.542744,0.669661,0.22453,0.627421,0.966931,0.274615,0.562783,0.72419,0.165605,0.632102,0.953902,0.23125,0.562596,0.721579,0.161247,0.612731,0.955757,0.219786,0.561417,0.737875,0.185207,0.609223,0.94773,0.239521,0.561938,0.745339,0.555153,0.81316,0.999798,0.526886,0.735868,0.999468,0.219281,0.89362,0.972504,0.306737,0.73415,0.404827,0.274518,0.971188,0.318201,0.249211,0.874597,0.082118,0.309054,0.977342,0.4173,0.262067,0.90799,0.12016,0.204533,0.99846,0.254819,0.165835,0.891173,0.114463
sipotion_1749658506358_slouch_0_42_jpg.rf.MArcCDdGw2mGKJ5aCZHz.jpg,good,0.592861,0.196666,0.997695,0.579152,0.165308,0.995277,0.577433,0.164044,0.995008,0.575101,0.162725,0.996598,0.571411,0.166901,0.99613,0.564452,0.166609,0.995574,0.557111,0.16633,0.996324,0.528185,0.175996,0.997875,0.510747,0.18057,0.996476,0.583662,0.226368,0.997119,0.573806,0.226302,0.997954,0.508947,0.322589,0.997905,0.434084,0.371057,0.998722,0.600742,0.466384,0.0734,0.609271,0.56608,0.990915,0.78457,0.5039,0.125481,0.833539,0.539252,0.974482,0.822927,0.507153,0.179086,0.888097,0.54664,0.95655,0.835027,0.483973,0.191277,0.88095,0.506543,0.956452,0.820097,0.485576,0.187546,0.863152,0.502417,0.937845,0.517359,0.684064,0.983289,0.451241,0.754999,0.990823,0.764248,0.749936,0.199288,0.753977,0.904546,0.880257,0.627515,0.882698,0.060347,0.519493,0.945071,0.423719,0.586855,0.888273,0.110556,0.46406,0.927508,0.604841,0.65018,0.963934,0.075817,0.536332,1.010433,0.421678
sipotion_1749658557209_slouch_0_40_jpg.rf.IZvOWbsby9R7hRGD2n82.jpg,bad,0.595089,0.172621,0.998913,0.572104,0.146018,0.998255,0.569213,0.145647,0.998116,0.565783,0.145241,0.998741,0.56829,0.146373,0.998206,0.562922,0.146273,0.997945,0.557038,0.146128,0.99847,0.528861,0.161204,0.998574,0.520396,0.162665,0.998397,0.583642,0.203896,0.997573,0.577259,0.204597,0.998694,0.479385,0.31448,0.998816,0.473933,0.338341,0.999582,0.509598,0.549432,0.035918,0.4975,0.59436,0.901922,0.605374,0.654637,0.049687,0.626335,0.729764,0.667294,0.638494,0.702859,0.060895,0.662669,0.779784,0.604308,0.654175,0.680208,0.06466,0.677736,0.750514,0.621301,0.633518,0.679959,0.065524,0.657335,0.731509,0.62589,0.491927,0.73398,0.991135,0.485727,0.766907,0.991308,0.694023,0.848022,0.091144,0.805779,0.866853,0.628128,0.668203,1.021955,0.032638,0.690662,1.024081,0.114051,0.641183,1.047954,0.056124,0.647079,1.046395,0.185835,0.7277,1.068538,0.040749,0.750311,1.07845,0.133168
sipotion_1749658311807_slouch_0_74_jpg.rf.EMXoXnmSdHxh7g0VKLCG.jpg,bad,0.758587,0.344604,0.990448,0.790947,0.348363,0.992598,0.793685,0.352302,0.991785,0.796678,0.356754,0.995546,0.78726,0.345601,0.992079,0.788235,0.347994,0.989911,0.789235,0.3503,0.992496,0.799207,0.394897,0.995604,0.79586,0.386902,0.993935,0.738345,0.368407,0.995917,0.735139,0.364841,0.990592,0.715046,0.495013,0.999471,0.725911,0.515656,0.982494,0.569697,0.679267,0.967765,0.594303,0.676644,0.024675,0.364633,0.632592,0.939557,0.454942,0.680474,0.019083,0.328136,0.638307,0.889086,0.428619,0.680449,0.02212,0.339769,0.606328,0.881226,0.422909,0.669788,0.021749,0.353442,0.609299,0.844798,0.429986,0.670548,0.024231,0.477002,0.785664,0.990686,0.498766,0.772756,0.967723,0.213999,0.822091,0.655454,0.268331,0.818977,0.106421,0.051587,0.95966,0.218193,0.09304,0.972428,0.04199,0.034481,1.007353,0.295309,0.078283,1.014572,0.07,-0.017129,0.904346,0.180492,0.012412,0.955938,0.044603
sipotion_1749658385294_good_posture_0_48_jpg.rf.bNqzacXMQUq0nnt59AlL.jpg,good,0.581028,0.285991,0.999548,0.597433,0.25716,0.999557,0.603562,0.255994,0.999516,0.610212,0.25458,0.999646,0.590924,0.256794,0.99954,0.592454,0.255433,0.999469,0.594496,0.253783,0.999654,0.657255,0.262108,0.999681,0.636165,0.261729,0.999755,0.602078,0.315434,0.999811,0.594506,0.314369,0.99972,0.712572,0.448078,0.999497,0.670683,0.425469,0.999062,0.692554,0.735511,0.974592,0.594964,0.653137,0.101274,0.456791,0.721865,0.875248,0.483609,0.692118,0.062376,0.410901,0.731403,0.79719,0.432877,0.714474,0.075509,0.41248,0.703039,0.804368,0.434147,0.690198,0.078983,0.429018,0.696539,0.790025,0.452564,0.684506,0.086137,0.646776,0.875544,0.997791,0.602286,0.809638,0.997919,0.232075,0.876873,0.898066,0.275755,0.770674,0.391305,0.262967,0.986728,0.121778,0.282437,0.973612,0.067224,0.307185,1.00053,0.182235,0.314149,1.006804,0.077118,0.152626,1.025513,0.107989,0.192624,1.028803,0.075738
sipotion_1749658307508_slouch_0_76_jpg.rf.eloKGjDSADxLvONjyGhR.jpg,bad,0.750258,0.333944,0.987421,0.781692,0.336362,0.989202,0.785548,0.340617,0.988122,0.788971,0.34494,0.993355,0.778327,0.334185,0.989339,0.779185,0.336181,0.986784,0.78027,0.338223,0.990524,0.795789,0.382748,0.993058,0.79136,0.375318,0.992419,0.732351,0.359007,0.994326,0.728532,0.355825,0.986691,0.714389,0.488224,0.998674,0.718219,0.499383,0.978208,0.568808,0.668138,0.955698,0.57531,0.653041,0.043067,0.377744,0.631067,0.921087,0.43007,0.659154,0.028677,0.335842,0.633079,0.864418,0.401763,0.659343,0.031393,0.346697,0.602026,0.857824,0.379163,0.63424,0.03129,0.359084,0.602861,0.821288,0.389867,0.626428,0.035003,0.497524,0.783008,0.98042,0.504271,0.762215,0.946979,0.243839,0.823821,0.6321,0.273987,0.816579,0.127972,0.075233,0.96994,0.209037,0.119308,0.983686,0.041861,0.057174,1.018901,0.276779,0.109182,1.025613,0.071011,0.000684,0.916246,0.165016,0.039344,0.974412,0.040546
sipotion_1749658486061_leaning_backward_0_40_jpg.rf.SI6oz13xwhhOvLIDeMJT.jpg,good,0.585346,0.236934,0.999935,0.569412,0.209102,0.999905,0.565673,0.207429,0.999891,0.561037,0.205477,0.99993,0.564962,0.211657,0.999913,0.559184,0.211754,0.999893,0.553035,0.211637,0.999926,0.5152,0.217498,0.999958,0.512716,0.224641,0.999925,0.569647,0.267242,0.999897,0.563641,0.267836,0.99993,0.465347,0.357319,0.999849,0.487475,0.412049,0.999931,0.569713,0.471111,0.204179,0.61661,0.561285,0.991911,0.714248,0.453109,0.52036,0.765073,0.501637,0.992884,0.74268,0.437966,0.597282,0.810156,0.49494,0.987579,0.753272,0.429277,0.620288,0.803133,0.473718,0.988178,0.739676,0.442523,0.60489,0.785477,0.474219,0.98295,0.485486,0.689626,0.9987,0.505609,0.753555,0.9994,0.67381,0.690194,0.168891,0.779756,0.782135,0.885685,0.648164,0.853276,0.070201,0.660442,0.896637,0.350145,0.617134,0.879707,0.128083,0.612983,0.913028,0.552412,0.719034,0.88989,0.097892,0.704722,0.931716,0.338319
sipotion_1749658590712_slouch_0_46_jpg.rf.U1Nrc4fija8LspH1vKBU.jpg,bad,0.497528,0.225328,0.999995,0.474173,0.206806,0.999993,0.47209,0.206015,0.999989,0.469858,0.205651,0.999992,0.468761,0.210305,0.999995,0.461968,0.211728,0.999993,0.455255,0.213635,0.999995,0.438826,0.22702,0.999995,0.417793,0.241148,0.999998,0.499997,0.250828,0.999996,0.490912,0.254511,0.999999,0.470593,0.377535,0.999864,0.433608,0.42216,0.999955,0.604438,0.47466,0.751747,0.534002,0.654306,0.988063,0.5667,0.323188,0.770764,0.722824,0.684417,0.925208,0.553292,0.276251,0.667388,0.7739,0.696424,0.850436,0.539906,0.268003,0.648195,0.788886,0.670113,0.858664,0.537881,0.284543,0.61551,0.766097,0.671824,0.861753,0.571222,0.713674,0.997388,0.565376,0.782311,0.998258,0.844737,0.627659,0.266606,0.932477,0.737029,0.799715,0.875811,0.840661,0.050362,0.902949,0.907877,0.263848,0.848454,0.881991,0.086294,0.865168,0.938019,0.369579,0.965137,0.889809,0.056188,0.984473,0.957234,0.242787
sipotion_1749658310237_slouch_0_76_jpg.rf.ZdGOcGdbPDFZo7oLKcAv.jpg,bad,0.770811,0.325598,0.990061,0.803023,0.327631,0.990662,0.806404,0.331875,0.989635,0.809532,0.335913,0.994707,0.79992,0.324739,0.990916,0.801138,0.326822,0.988491,0.802831,0.329096,0.991583,0.817248,0.376059,0.994026,0.811362,0.366476,0.990895,0.753505,0.351901,0.995352,0.750501,0.347419,0.987816,0.740487,0.485013,0.999454,0.727654,0.497421,0.977612,0.587657,0.661165,0.969603,0.581708,0.654983,0.021768,0.38035,0.628966,0.936314,0.44885,0.649222,0.015944,0.344192,0.625479,0.886407,0.420384,0.649237,0.019377,0.352027,0.598403,0.878772,0.40557,0.630635,0.019341,0.361876,0.598948,0.847287,0.416188,0.620477,0.021855,0.481746,0.763439,0.991133,0.481824,0.743952,0.970589,0.201334,0.782185,0.595434,0.23245,0.760847,0.141312,0.007189,0.887187,0.25995,0.042004,0.904163,0.055706,-0.017251,0.931513,0.353702,0.023882,0.945071,0.088732,-0.066022,0.827971,0.250175,-0.04352,0.889511,0.060942
sipotion_1749658371195_good_posture_0_71_jpg.rf.ethsRymDQDLiFPy8EGtK.jpg,bad,0.611431,0.243052,0.99983,0.632379,0.211721,0.99977,0.63958,0.211571,0.999743,0.648122,0.211418,0.999787,0.62342,0.210374,0.999797,0.624449,0.209065,0.999768,0.625254,0.207686,0.999831,0.70256,0.225178,0.999763,0.673212,0.219798,0.999863,0.633169,0.281699,0.999892,0.621309,0.281097,0.99986,0.766174,0.429873,0.999199,0.665919,0.393503,0.999628,0.63772,0.693971,0.943944,0.576097,0.593768,0.295373,0.418561,0.737467,0.770122,0.426113,0.686952,0.280248,0.367507,0.770955,0.692928,0.370937,0.715142,0.297578,0.360249,0.73697,0.709913,0.365844,0.707285,0.310387,0.379371,0.727843,0.70464,0.385608,0.701501,0.314247,0.695704,0.860711,0.997512,0.624899,0.792714,0.998494,0.270468,0.886708,0.8856,0.27831,0.710763,0.519821,0.29365,0.946815,0.09662,0.296223,0.92834,0.093962,0.332713,0.947194,0.11445,0.325807,0.96207,0.092716,0.187802,0.989381,0.087754,0.200867,1.001855,0.10384
sipotion_1749658504608_slouch_0_56_jpg.rf.fUnhbrhSON4SzpmFuppD.jpg,good,0.520275,0.223486,0.999872,0.514075,0.196439,0.99968,0.516162,0.196201,0.999572,0.518034,0.19603,0.999626,0.498725,0.195384,0.99978,0.487743,0.194747,0.999718,0.476281,0.194416,0.99978,0.484827,0.205423,0.999711,0.435527,0.207755,0.999785,0.517307,0.254478,0.999401,0.500405,0.253417,0.999608,0.451953,0.357961,0.999265,0.403499,0.38471,0.999749,0.55303,0.506835,0.074231,0.570733,0.566722,0.989988,0.706784,0.512131,0.14992,0.781599,0.541942,0.949528,0.766532,0.52017,0.208539,0.817993,0.539663,0.91462,0.766919,0.500676,0.217136,0.812046,0.509684,0.917002,0.74568,0.501755,0.217543,0.799279,0.510239,0.898721,0.476665,0.736288,0.996367,0.419074,0.800505,0.997437,0.705082,0.758985,0.152424,0.73833,0.909685,0.890782,0.680358,0.919787,0.038403,0.563843,0.9516,0.106961,0.644691,0.949336,0.062921,0.509027,0.94211,0.235035,0.762841,0.970914,0.047734,0.597945,1.014472,0.122137
sipotion_1749658369570_slouch_0_47_jpg.rf.Sxbw6UPomTiefhmZ8VI5.jpg,bad,0.49614,0.273364,0.999232,0.509396,0.241913,0.99911,0.51589,0.240715,0.99903,0.522934,0.239598,0.999273,0.502626,0.241684,0.998983,0.504006,0.240332,0.998838,0.505839,0.238837,0.999232,0.568138,0.243887,0.999103,0.552094,0.242043,0.999383,0.518662,0.306012,0.999519,0.509924,0.30574,0.999102,0.629109,0.392476,0.999641,0.625868,0.386587,0.998999,0.55053,0.641785,0.958687,0.56052,0.612242,0.05972,0.355452,0.735613,0.878076,0.407284,0.698323,0.050734,0.316118,0.767566,0.834271,0.37885,0.726037,0.065445,0.308812,0.739549,0.837569,0.359433,0.706557,0.067022,0.324228,0.727053,0.810136,0.380333,0.700168,0.073517,0.596728,0.834623,0.997422,0.585107,0.79558,0.996656,0.219854,0.872467,0.79059,0.298774,0.792212,0.32673,0.260966,0.935715,0.152869,0.35859,0.968005,0.072289,0.298001,0.93923,0.174947,0.389243,0.990806,0.095528,0.198659,0.957338,0.146173,0.309109,1.029698,0.094214
sipotion_1749658442127_good_posture_0_53_jpg.rf.vGu3tQgwvW1WF3bAQq60.jpg,good,0.285629,0.30185,0.9996,0.301702,0.274351,0.99935,0.306889,0.274266,0.999215,0.31342,0.27417,0.999374,0.296697,0.273065,0.999392,0.298136,0.272068,0.999368,0.300069,0.270901,0.999597,0.358409,0.286716,0.999283,0.344453,0.28391,0.999735,0.303091,0.331709,0.999879,0.295179,0.32887,0.999863,0.409036,0.465074,0.999658,0.358686,0.420332,0.999769,0.274809,0.672182,0.975176,0.240298,0.55198,0.51702,0.041347,0.655596,0.970663,0.056384,0.586057,0.528393,-0.001269,0.666702,0.961521,0.017617,0.598356,0.539088,-0.004793,0.646338,0.96073,0.016777,0.587563,0.565123,0.015898,0.638584,0.950054,0.036232,0.586201,0.580099,0.403604,0.794855,0.999625,0.341168,0.719033,0.999525,0.115249,0.899142,0.876927,0.11531,0.723957,0.430378,0.178135,0.885999,0.076347,0.035299,0.888337,0.112123,0.213669,0.881087,0.142017,0.047673,0.923719,0.170024,0.107567,0.889921,0.082281,-0.059416,0.912424,0.149519
sipotion_1749658439192_slouch_0_82_jpg.rf.nimd0DxZpBWz7cRkNasi.jpg,good,0.414186,0.315301,0.999732,0.42674,0.291686,0.999682,0.431321,0.291617,0.999636,0.43618,0.291512,0.999695,0.423065,0.289504,0.999686,0.424899,0.287982,0.999671,0.426983,0.286481,0.9998,0.477212,0.301155,0.999674,0.466944,0.297431,0.999882,0.429865,0.347157,0.999923,0.424828,0.345226,0.999899,0.522692,0.467269,0.999763,0.512235,0.429937,0.999866,0.381125,0.692924,0.967506,0.404088,0.555859,0.442056,0.181665,0.648527,0.967675,0.260869,0.560831,0.562961,0.128342,0.650813,0.955993,0.20894,0.552284,0.584153,0.127711,0.627744,0.956321,0.196337,0.538012,0.586625,0.150779,0.623212,0.945341,0.210237,0.547681,0.584469,0.509051,0.849075,0.999193,0.475347,0.772123,0.999034,0.17318,0.903039,0.948982,0.233416,0.745209,0.529496,0.260444,0.963607,0.226598,0.242487,0.946677,0.118549,0.30223,0.970576,0.315705,0.269971,0.98139,0.171848,0.193327,0.983661,0.195791,0.17006,0.994959,0.158752
sipotion_1749658329483_slouch_0_89_jpg.rf.x7z5DtJBXEPM0e1DXLUz.jpg,bad,0.306804,0.347226,0.997997,0.319863,0.309009,0.998722,0.325984,0.308587,0.998767,0.332247,0.308186,0.998978,0.317152,0.307123,0.998255,0.321189,0.305373,0.998107,0.325951,0.303365,0.998504,0.383737,0.318909,0.998809,0.378514,0.313122,0.998909,0.332096,0.386666,0.998833,0.328839,0.38338,0.998356,0.4531,0.528954,0.997471,0.497236,0.451252,0.994995,0.345531,0.869198,0.851005,0.415348,0.672672,0.069325,0.249903,0.818677,0.652753,0.283968,0.718513,0.076453,0.230236,0.815274,0.627209,0.251964,0.734504,0.113411,0.245793,0.775476,0.650928,0.249219,0.718196,0.123902,0.257454,0.775421,0.633787,0.265461,0.718049,0.126785,0.54626,0.989816,0.912402,0.542943,0.922291,0.872806,0.198199,1.017491,0.746352,0.212549,0.88224,0.258185,0.217093,1.245856,0.274881,0.262512,1.168628,0.063413,0.258938,1.287496,0.279296,0.298413,1.214983,0.140221,0.080754,1.272793,0.215503,0.160967,1.23589,0.080166
sipotion_1749658437008_good_posture_0_50_jpg.rf.smXRETgzBlNUtgRHG3nE.jpg,bad,0.411645,0.3546,0.999694,0.429912,0.326723,0.999632,0.434649,0.327357,0.999553,0.439767,0.328018,0.99966,0.426662,0.324014,0.999602,0.429013,0.322811,0.999534,0.431805,0.321617,0.999698,0.476885,0.343091,0.999449,0.467354,0.33629,0.999768,0.425483,0.386331,0.999808,0.41989,0.383829,0.999768,0.50729,0.511842,0.999658,0.500431,0.469741,0.999775,0.330027,0.703797,0.96207,0.34968,0.570819,0.484844,0.119075,0.682671,0.936802,0.170645,0.594343,0.648706,0.06075,0.688746,0.91688,0.125289,0.595961,0.660794,0.060659,0.661253,0.919343,0.121238,0.5905,0.677302,0.085652,0.655599,0.898903,0.129905,0.5936,0.672436,0.453255,0.883882,0.996042,0.432802,0.812844,0.995687,0.100685,0.927283,0.88165,0.190154,0.733364,0.404639,0.18485,0.975217,0.155492,0.142937,0.913569,0.08653,0.223437,0.978745,0.188645,0.16464,0.972969,0.131042,0.120228,0.989945,0.139222,0.064117,0.975139,0.110491
sipotion_1749658563677_leaning_backward_0_60_jpg.rf.vfcJfihvTLQZWrxJMtqS.jpg,good,0.555766,0.220482,0.99974,0.537484,0.191713,0.999516,0.534872,0.190717,0.9994,0.532015,0.18998,0.999632,0.53085,0.191818,0.999543,0.524372,0.19114,0.999385,0.517459,0.190862,0.99957,0.488656,0.201185,0.999701,0.473025,0.204307,0.999633,0.543322,0.250531,0.999706,0.535472,0.251538,0.999846,0.464472,0.365735,0.99975,0.430032,0.397419,0.999896,0.535267,0.578974,0.164772,0.511079,0.670517,0.974248,0.659775,0.710973,0.159151,0.689176,0.776482,0.876484,0.694081,0.737415,0.156976,0.726896,0.804666,0.823774,0.693397,0.734498,0.162817,0.738107,0.785731,0.832945,0.686424,0.731331,0.163064,0.717616,0.779487,0.825927,0.527347,0.7744,0.994653,0.516698,0.821294,0.994455,0.794178,0.855402,0.132781,0.85229,0.892769,0.670389,0.805274,1.031364,0.037567,0.814573,1.064387,0.148214,0.775353,1.061144,0.067077,0.772542,1.089552,0.238071,0.894184,1.083755,0.046851,0.90695,1.129103,0.160051
sipotion_1749658301936_slouch_0_79_jpg.rf.uueOpydRNNCH2GlczuqG.jpg,bad,0.745615,0.36122,0.991904,0.777564,0.358577,0.990784,0.781352,0.362422,0.989289,0.785717,0.367102,0.993566,0.773493,0.355155,0.992078,0.774268,0.356266,0.990322,0.775308,0.357512,0.993735,0.798214,0.406593,0.991785,0.792637,0.396032,0.994312,0.728863,0.38977,0.995804,0.725762,0.385532,0.991747,0.724816,0.55692,0.991357,0.71405,0.524726,0.98003,0.54953,0.713602,0.903045,0.570873,0.656462,0.072726,0.383572,0.661863,0.77901,0.432109,0.651189,0.035441,0.340991,0.660827,0.712166,0.380326,0.647452,0.039709,0.359493,0.633678,0.714971,0.391707,0.628198,0.03973,0.370632,0.634799,0.700805,0.39572,0.628163,0.046057,0.511216,0.83636,0.968236,0.512472,0.793953,0.956315,0.253138,0.789546,0.789953,0.262953,0.781588,0.332505,0.067599,0.90989,0.45803,0.09363,0.944343,0.125173,0.054775,0.953394,0.456018,0.085934,0.985945,0.141568,-0.038573,0.861682,0.409699,-0.003481,0.942819,0.10787
posture(58)_jpg.rf.3bQexvYEw1KsWJ65XjrV.jpg,good,0.505615,0.276167,0.9964,0.490362,0.242899,0.995432,0.487884,0.239958,0.994367,0.486134,0.23718,0.997015,0.488768,0.251038,0.996548,0.484729,0.255245,0.995504,0.478873,0.258533,0.996571,0.440787,0.251326,0.995934,0.439656,0.282317,0.991144,0.494388,0.30673,0.995946,0.483779,0.318959,0.995516,0.384806,0.371707,0.996084,0.410016,0.494136,0.9915,0.590134,0.471444,0.181,0.669478,0.548361,0.953299,0.853499,0.491893,0.351984,0.939744,0.522126,0.940037,0.908144,0.473474,0.351862,1.001344,0.510147,0.901387,0.915646,0.477409,0.374989,1.006666,0.489015,0.903095,0.888833,0.483457,0.394385,0.975264,0.496729,0.871146,0.326374,0.804196,0.9909,0.339856,0.892291,0.990312,0.584845,0.769345,0.180572,0.636545,0.837877,0.633349,0.494533,0.9078,0.110316,0.516241,0.957195,0.471689,0.44259,0.916376,0.128915,0.456627,0.985901,0.48073,0.528726,0.943231,0.182582,0.570298,1.015694,0.523031
posture(889)_jpg.rf.4KrMBq1cvjjutdMmcIYO.jpg,bad,0.722407,0.229764,0.999971,0.72301,0.186773,0.999968,0.721479,0.184873,0.999971,0.719227,0.182365,0.99997,0.712678,0.185543,0.99997,0.704335,0.182639,0.999966,0.694564,0.178623,0.999961,0.673068,0.174992,0.999981,0.636416,0.171755,0.999972,0.696994,0.25934,0.999974,0.684201,0.255951,0.99998,0.579371,0.332037,0.999732,0.471761,0.362178,0.999896,0.601724,0.625472,0.475463,0.505279,0.696379,0.959576,0.710464,0.517,0.785191,0.709181,0.521002,0.967243,0.752362,0.491813,0.743521,0.767448,0.505128,0.947399,0.762595,0.465037,0.743227,0.763639,0.470742,0.945784,0.741453,0.464996,0.73381,0.741078,0.474135,0.938229,0.514082,0.852048,0.933977,0.456781,0.876411,0.959691,0.518494,1.215218,0.432327,0.47883,1.266604,0.833726,0.493658,1.514159,0.134334,0.422125,1.58037,0.432883,0.464777,1.557555,0.154262,0.379896,1.631955,0.514289,0.579451,1.595531,0.246285,0.498749,1.643273,0.259998
sipotion_1749660957256_leaning_forward_0_75_jpg.rf.SknFK1WEQyXRCPVPnRPN.jpg,bad,0.71327,0.314406,0.995239,0.705011,0.274193,0.994143,0.701354,0.270967,0.993597,0.697123,0.268081,0.995861,0.702976,0.27508,0.994479,0.697302,0.272823,0.993827,0.692326,0.270909,0.995267,0.651107,0.264181,0.997334,0.652479,0.268551,0.993753,0.687769,0.337565,0.991585,0.682272,0.336973,0.99227,0.516093,0.346212,0.996642,0.577613,0.380664,0.998211,0.649036,0.526622,0.066812,0.763331,0.566394,0.933561,0.775921,0.58321,0.081612,0.937055,0.589518,0.894774,0.793762,0.594303,0.113197,0.991275,0.574217,0.844727,0.806047,0.587984,0.115408,0.976996,0.538768,0.844183,0.795851,0.597169,0.115937,0.951057,0.549081,0.797088,0.353184,0.734422,0.997161,0.339656,0.821436,0.997343,0.664184,0.734435,0.277458,0.707348,0.866276,0.851662,0.534893,0.89,0.121591,0.530104,0.932751,0.349086,0.486509,0.898833,0.151734,0.472936,0.919388,0.45365,0.576403,0.954517,0.171987,0.568628,0.989619,0.388916
posture(284)_jpg.rf.MtevtqKSWUKvaFp58M6h.jpg,bad,0.292961,0.280714,0.991486,0.304369,0.250363,0.99608,0.309778,0.252701,0.995571,0.315367,0.255254,0.996696,0.301321,0.240302,0.994335,0.30448,0.236635,0.993097,0.308131,0.233381,0.995347,0.355112,0.2605,0.993827,0.353851,0.230248,0.997041,0.322148,0.308383,0.992201,0.318729,0.29776,0.994302,0.432699,0.430758,0.997193,0.47247,0.241687,0.996683,0.175363,0.524016,0.47341,0.333323,0.294363,0.085966,0.20457,0.38049,0.406872,0.227558,0.331292,0.356634,0.200859,0.356963,0.451395,0.181105,0.319686,0.464417,0.223975,0.343761,0.46138,0.195405,0.333804,0.494639,0.240905,0.352551,0.482052,0.23024,0.343836,0.468024,0.834837,0.643914,0.999619,0.843334,0.520559,0.999527,0.399541,0.681335,0.65145,0.502379,0.503529,0.051296,0.569447,0.827791,0.356192,0.637214,0.688463,0.09088,0.618495,0.840154,0.347842,0.67871,0.703296,0.150061,0.559419,0.893054,0.272712,0.616986,0.780143,0.122013
sipotion_1749660951608_leaning_forward_0_66_jpg.rf.Vps9XoWlghr6ntuPZJEq.jpg,bad,0.621646,0.224986,0.998495,0.609982,0.181183,0.998271,0.605662,0.178486,0.998169,0.600814,0.175883,0.998763,0.608191,0.182888,0.998362,0.603076,0.181482,0.998184,0.596987,0.179868,0.998668,0.547748,0.177489,0.999403,0.553157,0.182592,0.998652,0.599112,0.253257,0.997288,0.592562,0.252164,0.997541,0.401121,0.300442,0.998813,0.489041,0.312119,0.999383,0.54213,0.484496,0.039876,0.687681,0.517355,0.869734,0.688432,0.524436,0.052691,0.8506,0.542795,0.685672,0.710259,0.547404,0.077986,0.904578,0.537106,0.638084,0.726679,0.535404,0.07834,0.889603,0.505198,0.630803,0.715566,0.543089,0.077869,0.863389,0.513147,0.576379,0.254827,0.737233,0.997409,0.289451,0.792631,0.99769,0.563233,0.679206,0.109283,0.667584,0.793192,0.797652,0.485956,0.878298,0.056107,0.473017,0.926402,0.270764,0.438041,0.901263,0.077973,0.406291,0.923058,0.337797,0.557848,0.94377,0.090681,0.522906,1.004458,0.308716
sipotion_1749660958831_leaning_forward_0_89_jpg.rf.JN6W1WoiMq169pzQ4zuo.jpg,bad,0.756027,0.334322,0.998591,0.756527,0.294538,0.99839,0.75374,0.291895,0.998003,0.75028,0.289504,0.998665,0.754241,0.293606,0.99862,0.750307,0.290604,0.998347,0.745582,0.287836,0.998861,0.703102,0.279975,0.999115,0.706376,0.284848,0.998475,0.730103,0.353102,0.996921,0.726276,0.352442,0.997252,0.564102,0.37282,0.998173,0.623702,0.409836,0.999162,0.661458,0.557208,0.029798,0.78742,0.607389,0.863707,0.752751,0.626134,0.041891,0.860525,0.579689,0.613042,0.774519,0.638178,0.064429,0.894603,0.563651,0.550403,0.782233,0.627019,0.066002,0.88076,0.537389,0.545406,0.769802,0.628608,0.063371,0.861321,0.547122,0.519557,0.392426,0.748682,0.998628,0.379008,0.825738,0.998878,0.693006,0.758024,0.172943,0.751693,0.89896,0.878434,0.589765,0.947871,0.101346,0.571609,1.002394,0.454145,0.539714,0.961397,0.12925,0.511526,0.996031,0.479544,0.649447,1.029207,0.167272,0.6182,1.082114,0.468304
posture(222)_jpg.rf.4B7F1Yc6qhlP9Cahjm01.jpg,bad,0.539974,0.325004,0.994731,0.553219,0.29729,0.996022,0.556387,0.297386,0.995899,0.562386,0.295549,0.997065,0.551186,0.294533,0.994793,0.553085,0.292494,0.994791,0.555001,0.290839,0.996827,0.592275,0.299336,0.997358,0.58897,0.290046,0.998373,0.551879,0.350462,0.997954,0.547383,0.348939,0.996989,0.643829,0.438633,0.999196,0.637102,0.397653,0.998338,0.63126,0.635441,0.975883,0.591535,0.544521,0.169494,0.450719,0.681448,0.98769,0.463159,0.585058,0.356191,0.411141,0.69393,0.984055,0.457429,0.587947,0.382239,0.397676,0.670967,0.984082,0.437096,0.586158,0.394806,0.410554,0.662905,0.972211,0.44735,0.595192,0.388813,0.746269,0.709684,0.997731,0.741714,0.666223,0.994191,0.692338,0.844572,0.727728,0.726915,0.811463,0.231772,0.752857,0.934772,0.334333,0.787973,0.932122,0.120907,0.782193,0.947339,0.559824,0.811666,0.949882,0.296099,0.694497,0.950339,0.325223,0.741806,0.969088,0.198675
posture(250)_jpg.rf.MEAmxNCMKFfhJLI4WV3z.jpg,bad,0.510514,0.282253,0.999878,0.491723,0.246588,0.999866,0.487879,0.245238,0.999862,0.483394,0.244028,0.999902,0.48584,0.246834,0.999855,0.478618,0.245712,0.999802,0.470087,0.244548,0.999828,0.428924,0.252776,0.99994,0.412908,0.253968,0.999868,0.494018,0.317364,0.999858,0.484065,0.316432,0.999902,0.390779,0.395863,0.999948,0.320176,0.437519,0.999912,0.427587,0.613089,0.394129,0.355156,0.74438,0.981086,0.593846,0.682654,0.579311,0.598826,0.721845,0.947237,0.649821,0.699289,0.587222,0.660363,0.737041,0.912539,0.65182,0.68141,0.596817,0.660931,0.704634,0.917701,0.622379,0.673299,0.569404,0.634352,0.699043,0.906154,0.412619,0.784559,0.998106,0.379274,0.854646,0.997325,0.835585,0.783561,0.306207,0.862816,0.931552,0.790398,0.737707,1.043996,0.066403,0.720663,1.093085,0.228819,0.679596,1.073833,0.103278,0.653165,1.107628,0.40979,0.815277,1.143502,0.064408,0.785008,1.174551,0.227773
posture(140)_jpg.rf.aQLRQz5pseYbqZfRHakK.jpg,bad,0.554603,0.351148,0.9888,0.571018,0.335481,0.99043,0.576179,0.335914,0.990727,0.583638,0.336798,0.991922,0.56494,0.333443,0.98467,0.565555,0.332507,0.98171,0.566425,0.331503,0.987128,0.61858,0.347564,0.992882,0.595387,0.339492,0.988689,0.565079,0.37087,0.993975,0.557105,0.366248,0.988321,0.616714,0.430912,0.999292,0.60945,0.393077,0.998885,0.421731,0.469212,0.97395,0.52408,0.478672,0.097119,0.242019,0.495553,0.855756,0.448143,0.500889,0.065429,0.186847,0.498369,0.811919,0.440228,0.508418,0.099176,0.178635,0.489311,0.824935,0.437736,0.494525,0.10441,0.208894,0.468357,0.78854,0.440904,0.496745,0.108841,0.491736,0.654305,0.991517,0.467894,0.607667,0.989219,0.405913,0.793954,0.469409,0.251269,0.686277,0.476417,0.453565,0.947878,0.360803,0.196409,0.852433,0.235927,0.471758,0.967391,0.41966,0.213131,0.876791,0.200083,0.438908,1.010105,0.28612,0.14063,0.92271,0.128564
sipotion_1749660943167_leaning_forward_0_48_jpg.rf.jDKYMngyO5vTab16pn6O.jpg,bad,0.379349,0.436106,0.998741,0.376571,0.409336,0.99927,0.378252,0.407471,0.999081,0.379977,0.405665,0.99943,0.379024,0.409839,0.999093,0.382395,0.408255,0.998733,0.387543,0.405572,0.999207,0.410615,0.400789,0.999044,0.421528,0.39846,0.99933,0.401286,0.454408,0.999386,0.404136,0.455327,0.999388,0.452358,0.493968,0.999733,0.554779,0.479666,0.999229,0.284017,0.629068,0.936631,0.473434,0.635653,0.05959,0.212431,0.601983,0.759887,0.357438,0.680772,0.107154,0.193022,0.592493,0.722304,0.336962,0.688079,0.153035,0.208661,0.578164,0.721696,0.328527,0.68188,0.164152,0.221968,0.584344,0.703857,0.338617,0.680399,0.163783,0.643361,0.893286,0.99945,0.672746,0.833622,0.998829,0.353356,0.944296,0.801976,0.430095,0.774952,0.193994,0.408221,1.033924,0.127272,0.432603,0.947299,0.072404,0.441612,1.049293,0.144427,0.460345,0.980528,0.161569,0.326695,1.039293,0.108938,0.347195,0.979505,0.11511
sipotion_1749660960259_leaning_forward_0_93_jpg.rf.dTiqxAU2N9Owmh4sjyYr.jpg,bad,0.744909,0.365532,0.997922,0.748302,0.32583,0.997558,0.745694,0.323336,0.997487,0.742088,0.320883,0.998272,0.744281,0.323642,0.997438,0.739627,0.320308,0.997104,0.734575,0.317528,0.997888,0.696491,0.312087,0.998994,0.695722,0.314251,0.997389,0.718192,0.385538,0.995896,0.712715,0.382636,0.995613,0.557799,0.393852,0.996737,0.612944,0.430307,0.9984,0.640537,0.57134,0.038516,0.763821,0.631513,0.911779,0.730927,0.641052,0.050354,0.859091,0.608477,0.747401,0.752138,0.649898,0.074898,0.897708,0.594306,0.700951,0.761622,0.639436,0.077099,0.884277,0.561244,0.697311,0.75048,0.640711,0.077593,0.864006,0.568926,0.664532,0.375485,0.72768,0.994885,0.36156,0.789834,0.996018,0.659706,0.78018,0.138318,0.688201,0.902663,0.911876,0.56878,0.985685,0.111212,0.553795,1.059406,0.65398,0.522785,1.002316,0.147801,0.501847,1.060963,0.637084,0.632018,1.070149,0.170222,0.614933,1.149936,0.616607
sipotion_1749660954336_leaning_forward_0_65_jpg.rf.ihctTwRddrkmkofupO7P.jpg,bad,0.651042,0.249289,0.998677,0.63678,0.21682,0.998379,0.632332,0.214873,0.998158,0.627675,0.212954,0.998838,0.636736,0.217231,0.998572,0.633162,0.216026,0.998379,0.629307,0.214765,0.99888,0.578934,0.217168,0.999411,0.591594,0.221435,0.998679,0.629256,0.277256,0.997292,0.627186,0.277848,0.997761,0.447889,0.33993,0.998524,0.535426,0.345435,0.999382,0.572752,0.486246,0.050361,0.729303,0.517878,0.928501,0.701388,0.553425,0.059842,0.880294,0.532136,0.787974,0.724022,0.551061,0.087396,0.928103,0.517736,0.731316,0.735264,0.539808,0.086308,0.91202,0.491367,0.725092,0.726699,0.547352,0.086862,0.888228,0.502644,0.681389,0.321978,0.757987,0.997932,0.339015,0.820225,0.998109,0.622177,0.72525,0.149544,0.709882,0.834385,0.822816,0.493962,0.901774,0.071446,0.483799,0.943702,0.359788,0.444074,0.917305,0.096068,0.414499,0.943611,0.42496,0.538824,0.962152,0.12295,0.527344,1.01208,0.403628
sipotion_1749660944688_leaning_forward_0_92_jpg.rf.Ko6BVF9WnwZxJpNZDoWU.jpg,bad,0.353912,0.447648,0.997497,0.347815,0.416987,0.99781,0.350287,0.414792,0.997624,0.352568,0.412402,0.998024,0.347128,0.416594,0.997794,0.349202,0.41437,0.997693,0.351206,0.412189,0.998378,0.382858,0.405057,0.997717,0.380305,0.402407,0.999083,0.377962,0.46412,0.99911,0.375744,0.463638,0.999134,0.446095,0.503702,0.998961,0.492068,0.463198,0.999163,0.282157,0.655652,0.976151,0.435439,0.599301,0.229642,0.091249,0.678521,0.962919,0.295837,0.633085,0.326491,0.017934,0.670016,0.948081,0.27052,0.625494,0.358574,0.030316,0.657178,0.946924,0.258396,0.624009,0.365094,0.040457,0.657903,0.932193,0.270818,0.63176,0.346508,0.649486,0.841771,0.998454,0.628558,0.786578,0.997393,0.355318,0.967933,0.921378,0.381788,0.800889,0.513084,0.458445,1.006763,0.176621,0.447386,0.951215,0.171669,0.495963,1.002241,0.230708,0.480517,0.971489,0.217871,0.40325,1.03548,0.171635,0.402285,0.996705,0.223145
sipotion_1749658568490_leaning_backward_0_44_jpg.rf.bVWSV7zhNqP3c1uXHsrX.jpg,good,0.556963,0.227014,0.999784,0.536002,0.196812,0.9996,0.533394,0.19568,0.999536,0.530412,0.194729,0.999687,0.529435,0.197194,0.999603,0.522227,0.196431,0.999508,0.514809,0.196076,0.99962,0.48916,0.207369,0.999727,0.472335,0.210448,0.999664,0.545713,0.257249,0.999719,0.536677,0.257954,0.999834,0.461763,0.371151,0.999842,0.43905,0.405797,0.999905,0.541733,0.577893,0.221402,0.534931,0.687189,0.965322,0.66344,0.716729,0.27432,0.682162,0.783606,0.885153,0.710517,0.748963,0.261759,0.724899,0.819694,0.835068,0.70953,0.74711,0.27112,0.726224,0.801486,0.844203,0.687991,0.733722,0.261084,0.713553,0.786195,0.83648,0.529926,0.782344,0.99768,0.519823,0.838454,0.99709,0.799431,0.827329,0.122924,0.865435,0.911817,0.726743,0.824421,0.999525,0.044457,0.845156,1.020697,0.122382,0.795825,1.034193,0.081261,0.807032,1.04006,0.205913,0.927623,1.041254,0.059535,0.940856,1.067297,0.15039
sipotion_1749660955828_leaning_forward_0_77_jpg.rf.t1ItY7MNOYDJd34u8hkv.jpg,bad,0.723014,0.299866,0.999028,0.711987,0.260619,0.999008,0.707652,0.258668,0.998886,0.702722,0.256697,0.999299,0.7117,0.261157,0.999055,0.707647,0.259916,0.998919,0.703051,0.258678,0.99926,0.658991,0.256948,0.999622,0.664783,0.260155,0.99916,0.698543,0.327332,0.998467,0.696648,0.327886,0.998637,0.513284,0.360571,0.998596,0.593276,0.377171,0.999462,0.655038,0.533563,0.062978,0.792903,0.568211,0.911817,0.775977,0.600714,0.060686,0.944719,0.663656,0.801393,0.794916,0.595939,0.085257,0.987082,0.667991,0.749508,0.808334,0.587508,0.08567,0.980113,0.636592,0.75069,0.801998,0.596528,0.089908,0.956727,0.638785,0.706541,0.358879,0.77115,0.998702,0.375491,0.835229,0.998715,0.655217,0.716451,0.180461,0.739857,0.803331,0.805142,0.544312,0.895779,0.094396,0.548048,0.938504,0.327923,0.496554,0.913212,0.132528,0.482478,0.939881,0.416574,0.597959,0.954117,0.143713,0.601914,1.004362,0.365525
posture(604)_jpg.rf.QICd5ghpDclUcGl6Pano.jpg,bad,0.385773,0.487483,0.997035,0.39173,0.460708,0.997534,0.39449,0.460336,0.99763,0.399948,0.45877,0.99838,0.391016,0.459707,0.997867,0.395889,0.457205,0.997729,0.399207,0.455797,0.998482,0.433884,0.459908,0.997326,0.432231,0.455013,0.999198,0.402805,0.505743,0.998208,0.401675,0.504815,0.997865,0.447631,0.578815,0.997665,0.537688,0.529034,0.99475,0.301408,0.681697,0.989791,0.479711,0.64787,0.030793,0.133922,0.683229,0.991172,0.365072,0.706227,0.053642,0.074389,0.681759,0.987548,0.348506,0.691051,0.080858,0.080729,0.660408,0.987029,0.337882,0.693789,0.081678,0.093715,0.664176,0.979893,0.341569,0.702957,0.086012,0.582076,0.84677,0.965003,0.648505,0.797667,0.900695,0.41693,0.776833,0.739275,0.454357,0.744529,0.094359,0.405083,0.924829,0.518553,0.459085,0.879253,0.071878,0.427409,0.963483,0.434102,0.481445,0.903778,0.140345,0.311668,0.898424,0.355183,0.391853,0.891409,0.122085
0c60817f7c51abb568167d5c48eb8a47 - Copy_jpg.rf.6Kj5TYeZ8bXQbm2FFtfb.jpg,bad,0.54464,0.391955,0.999827,0.551358,0.346832,0.999878,0.550831,0.34437,0.999892,0.549974,0.341328,0.999884,0.54345,0.34082,0.999819,0.53768,0.33411,0.999769,0.530787,0.325699,0.999729,0.516561,0.316226,0.999928,0.48838,0.295111,0.999876,0.520274,0.41163,0.999919,0.511794,0.404213,0.999923,0.414158,0.432559,0.999065,0.327327,0.393806,0.998718,0.391436,0.689401,0.405184,0.265636,0.763541,0.963293,0.536558,0.619391,0.631884,0.455438,0.653837,0.914086,0.574729,0.617874,0.616296,0.508307,0.662614,0.853019,0.592587,0.600909,0.617886,0.529783,0.602669,0.85218,0.568533,0.586871,0.587237,0.510309,0.595028,0.825941,0.253942,0.759224,0.862432,0.174014,0.820117,0.88804,0.52148,0.811728,0.403907,0.429995,0.946682,0.932329,0.392064,1.050565,0.109984,0.367436,1.24662,0.673969,0.347742,1.066539,0.137272,0.325552,1.253448,0.717265,0.418147,1.19302,0.098941,0.429362,1.424943,0.575184
posture(913)_jpg.rf.Rs1ZzTNUYWghChqDdUYw.jpg,good,0.391927,0.768666,0.994248,0.383818,0.752236,0.995202,0.385015,0.75064,0.996328,0.386491,0.749284,0.996223,0.384482,0.755054,0.99115,0.386271,0.755561,0.991737,0.38828,0.756173,0.99376,0.405908,0.742501,0.997227,0.406587,0.749326,0.997692,0.407845,0.766143,0.988681,0.408408,0.768214,0.993271,0.441951,0.744821,0.999952,0.50357,0.755085,0.998132,0.475225,0.673911,0.779112,0.60278,0.740665,0.005679,0.429614,0.711809,0.824752,0.666741,0.78158,0.030388,0.41206,0.719115,0.764674,0.680688,0.789802,0.036847,0.407101,0.723073,0.699573,0.684874,0.798516,0.035927,0.415919,0.722269,0.6113,0.678052,0.795627,0.041042,0.637675,0.698793,0.999967,0.662702,0.690354,0.999874,0.761767,0.55478,0.948366,0.724885,0.511874,0.171042,0.714483,0.390658,0.917437,0.689705,0.364235,0.320228,0.701712,0.376428,0.92953,0.675433,0.348132,0.367203,0.728577,0.321284,0.874637,0.707303,0.30411,0.371957
sipotion_1749658292929_good_posture_0_62_jpg.rf.AC6fl9UHrJSio0sdko2W.jpg,bad,0.63895,0.279941,0.999868,0.669696,0.267853,0.999816,0.675295,0.27133,0.999791,0.681705,0.275329,0.999841,0.661699,0.261591,0.999834,0.661831,0.260878,0.999803,0.662324,0.260231,0.999868,0.707039,0.312187,0.999761,0.682484,0.29207,0.999872,0.634799,0.31803,0.999866,0.626863,0.310608,0.999694,0.713048,0.477827,0.999124,0.593928,0.445167,0.998154,0.566141,0.678232,0.953113,0.461398,0.60877,0.170474,0.347364,0.640301,0.82804,0.345784,0.620647,0.137042,0.309485,0.635479,0.771341,0.315787,0.631596,0.160062,0.323195,0.60613,0.787001,0.326665,0.605173,0.16195,0.332363,0.604718,0.798493,0.332202,0.600793,0.17766,0.519869,0.810911,0.997726,0.46212,0.763197,0.997639,0.163483,0.744459,0.746072,0.140959,0.709263,0.208815,0.064068,0.968677,0.539546,0.071328,0.960243,0.078535,0.082758,1.012522,0.646932,0.094046,1.002302,0.131402,-0.065424,1.015227,0.511782,-0.049802,1.029842,0.084479
sipotion_1749658299486_leaning_backward_0_77_jpg.rf.BhB8n5uk1M4z3grnc0E3.jpg,bad,0.652339,0.297017,0.999448,0.682993,0.285177,0.99916,0.687871,0.288493,0.999023,0.693429,0.292316,0.999316,0.678806,0.281122,0.999253,0.679213,0.281357,0.999144,0.680396,0.281747,0.999497,0.715538,0.328763,0.998869,0.703205,0.316176,0.999587,0.644139,0.330895,0.999453,0.639886,0.325867,0.998929,0.702879,0.487527,0.99876,0.600212,0.457186,0.996683,0.556923,0.670756,0.929522,0.481572,0.604951,0.148087,0.348737,0.633792,0.77184,0.349668,0.611854,0.099281,0.306612,0.637291,0.723059,0.312016,0.618135,0.11193,0.315781,0.606992,0.732017,0.318125,0.59748,0.112938,0.331297,0.604418,0.747164,0.327258,0.594803,0.126187,0.515324,0.796608,0.998436,0.465623,0.752944,0.997961,0.209006,0.709075,0.742385,0.153242,0.70384,0.177329,0.037994,0.934546,0.608123,0.037579,0.919399,0.072744,0.044415,0.981489,0.679889,0.053039,0.959092,0.116484,-0.089586,0.963188,0.581414,-0.078414,0.963944,0.075168
posture(916)_jpg.rf.qYUy3b1eSyQkrQf1OPLb.jpg,good,0.41457,0.822592,0.999091,0.398602,0.804362,0.999457,0.398733,0.797775,0.999581,0.400174,0.795541,0.999595,0.398042,0.8068,0.999097,0.398828,0.806211,0.999002,0.399658,0.806153,0.999178,0.416203,0.776631,0.999404,0.414156,0.790569,0.999644,0.433675,0.814208,0.997924,0.429041,0.818892,0.998547,0.485746,0.778271,0.999879,0.513434,0.78869,0.998948,0.525376,0.69675,0.850504,0.621708,0.779647,0.011882,0.465717,0.72159,0.82542,0.684995,0.784372,0.020104,0.434089,0.723764,0.780829,0.695153,0.78369,0.026308,0.434999,0.723125,0.740754,0.699934,0.786084,0.026267,0.448499,0.725365,0.689669,0.696047,0.785982,0.032338,0.708495,0.709974,0.999913,0.712456,0.709456,0.999774,0.836896,0.586313,0.921145,0.792125,0.534817,0.127452,0.793938,0.451881,0.777704,0.76493,0.375204,0.174679,0.778187,0.442063,0.860485,0.749978,0.360141,0.274771,0.81312,0.393648,0.666667,0.793791,0.303099,0.192874
sipotion_1749660947461_leaning_forward_0_94_jpg.rf.Q7NnuTh01kARXphiXBHV.jpg,bad,0.300814,0.440367,0.999951,0.304972,0.408553,0.99997,0.309996,0.405565,0.999968,0.315887,0.402616,0.999975,0.300426,0.410101,0.999955,0.301754,0.408224,0.999934,0.303612,0.406466,0.999951,0.351547,0.399086,0.999965,0.336029,0.402513,0.999952,0.330508,0.459711,0.999968,0.323472,0.461539,0.999944,0.43296,0.499955,0.999902,0.425012,0.461506,0.999707,0.301981,0.642068,0.97673,0.385641,0.622029,0.162682,0.267987,0.555249,0.740117,0.328679,0.626285,0.149154,0.249205,0.539082,0.666676,0.310762,0.631122,0.202318,0.251151,0.535852,0.674969,0.321919,0.622807,0.201909,0.263181,0.546031,0.661585,0.339842,0.619021,0.210939,0.606487,0.811285,0.999002,0.536771,0.758213,0.998902,0.334103,0.961721,0.916511,0.310689,0.814631,0.369554,0.504619,0.973605,0.419506,0.369458,0.959149,0.150553,0.549132,0.955888,0.4408,0.430037,0.99929,0.234166,0.493569,1.029789,0.368737,0.356439,1.0623,0.192784
